[2026-05-15 08:28:40] local.ERROR: Please provide a valid cache path. {"exception":"[object] (InvalidArgumentException(code: 0): Please provide a valid cache path. at C:\\Users\\MyBook14F\\Downloads\\Appointment-Booking-System-master\\vendor\\laravel\\framework\\src\\Illuminate\\View\\Compilers\\Compiler.php:75)
[stacktrace]
#0 C:\\Users\\MyBook14F\\Downloads\\Appointment-Booking-System-master\\vendor\\laravel\\framework\\src\\Illuminate\\View\\ViewServiceProvider.php(97): Illuminate\\View\\Compilers\\Compiler->__construct(Object(Illuminate\\Filesystem\\Filesystem), false, '', true, 'php', true)
#1 C:\\Users\\MyBook14F\\Downloads\\Appointment-Booking-System-master\\vendor\\laravel\\framework\\src\\Illuminate\\Container\\Container.php(1010): Illuminate\\View\\ViewServiceProvider->Illuminate\\View\\{closure}(Object(Illuminate\\Foundation\\Application), Array)
#2 C:\\Users\\MyBook14F\\Downloads\\Appointment-Booking-System-master\\vendor\\laravel\\framework\\src\\Illuminate\\Container\\Container.php(890): Illuminate\\Container\\Container->build(Object(Closure))
#3 C:\\Users\\MyBook14F\\Downloads\\Appointment-Booking-System-master\\vendor\\laravel\\framework\\src\\Illuminate\\Foundation\\Application.php(1077): Illuminate\\Container\\Container->resolve('blade.compiler', Array, true)
#4 C:\\Users\\MyBook14F\\Downloads\\Appointment-Booking-System-master\\vendor\\laravel\\framework\\src\\Illuminate\\Container\\Container.php(821): Illuminate\\Foundation\\Application->resolve('blade.compiler', Array)
#5 C:\\Users\\MyBook14F\\Downloads\\Appointment-Booking-System-master\\vendor\\laravel\\framework\\src\\Illuminate\\Foundation\\Application.php(1057): Illuminate\\Container\\Container->make('blade.compiler', Array)
#6 C:\\Users\\MyBook14F\\Downloads\\Appointment-Booking-System-master\\vendor\\laravel\\framework\\src\\Illuminate\\View\\ViewServiceProvider.php(169): Illuminate\\Foundation\\Application->make('blade.compiler')
#7 [internal function]: Illuminate\\View\\ViewServiceProvider->Illuminate\\View\\{closure}()
#8 C:\\Users\\MyBook14F\\Downloads\\Appointment-Booking-System-master\\vendor\\laravel\\framework\\src\\Illuminate\\View\\Engines\\EngineResolver.php(55): call_user_func(Object(Closure))
#9 C:\\Users\\MyBook14F\\Downloads\\Appointment-Booking-System-master\\vendor\\laravel\\framework\\src\\Illuminate\\View\\Factory.php(325): Illuminate\\View\\Engines\\EngineResolver->resolve('blade')
#10 C:\\Users\\MyBook14F\\Downloads\\Appointment-Booking-System-master\\vendor\\laravel\\framework\\src\\Illuminate\\View\\Factory.php(287): Illuminate\\View\\Factory->getEngineFromPath('C:\\\\Users\\\\MyBook...')
#11 C:\\Users\\MyBook14F\\Downloads\\Appointment-Booking-System-master\\vendor\\laravel\\framework\\src\\Illuminate\\View\\Factory.php(159): Illuminate\\View\\Factory->viewInstance('homepage', 'C:\\\\Users\\\\MyBook...', Array)
#12 C:\\Users\\MyBook14F\\Downloads\\Appointment-Booking-System-master\\vendor\\laravel\\framework\\src\\Illuminate\\Foundation\\helpers.php(1101): Illuminate\\View\\Factory->make('homepage', Array, Array)
#13 C:\\Users\\MyBook14F\\Downloads\\Appointment-Booking-System-master\\routes\\web.php(32): view('homepage')
#14 C:\\Users\\MyBook14F\\Downloads\\Appointment-Booking-System-master\\vendor\\laravel\\framework\\src\\Illuminate\\Routing\\CallableDispatcher.php(39): Illuminate\\Routing\\RouteFileRegistrar->{closure}()
#15 C:\\Users\\MyBook14F\\Downloads\\Appointment-Booking-System-master\\vendor\\laravel\\framework\\src\\Illuminate\\Routing\\Route.php(243): Illuminate\\Routing\\CallableDispatcher->dispatch(Object(Illuminate\\Routing\\Route), Object(Closure))
#16 C:\\Users\\MyBook14F\\Downloads\\Appointment-Booking-System-master\\vendor\\laravel\\framework\\src\\Illuminate\\Routing\\Route.php(214): Illuminate\\Routing\\Route->runCallable()
#17 C:\\Users\\MyBook14F\\Downloads\\Appointment-Booking-System-master\\vendor\\laravel\\framework\\src\\Illuminate\\Routing\\Router.php(808): Illuminate\\Routing\\Route->run()
#18 C:\\Users\\MyBook14F\\Downloads\\Appointment-Booking-System-master\\vendor\\laravel\\framework\\src\\Illuminate\\Pipeline\\Pipeline.php(169): Illuminate\\Routing\\Router->Illuminate\\Routing\\{closure}(Object(Illuminate\\Http\\Request))
#19 C:\\Users\\MyBook14F\\Downloads\\Appointment-Booking-System-master\\vendor\\laravel\\framework\\src\\Illuminate\\Routing\\Middleware\\SubstituteBindings.php(50): Illuminate\\Pipeline\\Pipeline->Illuminate\\Pipeline\\{closure}(Object(Illuminate\\Http\\Request))
#20 C:\\Users\\MyBook14F\\Downloads\\Appointment-Booking-System-master\\vendor\\laravel\\framework\\src\\Illuminate\\Pipeline\\Pipeline.php(208): Illuminate\\Routing\\Middleware\\SubstituteBindings->handle(Object(Illuminate\\Http\\Request), Object(Closure))
#21 C:\\Users\\MyBook14F\\Downloads\\Appointment-Booking-System-master\\vendor\\laravel\\framework\\src\\Illuminate\\Foundation\\Http\\Middleware\\VerifyCsrfToken.php(87): Illuminate\\Pipeline\\Pipeline->Illuminate\\Pipeline\\{closure}(Object(Illuminate\\Http\\Request))
#22 C:\\Users\\MyBook14F\\Downloads\\Appointment-Booking-System-master\\vendor\\laravel\\framework\\src\\Illuminate\\Pipeline\\Pipeline.php(208): Illuminate\\Foundation\\Http\\Middleware\\VerifyCsrfToken->handle(Object(Illuminate\\Http\\Request), Object(Closure))
#23 C:\\Users\\MyBook14F\\Downloads\\Appointment-Booking-System-master\\vendor\\laravel\\framework\\src\\Illuminate\\View\\Middleware\\ShareErrorsFromSession.php(48): Illuminate\\Pipeline\\Pipeline->Illuminate\\Pipeline\\{closure}(Object(Illuminate\\Http\\Request))
#24 C:\\Users\\MyBook14F\\Downloads\\Appointment-Booking-System-master\\vendor\\laravel\\framework\\src\\Illuminate\\Pipeline\\Pipeline.php(208): Illuminate\\View\\Middleware\\ShareErrorsFromSession->handle(Object(Illuminate\\Http\\Request), Object(Closure))
#25 C:\\Users\\MyBook14F\\Downloads\\Appointment-Booking-System-master\\vendor\\laravel\\framework\\src\\Illuminate\\Session\\Middleware\\StartSession.php(120): Illuminate\\Pipeline\\Pipeline->Illuminate\\Pipeline\\{closure}(Object(Illuminate\\Http\\Request))
#26 C:\\Users\\MyBook14F\\Downloads\\Appointment-Booking-System-master\\vendor\\laravel\\framework\\src\\Illuminate\\Session\\Middleware\\StartSession.php(63): Illuminate\\Session\\Middleware\\StartSession->handleStatefulRequest(Object(Illuminate\\Http\\Request), Object(Illuminate\\Session\\Store), Object(Closure))
#27 C:\\Users\\MyBook14F\\Downloads\\Appointment-Booking-System-master\\vendor\\laravel\\framework\\src\\Illuminate\\Pipeline\\Pipeline.php(208): Illuminate\\Session\\Middleware\\StartSession->handle(Object(Illuminate\\Http\\Request), Object(Closure))
#28 C:\\Users\\MyBook14F\\Downloads\\Appointment-Booking-System-master\\vendor\\laravel\\framework\\src\\Illuminate\\Cookie\\Middleware\\AddQueuedCookiesToResponse.php(36): Illuminate\\Pipeline\\Pipeline->Illuminate\\Pipeline\\{closure}(Object(Illuminate\\Http\\Request))
#29 C:\\Users\\MyBook14F\\Downloads\\Appointment-Booking-System-master\\vendor\\laravel\\framework\\src\\Illuminate\\Pipeline\\Pipeline.php(208): Illuminate\\Cookie\\Middleware\\AddQueuedCookiesToResponse->handle(Object(Illuminate\\Http\\Request), Object(Closure))
#30 C:\\Users\\MyBook14F\\Downloads\\Appointment-Booking-System-master\\vendor\\laravel\\framework\\src\\Illuminate\\Cookie\\Middleware\\EncryptCookies.php(74): Illuminate\\Pipeline\\Pipeline->Illuminate\\Pipeline\\{closure}(Object(Illuminate\\Http\\Request))
#31 C:\\Users\\MyBook14F\\Downloads\\Appointment-Booking-System-master\\vendor\\laravel\\framework\\src\\Illuminate\\Pipeline\\Pipeline.php(208): Illuminate\\Cookie\\Middleware\\EncryptCookies->handle(Object(Illuminate\\Http\\Request), Object(Closure))
#32 C:\\Users\\MyBook14F\\Downloads\\Appointment-Booking-System-master\\vendor\\laravel\\framework\\src\\Illuminate\\Pipeline\\Pipeline.php(126): Illuminate\\Pipeline\\Pipeline->Illuminate\\Pipeline\\{closure}(Object(Illuminate\\Http\\Request))
#33 C:\\Users\\MyBook14F\\Downloads\\Appointment-Booking-System-master\\vendor\\laravel\\framework\\src\\Illuminate\\Routing\\Router.php(807): Illuminate\\Pipeline\\Pipeline->then(Object(Closure))
#34 C:\\Users\\MyBook14F\\Downloads\\Appointment-Booking-System-master\\vendor\\laravel\\framework\\src\\Illuminate\\Routing\\Router.php(786): Illuminate\\Routing\\Router->runRouteWithinStack(Object(Illuminate\\Routing\\Route), Object(Illuminate\\Http\\Request))
#35 C:\\Users\\MyBook14F\\Downloads\\Appointment-Booking-System-master\\vendor\\laravel\\framework\\src\\Illuminate\\Routing\\Router.php(750): Illuminate\\Routing\\Router->runRoute(Object(Illuminate\\Http\\Request), Object(Illuminate\\Routing\\Route))
#36 C:\\Users\\MyBook14F\\Downloads\\Appointment-Booking-System-master\\vendor\\laravel\\framework\\src\\Illuminate\\Routing\\Router.php(739): Illuminate\\Routing\\Router->dispatchToRoute(Object(Illuminate\\Http\\Request))
#37 C:\\Users\\MyBook14F\\Downloads\\Appointment-Booking-System-master\\vendor\\laravel\\framework\\src\\Illuminate\\Foundation\\Http\\Kernel.php(200): Illuminate\\Routing\\Router->dispatch(Object(Illuminate\\Http\\Request))
#38 C:\\Users\\MyBook14F\\Downloads\\Appointment-Booking-System-master\\vendor\\laravel\\framework\\src\\Illuminate\\Pipeline\\Pipeline.php(169): Illuminate\\Foundation\\Http\\Kernel->Illuminate\\Foundation\\Http\\{closure}(Object(Illuminate\\Http\\Request))
#39 C:\\Users\\MyBook14F\\Downloads\\Appointment-Booking-System-master\\vendor\\laravel\\framework\\src\\Illuminate\\Foundation\\Http\\Middleware\\TransformsRequest.php(21): Illuminate\\Pipeline\\Pipeline->Illuminate\\Pipeline\\{closure}(Object(Illuminate\\Http\\Request))
#40 C:\\Users\\MyBook14F\\Downloads\\Appointment-Booking-System-master\\vendor\\laravel\\framework\\src\\Illuminate\\Foundation\\Http\\Middleware\\ConvertEmptyStringsToNull.php(31): Illuminate\\Foundation\\Http\\Middleware\\TransformsRequest->handle(Object(Illuminate\\Http\\Request), Object(Closure))
#41 C:\\Users\\MyBook14F\\Downloads\\Appointment-Booking-System-master\\vendor\\laravel\\framework\\src\\Illuminate\\Pipeline\\Pipeline.php(208): Illuminate\\Foundation\\Http\\Middleware\\ConvertEmptyStringsToNull->handle(Object(Illuminate\\Http\\Request), Object(Closure))
#42 C:\\Users\\MyBook14F\\Downloads\\Appointment-Booking-System-master\\vendor\\laravel\\framework\\src\\Illuminate\\Foundation\\Http\\Middleware\\TransformsRequest.php(21): Illuminate\\Pipeline\\Pipeline->Illuminate\\Pipeline\\{closure}(Object(Illuminate\\Http\\Request))
#43 C:\\Users\\MyBook14F\\Downloads\\Appointment-Booking-System-master\\vendor\\laravel\\framework\\src\\Illuminate\\Foundation\\Http\\Middleware\\TrimStrings.php(51): Illuminate\\Foundation\\Http\\Middleware\\TransformsRequest->handle(Object(Illuminate\\Http\\Request), Object(Closure))
#44 C:\\Users\\MyBook14F\\Downloads\\Appointment-Booking-System-master\\vendor\\laravel\\framework\\src\\Illuminate\\Pipeline\\Pipeline.php(208): Illuminate\\Foundation\\Http\\Middleware\\TrimStrings->handle(Object(Illuminate\\Http\\Request), Object(Closure))
#45 C:\\Users\\MyBook14F\\Downloads\\Appointment-Booking-System-master\\vendor\\laravel\\framework\\src\\Illuminate\\Http\\Middleware\\ValidatePostSize.php(27): Illuminate\\Pipeline\\Pipeline->Illuminate\\Pipeline\\{closure}(Object(Illuminate\\Http\\Request))
#46 C:\\Users\\MyBook14F\\Downloads\\Appointment-Booking-System-master\\vendor\\laravel\\framework\\src\\Illuminate\\Pipeline\\Pipeline.php(208): Illuminate\\Http\\Middleware\\ValidatePostSize->handle(Object(Illuminate\\Http\\Request), Object(Closure))
#47 C:\\Users\\MyBook14F\\Downloads\\Appointment-Booking-System-master\\vendor\\laravel\\framework\\src\\Illuminate\\Foundation\\Http\\Middleware\\PreventRequestsDuringMaintenance.php(109): Illuminate\\Pipeline\\Pipeline->Illuminate\\Pipeline\\{closure}(Object(Illuminate\\Http\\Request))
#48 C:\\Users\\MyBook14F\\Downloads\\Appointment-Booking-System-master\\vendor\\laravel\\framework\\src\\Illuminate\\Pipeline\\Pipeline.php(208): Illuminate\\Foundation\\Http\\Middleware\\PreventRequestsDuringMaintenance->handle(Object(Illuminate\\Http\\Request), Object(Closure))
#49 C:\\Users\\MyBook14F\\Downloads\\Appointment-Booking-System-master\\vendor\\laravel\\framework\\src\\Illuminate\\Http\\Middleware\\HandleCors.php(48): Illuminate\\Pipeline\\Pipeline->Illuminate\\Pipeline\\{closure}(Object(Illuminate\\Http\\Request))
#50 C:\\Users\\MyBook14F\\Downloads\\Appointment-Booking-System-master\\vendor\\laravel\\framework\\src\\Illuminate\\Pipeline\\Pipeline.php(208): Illuminate\\Http\\Middleware\\HandleCors->handle(Object(Illuminate\\Http\\Request), Object(Closure))
#51 C:\\Users\\MyBook14F\\Downloads\\Appointment-Booking-System-master\\vendor\\laravel\\framework\\src\\Illuminate\\Http\\Middleware\\TrustProxies.php(58): Illuminate\\Pipeline\\Pipeline->Illuminate\\Pipeline\\{closure}(Object(Illuminate\\Http\\Request))
#52 C:\\Users\\MyBook14F\\Downloads\\Appointment-Booking-System-master\\vendor\\laravel\\framework\\src\\Illuminate\\Pipeline\\Pipeline.php(208): Illuminate\\Http\\Middleware\\TrustProxies->handle(Object(Illuminate\\Http\\Request), Object(Closure))
#53 C:\\Users\\MyBook14F\\Downloads\\Appointment-Booking-System-master\\vendor\\laravel\\framework\\src\\Illuminate\\Foundation\\Http\\Middleware\\InvokeDeferredCallbacks.php(22): Illuminate\\Pipeline\\Pipeline->Illuminate\\Pipeline\\{closure}(Object(Illuminate\\Http\\Request))
#54 C:\\Users\\MyBook14F\\Downloads\\Appointment-Booking-System-master\\vendor\\laravel\\framework\\src\\Illuminate\\Pipeline\\Pipeline.php(208): Illuminate\\Foundation\\Http\\Middleware\\InvokeDeferredCallbacks->handle(Object(Illuminate\\Http\\Request), Object(Closure))
#55 C:\\Users\\MyBook14F\\Downloads\\Appointment-Booking-System-master\\vendor\\laravel\\framework\\src\\Illuminate\\Http\\Middleware\\ValidatePathEncoding.php(26): Illuminate\\Pipeline\\Pipeline->Illuminate\\Pipeline\\{closure}(Object(Illuminate\\Http\\Request))
#56 C:\\Users\\MyBook14F\\Downloads\\Appointment-Booking-System-master\\vendor\\laravel\\framework\\src\\Illuminate\\Pipeline\\Pipeline.php(208): Illuminate\\Http\\Middleware\\ValidatePathEncoding->handle(Object(Illuminate\\Http\\Request), Object(Closure))
#57 C:\\Users\\MyBook14F\\Downloads\\Appointment-Booking-System-master\\vendor\\laravel\\framework\\src\\Illuminate\\Pipeline\\Pipeline.php(126): Illuminate\\Pipeline\\Pipeline->Illuminate\\Pipeline\\{closure}(Object(Illuminate\\Http\\Request))
#58 C:\\Users\\MyBook14F\\Downloads\\Appointment-Booking-System-master\\vendor\\laravel\\framework\\src\\Illuminate\\Foundation\\Http\\Kernel.php(175): Illuminate\\Pipeline\\Pipeline->then(Object(Closure))
#59 C:\\Users\\MyBook14F\\Downloads\\Appointment-Booking-System-master\\vendor\\laravel\\framework\\src\\Illuminate\\Foundation\\Http\\Kernel.php(144): Illuminate\\Foundation\\Http\\Kernel->sendRequestThroughRouter(Object(Illuminate\\Http\\Request))
#60 C:\\Users\\MyBook14F\\Downloads\\Appointment-Booking-System-master\\vendor\\laravel\\framework\\src\\Illuminate\\Foundation\\Application.php(1219): Illuminate\\Foundation\\Http\\Kernel->handle(Object(Illuminate\\Http\\Request))
#61 C:\\Users\\MyBook14F\\Downloads\\Appointment-Booking-System-master\\public\\index.php(20): Illuminate\\Foundation\\Application->handleRequest(Object(Illuminate\\Http\\Request))
#62 C:\\Users\\MyBook14F\\Downloads\\Appointment-Booking-System-master\\vendor\\laravel\\framework\\src\\Illuminate\\Foundation\\resources\\server.php(23): require_once('C:\\\\Users\\\\MyBook...')
#63 {main}
"} 
[2026-05-15 08:29:07] local.ERROR: Please provide a valid cache path. {"exception":"[object] (InvalidArgumentException(code: 0): Please provide a valid cache path. at C:\\Users\\MyBook14F\\Downloads\\Appointment-Booking-System-master\\vendor\\laravel\\framework\\src\\Illuminate\\View\\Compilers\\Compiler.php:75)
[stacktrace]
#0 C:\\Users\\MyBook14F\\Downloads\\Appointment-Booking-System-master\\vendor\\laravel\\framework\\src\\Illuminate\\View\\ViewServiceProvider.php(97): Illuminate\\View\\Compilers\\Compiler->__construct(Object(Illuminate\\Filesystem\\Filesystem), false, '', true, 'php', true)
#1 C:\\Users\\MyBook14F\\Downloads\\Appointment-Booking-System-master\\vendor\\laravel\\framework\\src\\Illuminate\\Container\\Container.php(1010): Illuminate\\View\\ViewServiceProvider->Illuminate\\View\\{closure}(Object(Illuminate\\Foundation\\Application), Array)
#2 C:\\Users\\MyBook14F\\Downloads\\Appointment-Booking-System-master\\vendor\\laravel\\framework\\src\\Illuminate\\Container\\Container.php(890): Illuminate\\Container\\Container->build(Object(Closure))
#3 C:\\Users\\MyBook14F\\Downloads\\Appointment-Booking-System-master\\vendor\\laravel\\framework\\src\\Illuminate\\Foundation\\Application.php(1077): Illuminate\\Container\\Container->resolve('blade.compiler', Array, true)
#4 C:\\Users\\MyBook14F\\Downloads\\Appointment-Booking-System-master\\vendor\\laravel\\framework\\src\\Illuminate\\Container\\Container.php(821): Illuminate\\Foundation\\Application->resolve('blade.compiler', Array)
#5 C:\\Users\\MyBook14F\\Downloads\\Appointment-Booking-System-master\\vendor\\laravel\\framework\\src\\Illuminate\\Foundation\\Application.php(1057): Illuminate\\Container\\Container->make('blade.compiler', Array)
#6 C:\\Users\\MyBook14F\\Downloads\\Appointment-Booking-System-master\\vendor\\laravel\\framework\\src\\Illuminate\\View\\ViewServiceProvider.php(169): Illuminate\\Foundation\\Application->make('blade.compiler')
#7 [internal function]: Illuminate\\View\\ViewServiceProvider->Illuminate\\View\\{closure}()
#8 C:\\Users\\MyBook14F\\Downloads\\Appointment-Booking-System-master\\vendor\\laravel\\framework\\src\\Illuminate\\View\\Engines\\EngineResolver.php(55): call_user_func(Object(Closure))
#9 C:\\Users\\MyBook14F\\Downloads\\Appointment-Booking-System-master\\vendor\\laravel\\framework\\src\\Illuminate\\View\\Factory.php(325): Illuminate\\View\\Engines\\EngineResolver->resolve('blade')
#10 C:\\Users\\MyBook14F\\Downloads\\Appointment-Booking-System-master\\vendor\\laravel\\framework\\src\\Illuminate\\View\\Factory.php(287): Illuminate\\View\\Factory->getEngineFromPath('C:\\\\Users\\\\MyBook...')
#11 C:\\Users\\MyBook14F\\Downloads\\Appointment-Booking-System-master\\vendor\\laravel\\framework\\src\\Illuminate\\View\\Factory.php(159): Illuminate\\View\\Factory->viewInstance('homepage', 'C:\\\\Users\\\\MyBook...', Array)
#12 C:\\Users\\MyBook14F\\Downloads\\Appointment-Booking-System-master\\vendor\\laravel\\framework\\src\\Illuminate\\Foundation\\helpers.php(1101): Illuminate\\View\\Factory->make('homepage', Array, Array)
#13 C:\\Users\\MyBook14F\\Downloads\\Appointment-Booking-System-master\\routes\\web.php(32): view('homepage')
#14 C:\\Users\\MyBook14F\\Downloads\\Appointment-Booking-System-master\\vendor\\laravel\\framework\\src\\Illuminate\\Routing\\CallableDispatcher.php(39): Illuminate\\Routing\\RouteFileRegistrar->{closure}()
#15 C:\\Users\\MyBook14F\\Downloads\\Appointment-Booking-System-master\\vendor\\laravel\\framework\\src\\Illuminate\\Routing\\Route.php(243): Illuminate\\Routing\\CallableDispatcher->dispatch(Object(Illuminate\\Routing\\Route), Object(Closure))
#16 C:\\Users\\MyBook14F\\Downloads\\Appointment-Booking-System-master\\vendor\\laravel\\framework\\src\\Illuminate\\Routing\\Route.php(214): Illuminate\\Routing\\Route->runCallable()
#17 C:\\Users\\MyBook14F\\Downloads\\Appointment-Booking-System-master\\vendor\\laravel\\framework\\src\\Illuminate\\Routing\\Router.php(808): Illuminate\\Routing\\Route->run()
#18 C:\\Users\\MyBook14F\\Downloads\\Appointment-Booking-System-master\\vendor\\laravel\\framework\\src\\Illuminate\\Pipeline\\Pipeline.php(169): Illuminate\\Routing\\Router->Illuminate\\Routing\\{closure}(Object(Illuminate\\Http\\Request))
#19 C:\\Users\\MyBook14F\\Downloads\\Appointment-Booking-System-master\\vendor\\laravel\\framework\\src\\Illuminate\\Routing\\Middleware\\SubstituteBindings.php(50): Illuminate\\Pipeline\\Pipeline->Illuminate\\Pipeline\\{closure}(Object(Illuminate\\Http\\Request))
#20 C:\\Users\\MyBook14F\\Downloads\\Appointment-Booking-System-master\\vendor\\laravel\\framework\\src\\Illuminate\\Pipeline\\Pipeline.php(208): Illuminate\\Routing\\Middleware\\SubstituteBindings->handle(Object(Illuminate\\Http\\Request), Object(Closure))
#21 C:\\Users\\MyBook14F\\Downloads\\Appointment-Booking-System-master\\vendor\\laravel\\framework\\src\\Illuminate\\Foundation\\Http\\Middleware\\VerifyCsrfToken.php(87): Illuminate\\Pipeline\\Pipeline->Illuminate\\Pipeline\\{closure}(Object(Illuminate\\Http\\Request))
#22 C:\\Users\\MyBook14F\\Downloads\\Appointment-Booking-System-master\\vendor\\laravel\\framework\\src\\Illuminate\\Pipeline\\Pipeline.php(208): Illuminate\\Foundation\\Http\\Middleware\\VerifyCsrfToken->handle(Object(Illuminate\\Http\\Request), Object(Closure))
#23 C:\\Users\\MyBook14F\\Downloads\\Appointment-Booking-System-master\\vendor\\laravel\\framework\\src\\Illuminate\\View\\Middleware\\ShareErrorsFromSession.php(48): Illuminate\\Pipeline\\Pipeline->Illuminate\\Pipeline\\{closure}(Object(Illuminate\\Http\\Request))
#24 C:\\Users\\MyBook14F\\Downloads\\Appointment-Booking-System-master\\vendor\\laravel\\framework\\src\\Illuminate\\Pipeline\\Pipeline.php(208): Illuminate\\View\\Middleware\\ShareErrorsFromSession->handle(Object(Illuminate\\Http\\Request), Object(Closure))
#25 C:\\Users\\MyBook14F\\Downloads\\Appointment-Booking-System-master\\vendor\\laravel\\framework\\src\\Illuminate\\Session\\Middleware\\StartSession.php(120): Illuminate\\Pipeline\\Pipeline->Illuminate\\Pipeline\\{closure}(Object(Illuminate\\Http\\Request))
#26 C:\\Users\\MyBook14F\\Downloads\\Appointment-Booking-System-master\\vendor\\laravel\\framework\\src\\Illuminate\\Session\\Middleware\\StartSession.php(63): Illuminate\\Session\\Middleware\\StartSession->handleStatefulRequest(Object(Illuminate\\Http\\Request), Object(Illuminate\\Session\\Store), Object(Closure))
#27 C:\\Users\\MyBook14F\\Downloads\\Appointment-Booking-System-master\\vendor\\laravel\\framework\\src\\Illuminate\\Pipeline\\Pipeline.php(208): Illuminate\\Session\\Middleware\\StartSession->handle(Object(Illuminate\\Http\\Request), Object(Closure))
#28 C:\\Users\\MyBook14F\\Downloads\\Appointment-Booking-System-master\\vendor\\laravel\\framework\\src\\Illuminate\\Cookie\\Middleware\\AddQueuedCookiesToResponse.php(36): Illuminate\\Pipeline\\Pipeline->Illuminate\\Pipeline\\{closure}(Object(Illuminate\\Http\\Request))
#29 C:\\Users\\MyBook14F\\Downloads\\Appointment-Booking-System-master\\vendor\\laravel\\framework\\src\\Illuminate\\Pipeline\\Pipeline.php(208): Illuminate\\Cookie\\Middleware\\AddQueuedCookiesToResponse->handle(Object(Illuminate\\Http\\Request), Object(Closure))
#30 C:\\Users\\MyBook14F\\Downloads\\Appointment-Booking-System-master\\vendor\\laravel\\framework\\src\\Illuminate\\Cookie\\Middleware\\EncryptCookies.php(74): Illuminate\\Pipeline\\Pipeline->Illuminate\\Pipeline\\{closure}(Object(Illuminate\\Http\\Request))
#31 C:\\Users\\MyBook14F\\Downloads\\Appointment-Booking-System-master\\vendor\\laravel\\framework\\src\\Illuminate\\Pipeline\\Pipeline.php(208): Illuminate\\Cookie\\Middleware\\EncryptCookies->handle(Object(Illuminate\\Http\\Request), Object(Closure))
#32 C:\\Users\\MyBook14F\\Downloads\\Appointment-Booking-System-master\\vendor\\laravel\\framework\\src\\Illuminate\\Pipeline\\Pipeline.php(126): Illuminate\\Pipeline\\Pipeline->Illuminate\\Pipeline\\{closure}(Object(Illuminate\\Http\\Request))
#33 C:\\Users\\MyBook14F\\Downloads\\Appointment-Booking-System-master\\vendor\\laravel\\framework\\src\\Illuminate\\Routing\\Router.php(807): Illuminate\\Pipeline\\Pipeline->then(Object(Closure))
#34 C:\\Users\\MyBook14F\\Downloads\\Appointment-Booking-System-master\\vendor\\laravel\\framework\\src\\Illuminate\\Routing\\Router.php(786): Illuminate\\Routing\\Router->runRouteWithinStack(Object(Illuminate\\Routing\\Route), Object(Illuminate\\Http\\Request))
#35 C:\\Users\\MyBook14F\\Downloads\\Appointment-Booking-System-master\\vendor\\laravel\\framework\\src\\Illuminate\\Routing\\Router.php(750): Illuminate\\Routing\\Router->runRoute(Object(Illuminate\\Http\\Request), Object(Illuminate\\Routing\\Route))
#36 C:\\Users\\MyBook14F\\Downloads\\Appointment-Booking-System-master\\vendor\\laravel\\framework\\src\\Illuminate\\Routing\\Router.php(739): Illuminate\\Routing\\Router->dispatchToRoute(Object(Illuminate\\Http\\Request))
#37 C:\\Users\\MyBook14F\\Downloads\\Appointment-Booking-System-master\\vendor\\laravel\\framework\\src\\Illuminate\\Foundation\\Http\\Kernel.php(200): Illuminate\\Routing\\Router->dispatch(Object(Illuminate\\Http\\Request))
#38 C:\\Users\\MyBook14F\\Downloads\\Appointment-Booking-System-master\\vendor\\laravel\\framework\\src\\Illuminate\\Pipeline\\Pipeline.php(169): Illuminate\\Foundation\\Http\\Kernel->Illuminate\\Foundation\\Http\\{closure}(Object(Illuminate\\Http\\Request))
#39 C:\\Users\\MyBook14F\\Downloads\\Appointment-Booking-System-master\\vendor\\laravel\\framework\\src\\Illuminate\\Foundation\\Http\\Middleware\\TransformsRequest.php(21): Illuminate\\Pipeline\\Pipeline->Illuminate\\Pipeline\\{closure}(Object(Illuminate\\Http\\Request))
#40 C:\\Users\\MyBook14F\\Downloads\\Appointment-Booking-System-master\\vendor\\laravel\\framework\\src\\Illuminate\\Foundation\\Http\\Middleware\\ConvertEmptyStringsToNull.php(31): Illuminate\\Foundation\\Http\\Middleware\\TransformsRequest->handle(Object(Illuminate\\Http\\Request), Object(Closure))
#41 C:\\Users\\MyBook14F\\Downloads\\Appointment-Booking-System-master\\vendor\\laravel\\framework\\src\\Illuminate\\Pipeline\\Pipeline.php(208): Illuminate\\Foundation\\Http\\Middleware\\ConvertEmptyStringsToNull->handle(Object(Illuminate\\Http\\Request), Object(Closure))
#42 C:\\Users\\MyBook14F\\Downloads\\Appointment-Booking-System-master\\vendor\\laravel\\framework\\src\\Illuminate\\Foundation\\Http\\Middleware\\TransformsRequest.php(21): Illuminate\\Pipeline\\Pipeline->Illuminate\\Pipeline\\{closure}(Object(Illuminate\\Http\\Request))
#43 C:\\Users\\MyBook14F\\Downloads\\Appointment-Booking-System-master\\vendor\\laravel\\framework\\src\\Illuminate\\Foundation\\Http\\Middleware\\TrimStrings.php(51): Illuminate\\Foundation\\Http\\Middleware\\TransformsRequest->handle(Object(Illuminate\\Http\\Request), Object(Closure))
#44 C:\\Users\\MyBook14F\\Downloads\\Appointment-Booking-System-master\\vendor\\laravel\\framework\\src\\Illuminate\\Pipeline\\Pipeline.php(208): Illuminate\\Foundation\\Http\\Middleware\\TrimStrings->handle(Object(Illuminate\\Http\\Request), Object(Closure))
#45 C:\\Users\\MyBook14F\\Downloads\\Appointment-Booking-System-master\\vendor\\laravel\\framework\\src\\Illuminate\\Http\\Middleware\\ValidatePostSize.php(27): Illuminate\\Pipeline\\Pipeline->Illuminate\\Pipeline\\{closure}(Object(Illuminate\\Http\\Request))
#46 C:\\Users\\MyBook14F\\Downloads\\Appointment-Booking-System-master\\vendor\\laravel\\framework\\src\\Illuminate\\Pipeline\\Pipeline.php(208): Illuminate\\Http\\Middleware\\ValidatePostSize->handle(Object(Illuminate\\Http\\Request), Object(Closure))
#47 C:\\Users\\MyBook14F\\Downloads\\Appointment-Booking-System-master\\vendor\\laravel\\framework\\src\\Illuminate\\Foundation\\Http\\Middleware\\PreventRequestsDuringMaintenance.php(109): Illuminate\\Pipeline\\Pipeline->Illuminate\\Pipeline\\{closure}(Object(Illuminate\\Http\\Request))
#48 C:\\Users\\MyBook14F\\Downloads\\Appointment-Booking-System-master\\vendor\\laravel\\framework\\src\\Illuminate\\Pipeline\\Pipeline.php(208): Illuminate\\Foundation\\Http\\Middleware\\PreventRequestsDuringMaintenance->handle(Object(Illuminate\\Http\\Request), Object(Closure))
#49 C:\\Users\\MyBook14F\\Downloads\\Appointment-Booking-System-master\\vendor\\laravel\\framework\\src\\Illuminate\\Http\\Middleware\\HandleCors.php(48): Illuminate\\Pipeline\\Pipeline->Illuminate\\Pipeline\\{closure}(Object(Illuminate\\Http\\Request))
#50 C:\\Users\\MyBook14F\\Downloads\\Appointment-Booking-System-master\\vendor\\laravel\\framework\\src\\Illuminate\\Pipeline\\Pipeline.php(208): Illuminate\\Http\\Middleware\\HandleCors->handle(Object(Illuminate\\Http\\Request), Object(Closure))
#51 C:\\Users\\MyBook14F\\Downloads\\Appointment-Booking-System-master\\vendor\\laravel\\framework\\src\\Illuminate\\Http\\Middleware\\TrustProxies.php(58): Illuminate\\Pipeline\\Pipeline->Illuminate\\Pipeline\\{closure}(Object(Illuminate\\Http\\Request))
#52 C:\\Users\\MyBook14F\\Downloads\\Appointment-Booking-System-master\\vendor\\laravel\\framework\\src\\Illuminate\\Pipeline\\Pipeline.php(208): Illuminate\\Http\\Middleware\\TrustProxies->handle(Object(Illuminate\\Http\\Request), Object(Closure))
#53 C:\\Users\\MyBook14F\\Downloads\\Appointment-Booking-System-master\\vendor\\laravel\\framework\\src\\Illuminate\\Foundation\\Http\\Middleware\\InvokeDeferredCallbacks.php(22): Illuminate\\Pipeline\\Pipeline->Illuminate\\Pipeline\\{closure}(Object(Illuminate\\Http\\Request))
#54 C:\\Users\\MyBook14F\\Downloads\\Appointment-Booking-System-master\\vendor\\laravel\\framework\\src\\Illuminate\\Pipeline\\Pipeline.php(208): Illuminate\\Foundation\\Http\\Middleware\\InvokeDeferredCallbacks->handle(Object(Illuminate\\Http\\Request), Object(Closure))
#55 C:\\Users\\MyBook14F\\Downloads\\Appointment-Booking-System-master\\vendor\\laravel\\framework\\src\\Illuminate\\Http\\Middleware\\ValidatePathEncoding.php(26): Illuminate\\Pipeline\\Pipeline->Illuminate\\Pipeline\\{closure}(Object(Illuminate\\Http\\Request))
#56 C:\\Users\\MyBook14F\\Downloads\\Appointment-Booking-System-master\\vendor\\laravel\\framework\\src\\Illuminate\\Pipeline\\Pipeline.php(208): Illuminate\\Http\\Middleware\\ValidatePathEncoding->handle(Object(Illuminate\\Http\\Request), Object(Closure))
#57 C:\\Users\\MyBook14F\\Downloads\\Appointment-Booking-System-master\\vendor\\laravel\\framework\\src\\Illuminate\\Pipeline\\Pipeline.php(126): Illuminate\\Pipeline\\Pipeline->Illuminate\\Pipeline\\{closure}(Object(Illuminate\\Http\\Request))
#58 C:\\Users\\MyBook14F\\Downloads\\Appointment-Booking-System-master\\vendor\\laravel\\framework\\src\\Illuminate\\Foundation\\Http\\Kernel.php(175): Illuminate\\Pipeline\\Pipeline->then(Object(Closure))
#59 C:\\Users\\MyBook14F\\Downloads\\Appointment-Booking-System-master\\vendor\\laravel\\framework\\src\\Illuminate\\Foundation\\Http\\Kernel.php(144): Illuminate\\Foundation\\Http\\Kernel->sendRequestThroughRouter(Object(Illuminate\\Http\\Request))
#60 C:\\Users\\MyBook14F\\Downloads\\Appointment-Booking-System-master\\vendor\\laravel\\framework\\src\\Illuminate\\Foundation\\Application.php(1219): Illuminate\\Foundation\\Http\\Kernel->handle(Object(Illuminate\\Http\\Request))
#61 C:\\Users\\MyBook14F\\Downloads\\Appointment-Booking-System-master\\public\\index.php(20): Illuminate\\Foundation\\Application->handleRequest(Object(Illuminate\\Http\\Request))
#62 C:\\Users\\MyBook14F\\Downloads\\Appointment-Booking-System-master\\vendor\\laravel\\framework\\src\\Illuminate\\Foundation\\resources\\server.php(23): require_once('C:\\\\Users\\\\MyBook...')
#63 {main}
"} 
[2026-05-15 08:29:09] local.ERROR: Please provide a valid cache path. {"exception":"[object] (InvalidArgumentException(code: 0): Please provide a valid cache path. at C:\\Users\\MyBook14F\\Downloads\\Appointment-Booking-System-master\\vendor\\laravel\\framework\\src\\Illuminate\\View\\Compilers\\Compiler.php:75)
[stacktrace]
#0 C:\\Users\\MyBook14F\\Downloads\\Appointment-Booking-System-master\\vendor\\laravel\\framework\\src\\Illuminate\\View\\ViewServiceProvider.php(97): Illuminate\\View\\Compilers\\Compiler->__construct(Object(Illuminate\\Filesystem\\Filesystem), false, '', true, 'php', true)
#1 C:\\Users\\MyBook14F\\Downloads\\Appointment-Booking-System-master\\vendor\\laravel\\framework\\src\\Illuminate\\Container\\Container.php(1010): Illuminate\\View\\ViewServiceProvider->Illuminate\\View\\{closure}(Object(Illuminate\\Foundation\\Application), Array)
#2 C:\\Users\\MyBook14F\\Downloads\\Appointment-Booking-System-master\\vendor\\laravel\\framework\\src\\Illuminate\\Container\\Container.php(890): Illuminate\\Container\\Container->build(Object(Closure))
#3 C:\\Users\\MyBook14F\\Downloads\\Appointment-Booking-System-master\\vendor\\laravel\\framework\\src\\Illuminate\\Foundation\\Application.php(1077): Illuminate\\Container\\Container->resolve('blade.compiler', Array, true)
#4 C:\\Users\\MyBook14F\\Downloads\\Appointment-Booking-System-master\\vendor\\laravel\\framework\\src\\Illuminate\\Container\\Container.php(821): Illuminate\\Foundation\\Application->resolve('blade.compiler', Array)
#5 C:\\Users\\MyBook14F\\Downloads\\Appointment-Booking-System-master\\vendor\\laravel\\framework\\src\\Illuminate\\Foundation\\Application.php(1057): Illuminate\\Container\\Container->make('blade.compiler', Array)
#6 C:\\Users\\MyBook14F\\Downloads\\Appointment-Booking-System-master\\vendor\\laravel\\framework\\src\\Illuminate\\View\\ViewServiceProvider.php(169): Illuminate\\Foundation\\Application->make('blade.compiler')
#7 [internal function]: Illuminate\\View\\ViewServiceProvider->Illuminate\\View\\{closure}()
#8 C:\\Users\\MyBook14F\\Downloads\\Appointment-Booking-System-master\\vendor\\laravel\\framework\\src\\Illuminate\\View\\Engines\\EngineResolver.php(55): call_user_func(Object(Closure))
#9 C:\\Users\\MyBook14F\\Downloads\\Appointment-Booking-System-master\\vendor\\laravel\\framework\\src\\Illuminate\\View\\Factory.php(325): Illuminate\\View\\Engines\\EngineResolver->resolve('blade')
#10 C:\\Users\\MyBook14F\\Downloads\\Appointment-Booking-System-master\\vendor\\laravel\\framework\\src\\Illuminate\\View\\Factory.php(287): Illuminate\\View\\Factory->getEngineFromPath('C:\\\\Users\\\\MyBook...')
#11 C:\\Users\\MyBook14F\\Downloads\\Appointment-Booking-System-master\\vendor\\laravel\\framework\\src\\Illuminate\\View\\Factory.php(159): Illuminate\\View\\Factory->viewInstance('homepage', 'C:\\\\Users\\\\MyBook...', Array)
#12 C:\\Users\\MyBook14F\\Downloads\\Appointment-Booking-System-master\\vendor\\laravel\\framework\\src\\Illuminate\\Foundation\\helpers.php(1101): Illuminate\\View\\Factory->make('homepage', Array, Array)
#13 C:\\Users\\MyBook14F\\Downloads\\Appointment-Booking-System-master\\routes\\web.php(32): view('homepage')
#14 C:\\Users\\MyBook14F\\Downloads\\Appointment-Booking-System-master\\vendor\\laravel\\framework\\src\\Illuminate\\Routing\\CallableDispatcher.php(39): Illuminate\\Routing\\RouteFileRegistrar->{closure}()
#15 C:\\Users\\MyBook14F\\Downloads\\Appointment-Booking-System-master\\vendor\\laravel\\framework\\src\\Illuminate\\Routing\\Route.php(243): Illuminate\\Routing\\CallableDispatcher->dispatch(Object(Illuminate\\Routing\\Route), Object(Closure))
#16 C:\\Users\\MyBook14F\\Downloads\\Appointment-Booking-System-master\\vendor\\laravel\\framework\\src\\Illuminate\\Routing\\Route.php(214): Illuminate\\Routing\\Route->runCallable()
#17 C:\\Users\\MyBook14F\\Downloads\\Appointment-Booking-System-master\\vendor\\laravel\\framework\\src\\Illuminate\\Routing\\Router.php(808): Illuminate\\Routing\\Route->run()
#18 C:\\Users\\MyBook14F\\Downloads\\Appointment-Booking-System-master\\vendor\\laravel\\framework\\src\\Illuminate\\Pipeline\\Pipeline.php(169): Illuminate\\Routing\\Router->Illuminate\\Routing\\{closure}(Object(Illuminate\\Http\\Request))
#19 C:\\Users\\MyBook14F\\Downloads\\Appointment-Booking-System-master\\vendor\\laravel\\framework\\src\\Illuminate\\Routing\\Middleware\\SubstituteBindings.php(50): Illuminate\\Pipeline\\Pipeline->Illuminate\\Pipeline\\{closure}(Object(Illuminate\\Http\\Request))
#20 C:\\Users\\MyBook14F\\Downloads\\Appointment-Booking-System-master\\vendor\\laravel\\framework\\src\\Illuminate\\Pipeline\\Pipeline.php(208): Illuminate\\Routing\\Middleware\\SubstituteBindings->handle(Object(Illuminate\\Http\\Request), Object(Closure))
#21 C:\\Users\\MyBook14F\\Downloads\\Appointment-Booking-System-master\\vendor\\laravel\\framework\\src\\Illuminate\\Foundation\\Http\\Middleware\\VerifyCsrfToken.php(87): Illuminate\\Pipeline\\Pipeline->Illuminate\\Pipeline\\{closure}(Object(Illuminate\\Http\\Request))
#22 C:\\Users\\MyBook14F\\Downloads\\Appointment-Booking-System-master\\vendor\\laravel\\framework\\src\\Illuminate\\Pipeline\\Pipeline.php(208): Illuminate\\Foundation\\Http\\Middleware\\VerifyCsrfToken->handle(Object(Illuminate\\Http\\Request), Object(Closure))
#23 C:\\Users\\MyBook14F\\Downloads\\Appointment-Booking-System-master\\vendor\\laravel\\framework\\src\\Illuminate\\View\\Middleware\\ShareErrorsFromSession.php(48): Illuminate\\Pipeline\\Pipeline->Illuminate\\Pipeline\\{closure}(Object(Illuminate\\Http\\Request))
#24 C:\\Users\\MyBook14F\\Downloads\\Appointment-Booking-System-master\\vendor\\laravel\\framework\\src\\Illuminate\\Pipeline\\Pipeline.php(208): Illuminate\\View\\Middleware\\ShareErrorsFromSession->handle(Object(Illuminate\\Http\\Request), Object(Closure))
#25 C:\\Users\\MyBook14F\\Downloads\\Appointment-Booking-System-master\\vendor\\laravel\\framework\\src\\Illuminate\\Session\\Middleware\\StartSession.php(120): Illuminate\\Pipeline\\Pipeline->Illuminate\\Pipeline\\{closure}(Object(Illuminate\\Http\\Request))
#26 C:\\Users\\MyBook14F\\Downloads\\Appointment-Booking-System-master\\vendor\\laravel\\framework\\src\\Illuminate\\Session\\Middleware\\StartSession.php(63): Illuminate\\Session\\Middleware\\StartSession->handleStatefulRequest(Object(Illuminate\\Http\\Request), Object(Illuminate\\Session\\Store), Object(Closure))
#27 C:\\Users\\MyBook14F\\Downloads\\Appointment-Booking-System-master\\vendor\\laravel\\framework\\src\\Illuminate\\Pipeline\\Pipeline.php(208): Illuminate\\Session\\Middleware\\StartSession->handle(Object(Illuminate\\Http\\Request), Object(Closure))
#28 C:\\Users\\MyBook14F\\Downloads\\Appointment-Booking-System-master\\vendor\\laravel\\framework\\src\\Illuminate\\Cookie\\Middleware\\AddQueuedCookiesToResponse.php(36): Illuminate\\Pipeline\\Pipeline->Illuminate\\Pipeline\\{closure}(Object(Illuminate\\Http\\Request))
#29 C:\\Users\\MyBook14F\\Downloads\\Appointment-Booking-System-master\\vendor\\laravel\\framework\\src\\Illuminate\\Pipeline\\Pipeline.php(208): Illuminate\\Cookie\\Middleware\\AddQueuedCookiesToResponse->handle(Object(Illuminate\\Http\\Request), Object(Closure))
#30 C:\\Users\\MyBook14F\\Downloads\\Appointment-Booking-System-master\\vendor\\laravel\\framework\\src\\Illuminate\\Cookie\\Middleware\\EncryptCookies.php(74): Illuminate\\Pipeline\\Pipeline->Illuminate\\Pipeline\\{closure}(Object(Illuminate\\Http\\Request))
#31 C:\\Users\\MyBook14F\\Downloads\\Appointment-Booking-System-master\\vendor\\laravel\\framework\\src\\Illuminate\\Pipeline\\Pipeline.php(208): Illuminate\\Cookie\\Middleware\\EncryptCookies->handle(Object(Illuminate\\Http\\Request), Object(Closure))
#32 C:\\Users\\MyBook14F\\Downloads\\Appointment-Booking-System-master\\vendor\\laravel\\framework\\src\\Illuminate\\Pipeline\\Pipeline.php(126): Illuminate\\Pipeline\\Pipeline->Illuminate\\Pipeline\\{closure}(Object(Illuminate\\Http\\Request))
#33 C:\\Users\\MyBook14F\\Downloads\\Appointment-Booking-System-master\\vendor\\laravel\\framework\\src\\Illuminate\\Routing\\Router.php(807): Illuminate\\Pipeline\\Pipeline->then(Object(Closure))
#34 C:\\Users\\MyBook14F\\Downloads\\Appointment-Booking-System-master\\vendor\\laravel\\framework\\src\\Illuminate\\Routing\\Router.php(786): Illuminate\\Routing\\Router->runRouteWithinStack(Object(Illuminate\\Routing\\Route), Object(Illuminate\\Http\\Request))
#35 C:\\Users\\MyBook14F\\Downloads\\Appointment-Booking-System-master\\vendor\\laravel\\framework\\src\\Illuminate\\Routing\\Router.php(750): Illuminate\\Routing\\Router->runRoute(Object(Illuminate\\Http\\Request), Object(Illuminate\\Routing\\Route))
#36 C:\\Users\\MyBook14F\\Downloads\\Appointment-Booking-System-master\\vendor\\laravel\\framework\\src\\Illuminate\\Routing\\Router.php(739): Illuminate\\Routing\\Router->dispatchToRoute(Object(Illuminate\\Http\\Request))
#37 C:\\Users\\MyBook14F\\Downloads\\Appointment-Booking-System-master\\vendor\\laravel\\framework\\src\\Illuminate\\Foundation\\Http\\Kernel.php(200): Illuminate\\Routing\\Router->dispatch(Object(Illuminate\\Http\\Request))
#38 C:\\Users\\MyBook14F\\Downloads\\Appointment-Booking-System-master\\vendor\\laravel\\framework\\src\\Illuminate\\Pipeline\\Pipeline.php(169): Illuminate\\Foundation\\Http\\Kernel->Illuminate\\Foundation\\Http\\{closure}(Object(Illuminate\\Http\\Request))
#39 C:\\Users\\MyBook14F\\Downloads\\Appointment-Booking-System-master\\vendor\\laravel\\framework\\src\\Illuminate\\Foundation\\Http\\Middleware\\TransformsRequest.php(21): Illuminate\\Pipeline\\Pipeline->Illuminate\\Pipeline\\{closure}(Object(Illuminate\\Http\\Request))
#40 C:\\Users\\MyBook14F\\Downloads\\Appointment-Booking-System-master\\vendor\\laravel\\framework\\src\\Illuminate\\Foundation\\Http\\Middleware\\ConvertEmptyStringsToNull.php(31): Illuminate\\Foundation\\Http\\Middleware\\TransformsRequest->handle(Object(Illuminate\\Http\\Request), Object(Closure))
#41 C:\\Users\\MyBook14F\\Downloads\\Appointment-Booking-System-master\\vendor\\laravel\\framework\\src\\Illuminate\\Pipeline\\Pipeline.php(208): Illuminate\\Foundation\\Http\\Middleware\\ConvertEmptyStringsToNull->handle(Object(Illuminate\\Http\\Request), Object(Closure))
#42 C:\\Users\\MyBook14F\\Downloads\\Appointment-Booking-System-master\\vendor\\laravel\\framework\\src\\Illuminate\\Foundation\\Http\\Middleware\\TransformsRequest.php(21): Illuminate\\Pipeline\\Pipeline->Illuminate\\Pipeline\\{closure}(Object(Illuminate\\Http\\Request))
#43 C:\\Users\\MyBook14F\\Downloads\\Appointment-Booking-System-master\\vendor\\laravel\\framework\\src\\Illuminate\\Foundation\\Http\\Middleware\\TrimStrings.php(51): Illuminate\\Foundation\\Http\\Middleware\\TransformsRequest->handle(Object(Illuminate\\Http\\Request), Object(Closure))
#44 C:\\Users\\MyBook14F\\Downloads\\Appointment-Booking-System-master\\vendor\\laravel\\framework\\src\\Illuminate\\Pipeline\\Pipeline.php(208): Illuminate\\Foundation\\Http\\Middleware\\TrimStrings->handle(Object(Illuminate\\Http\\Request), Object(Closure))
#45 C:\\Users\\MyBook14F\\Downloads\\Appointment-Booking-System-master\\vendor\\laravel\\framework\\src\\Illuminate\\Http\\Middleware\\ValidatePostSize.php(27): Illuminate\\Pipeline\\Pipeline->Illuminate\\Pipeline\\{closure}(Object(Illuminate\\Http\\Request))
#46 C:\\Users\\MyBook14F\\Downloads\\Appointment-Booking-System-master\\vendor\\laravel\\framework\\src\\Illuminate\\Pipeline\\Pipeline.php(208): Illuminate\\Http\\Middleware\\ValidatePostSize->handle(Object(Illuminate\\Http\\Request), Object(Closure))
#47 C:\\Users\\MyBook14F\\Downloads\\Appointment-Booking-System-master\\vendor\\laravel\\framework\\src\\Illuminate\\Foundation\\Http\\Middleware\\PreventRequestsDuringMaintenance.php(109): Illuminate\\Pipeline\\Pipeline->Illuminate\\Pipeline\\{closure}(Object(Illuminate\\Http\\Request))
#48 C:\\Users\\MyBook14F\\Downloads\\Appointment-Booking-System-master\\vendor\\laravel\\framework\\src\\Illuminate\\Pipeline\\Pipeline.php(208): Illuminate\\Foundation\\Http\\Middleware\\PreventRequestsDuringMaintenance->handle(Object(Illuminate\\Http\\Request), Object(Closure))
#49 C:\\Users\\MyBook14F\\Downloads\\Appointment-Booking-System-master\\vendor\\laravel\\framework\\src\\Illuminate\\Http\\Middleware\\HandleCors.php(48): Illuminate\\Pipeline\\Pipeline->Illuminate\\Pipeline\\{closure}(Object(Illuminate\\Http\\Request))
#50 C:\\Users\\MyBook14F\\Downloads\\Appointment-Booking-System-master\\vendor\\laravel\\framework\\src\\Illuminate\\Pipeline\\Pipeline.php(208): Illuminate\\Http\\Middleware\\HandleCors->handle(Object(Illuminate\\Http\\Request), Object(Closure))
#51 C:\\Users\\MyBook14F\\Downloads\\Appointment-Booking-System-master\\vendor\\laravel\\framework\\src\\Illuminate\\Http\\Middleware\\TrustProxies.php(58): Illuminate\\Pipeline\\Pipeline->Illuminate\\Pipeline\\{closure}(Object(Illuminate\\Http\\Request))
#52 C:\\Users\\MyBook14F\\Downloads\\Appointment-Booking-System-master\\vendor\\laravel\\framework\\src\\Illuminate\\Pipeline\\Pipeline.php(208): Illuminate\\Http\\Middleware\\TrustProxies->handle(Object(Illuminate\\Http\\Request), Object(Closure))
#53 C:\\Users\\MyBook14F\\Downloads\\Appointment-Booking-System-master\\vendor\\laravel\\framework\\src\\Illuminate\\Foundation\\Http\\Middleware\\InvokeDeferredCallbacks.php(22): Illuminate\\Pipeline\\Pipeline->Illuminate\\Pipeline\\{closure}(Object(Illuminate\\Http\\Request))
#54 C:\\Users\\MyBook14F\\Downloads\\Appointment-Booking-System-master\\vendor\\laravel\\framework\\src\\Illuminate\\Pipeline\\Pipeline.php(208): Illuminate\\Foundation\\Http\\Middleware\\InvokeDeferredCallbacks->handle(Object(Illuminate\\Http\\Request), Object(Closure))
#55 C:\\Users\\MyBook14F\\Downloads\\Appointment-Booking-System-master\\vendor\\laravel\\framework\\src\\Illuminate\\Http\\Middleware\\ValidatePathEncoding.php(26): Illuminate\\Pipeline\\Pipeline->Illuminate\\Pipeline\\{closure}(Object(Illuminate\\Http\\Request))
#56 C:\\Users\\MyBook14F\\Downloads\\Appointment-Booking-System-master\\vendor\\laravel\\framework\\src\\Illuminate\\Pipeline\\Pipeline.php(208): Illuminate\\Http\\Middleware\\ValidatePathEncoding->handle(Object(Illuminate\\Http\\Request), Object(Closure))
#57 C:\\Users\\MyBook14F\\Downloads\\Appointment-Booking-System-master\\vendor\\laravel\\framework\\src\\Illuminate\\Pipeline\\Pipeline.php(126): Illuminate\\Pipeline\\Pipeline->Illuminate\\Pipeline\\{closure}(Object(Illuminate\\Http\\Request))
#58 C:\\Users\\MyBook14F\\Downloads\\Appointment-Booking-System-master\\vendor\\laravel\\framework\\src\\Illuminate\\Foundation\\Http\\Kernel.php(175): Illuminate\\Pipeline\\Pipeline->then(Object(Closure))
#59 C:\\Users\\MyBook14F\\Downloads\\Appointment-Booking-System-master\\vendor\\laravel\\framework\\src\\Illuminate\\Foundation\\Http\\Kernel.php(144): Illuminate\\Foundation\\Http\\Kernel->sendRequestThroughRouter(Object(Illuminate\\Http\\Request))
#60 C:\\Users\\MyBook14F\\Downloads\\Appointment-Booking-System-master\\vendor\\laravel\\framework\\src\\Illuminate\\Foundation\\Application.php(1219): Illuminate\\Foundation\\Http\\Kernel->handle(Object(Illuminate\\Http\\Request))
#61 C:\\Users\\MyBook14F\\Downloads\\Appointment-Booking-System-master\\public\\index.php(20): Illuminate\\Foundation\\Application->handleRequest(Object(Illuminate\\Http\\Request))
#62 C:\\Users\\MyBook14F\\Downloads\\Appointment-Booking-System-master\\vendor\\laravel\\framework\\src\\Illuminate\\Foundation\\resources\\server.php(23): require_once('C:\\\\Users\\\\MyBook...')
#63 {main}
"} 
[2026-05-16 07:04:36] local.ERROR: Vite manifest not found at: C:\Users\MyBook14F\Downloads\Appointment-Booking-System-master\public\build/manifest.json (View: C:\Users\MyBook14F\Downloads\Appointment-Booking-System-master\resources\views\homepage.blade.php) {"exception":"[object] (Illuminate\\View\\ViewException(code: 0): Vite manifest not found at: C:\\Users\\MyBook14F\\Downloads\\Appointment-Booking-System-master\\public\\build/manifest.json (View: C:\\Users\\MyBook14F\\Downloads\\Appointment-Booking-System-master\\resources\\views\\homepage.blade.php) at C:\\Users\\MyBook14F\\Downloads\\Appointment-Booking-System-master\\vendor\\laravel\\framework\\src\\Illuminate\\Foundation\\Vite.php:934)
[stacktrace]
#0 C:\\Users\\MyBook14F\\Downloads\\Appointment-Booking-System-master\\vendor\\laravel\\framework\\src\\Illuminate\\View\\Engines\\PhpEngine.php(59): Illuminate\\View\\Engines\\CompilerEngine->handleViewException(Object(Illuminate\\Foundation\\ViteManifestNotFoundException), 1)
#1 C:\\Users\\MyBook14F\\Downloads\\Appointment-Booking-System-master\\vendor\\laravel\\framework\\src\\Illuminate\\View\\Engines\\CompilerEngine.php(76): Illuminate\\View\\Engines\\PhpEngine->evaluatePath('C:\\\\Users\\\\MyBook...', Array)
#2 C:\\Users\\MyBook14F\\Downloads\\Appointment-Booking-System-master\\vendor\\laravel\\framework\\src\\Illuminate\\View\\View.php(208): Illuminate\\View\\Engines\\CompilerEngine->get('C:\\\\Users\\\\MyBook...', Array)
#3 C:\\Users\\MyBook14F\\Downloads\\Appointment-Booking-System-master\\vendor\\laravel\\framework\\src\\Illuminate\\View\\View.php(191): Illuminate\\View\\View->getContents()
#4 C:\\Users\\MyBook14F\\Downloads\\Appointment-Booking-System-master\\vendor\\laravel\\framework\\src\\Illuminate\\View\\View.php(160): Illuminate\\View\\View->renderContents()
#5 C:\\Users\\MyBook14F\\Downloads\\Appointment-Booking-System-master\\vendor\\laravel\\framework\\src\\Illuminate\\Http\\Response.php(78): Illuminate\\View\\View->render()
#6 C:\\Users\\MyBook14F\\Downloads\\Appointment-Booking-System-master\\vendor\\laravel\\framework\\src\\Illuminate\\Http\\Response.php(34): Illuminate\\Http\\Response->setContent(Object(Illuminate\\View\\View))
#7 C:\\Users\\MyBook14F\\Downloads\\Appointment-Booking-System-master\\vendor\\laravel\\framework\\src\\Illuminate\\Routing\\Router.php(924): Illuminate\\Http\\Response->__construct(Object(Illuminate\\View\\View), 200, Array)
#8 C:\\Users\\MyBook14F\\Downloads\\Appointment-Booking-System-master\\vendor\\laravel\\framework\\src\\Illuminate\\Routing\\Router.php(891): Illuminate\\Routing\\Router::toResponse(Object(Illuminate\\Http\\Request), Object(Illuminate\\View\\View))
#9 C:\\Users\\MyBook14F\\Downloads\\Appointment-Booking-System-master\\vendor\\laravel\\framework\\src\\Illuminate\\Routing\\Router.php(807): Illuminate\\Routing\\Router->prepareResponse(Object(Illuminate\\Http\\Request), Object(Illuminate\\View\\View))
#10 C:\\Users\\MyBook14F\\Downloads\\Appointment-Booking-System-master\\vendor\\laravel\\framework\\src\\Illuminate\\Pipeline\\Pipeline.php(169): Illuminate\\Routing\\Router->Illuminate\\Routing\\{closure}(Object(Illuminate\\Http\\Request))
#11 C:\\Users\\MyBook14F\\Downloads\\Appointment-Booking-System-master\\vendor\\laravel\\framework\\src\\Illuminate\\Routing\\Middleware\\SubstituteBindings.php(50): Illuminate\\Pipeline\\Pipeline->Illuminate\\Pipeline\\{closure}(Object(Illuminate\\Http\\Request))
#12 C:\\Users\\MyBook14F\\Downloads\\Appointment-Booking-System-master\\vendor\\laravel\\framework\\src\\Illuminate\\Pipeline\\Pipeline.php(208): Illuminate\\Routing\\Middleware\\SubstituteBindings->handle(Object(Illuminate\\Http\\Request), Object(Closure))
#13 C:\\Users\\MyBook14F\\Downloads\\Appointment-Booking-System-master\\vendor\\laravel\\framework\\src\\Illuminate\\Foundation\\Http\\Middleware\\VerifyCsrfToken.php(87): Illuminate\\Pipeline\\Pipeline->Illuminate\\Pipeline\\{closure}(Object(Illuminate\\Http\\Request))
#14 C:\\Users\\MyBook14F\\Downloads\\Appointment-Booking-System-master\\vendor\\laravel\\framework\\src\\Illuminate\\Pipeline\\Pipeline.php(208): Illuminate\\Foundation\\Http\\Middleware\\VerifyCsrfToken->handle(Object(Illuminate\\Http\\Request), Object(Closure))
#15 C:\\Users\\MyBook14F\\Downloads\\Appointment-Booking-System-master\\vendor\\laravel\\framework\\src\\Illuminate\\View\\Middleware\\ShareErrorsFromSession.php(48): Illuminate\\Pipeline\\Pipeline->Illuminate\\Pipeline\\{closure}(Object(Illuminate\\Http\\Request))
#16 C:\\Users\\MyBook14F\\Downloads\\Appointment-Booking-System-master\\vendor\\laravel\\framework\\src\\Illuminate\\Pipeline\\Pipeline.php(208): Illuminate\\View\\Middleware\\ShareErrorsFromSession->handle(Object(Illuminate\\Http\\Request), Object(Closure))
#17 C:\\Users\\MyBook14F\\Downloads\\Appointment-Booking-System-master\\vendor\\laravel\\framework\\src\\Illuminate\\Session\\Middleware\\StartSession.php(120): Illuminate\\Pipeline\\Pipeline->Illuminate\\Pipeline\\{closure}(Object(Illuminate\\Http\\Request))
#18 C:\\Users\\MyBook14F\\Downloads\\Appointment-Booking-System-master\\vendor\\laravel\\framework\\src\\Illuminate\\Session\\Middleware\\StartSession.php(63): Illuminate\\Session\\Middleware\\StartSession->handleStatefulRequest(Object(Illuminate\\Http\\Request), Object(Illuminate\\Session\\Store), Object(Closure))
#19 C:\\Users\\MyBook14F\\Downloads\\Appointment-Booking-System-master\\vendor\\laravel\\framework\\src\\Illuminate\\Pipeline\\Pipeline.php(208): Illuminate\\Session\\Middleware\\StartSession->handle(Object(Illuminate\\Http\\Request), Object(Closure))
#20 C:\\Users\\MyBook14F\\Downloads\\Appointment-Booking-System-master\\vendor\\laravel\\framework\\src\\Illuminate\\Cookie\\Middleware\\AddQueuedCookiesToResponse.php(36): Illuminate\\Pipeline\\Pipeline->Illuminate\\Pipeline\\{closure}(Object(Illuminate\\Http\\Request))
#21 C:\\Users\\MyBook14F\\Downloads\\Appointment-Booking-System-master\\vendor\\laravel\\framework\\src\\Illuminate\\Pipeline\\Pipeline.php(208): Illuminate\\Cookie\\Middleware\\AddQueuedCookiesToResponse->handle(Object(Illuminate\\Http\\Request), Object(Closure))
#22 C:\\Users\\MyBook14F\\Downloads\\Appointment-Booking-System-master\\vendor\\laravel\\framework\\src\\Illuminate\\Cookie\\Middleware\\EncryptCookies.php(74): Illuminate\\Pipeline\\Pipeline->Illuminate\\Pipeline\\{closure}(Object(Illuminate\\Http\\Request))
#23 C:\\Users\\MyBook14F\\Downloads\\Appointment-Booking-System-master\\vendor\\laravel\\framework\\src\\Illuminate\\Pipeline\\Pipeline.php(208): Illuminate\\Cookie\\Middleware\\EncryptCookies->handle(Object(Illuminate\\Http\\Request), Object(Closure))
#24 C:\\Users\\MyBook14F\\Downloads\\Appointment-Booking-System-master\\vendor\\laravel\\framework\\src\\Illuminate\\Pipeline\\Pipeline.php(126): Illuminate\\Pipeline\\Pipeline->Illuminate\\Pipeline\\{closure}(Object(Illuminate\\Http\\Request))
#25 C:\\Users\\MyBook14F\\Downloads\\Appointment-Booking-System-master\\vendor\\laravel\\framework\\src\\Illuminate\\Routing\\Router.php(807): Illuminate\\Pipeline\\Pipeline->then(Object(Closure))
#26 C:\\Users\\MyBook14F\\Downloads\\Appointment-Booking-System-master\\vendor\\laravel\\framework\\src\\Illuminate\\Routing\\Router.php(786): Illuminate\\Routing\\Router->runRouteWithinStack(Object(Illuminate\\Routing\\Route), Object(Illuminate\\Http\\Request))
#27 C:\\Users\\MyBook14F\\Downloads\\Appointment-Booking-System-master\\vendor\\laravel\\framework\\src\\Illuminate\\Routing\\Router.php(750): Illuminate\\Routing\\Router->runRoute(Object(Illuminate\\Http\\Request), Object(Illuminate\\Routing\\Route))
#28 C:\\Users\\MyBook14F\\Downloads\\Appointment-Booking-System-master\\vendor\\laravel\\framework\\src\\Illuminate\\Routing\\Router.php(739): Illuminate\\Routing\\Router->dispatchToRoute(Object(Illuminate\\Http\\Request))
#29 C:\\Users\\MyBook14F\\Downloads\\Appointment-Booking-System-master\\vendor\\laravel\\framework\\src\\Illuminate\\Foundation\\Http\\Kernel.php(200): Illuminate\\Routing\\Router->dispatch(Object(Illuminate\\Http\\Request))
#30 C:\\Users\\MyBook14F\\Downloads\\Appointment-Booking-System-master\\vendor\\laravel\\framework\\src\\Illuminate\\Pipeline\\Pipeline.php(169): Illuminate\\Foundation\\Http\\Kernel->Illuminate\\Foundation\\Http\\{closure}(Object(Illuminate\\Http\\Request))
#31 C:\\Users\\MyBook14F\\Downloads\\Appointment-Booking-System-master\\vendor\\laravel\\framework\\src\\Illuminate\\Foundation\\Http\\Middleware\\TransformsRequest.php(21): Illuminate\\Pipeline\\Pipeline->Illuminate\\Pipeline\\{closure}(Object(Illuminate\\Http\\Request))
#32 C:\\Users\\MyBook14F\\Downloads\\Appointment-Booking-System-master\\vendor\\laravel\\framework\\src\\Illuminate\\Foundation\\Http\\Middleware\\ConvertEmptyStringsToNull.php(31): Illuminate\\Foundation\\Http\\Middleware\\TransformsRequest->handle(Object(Illuminate\\Http\\Request), Object(Closure))
#33 C:\\Users\\MyBook14F\\Downloads\\Appointment-Booking-System-master\\vendor\\laravel\\framework\\src\\Illuminate\\Pipeline\\Pipeline.php(208): Illuminate\\Foundation\\Http\\Middleware\\ConvertEmptyStringsToNull->handle(Object(Illuminate\\Http\\Request), Object(Closure))
#34 C:\\Users\\MyBook14F\\Downloads\\Appointment-Booking-System-master\\vendor\\laravel\\framework\\src\\Illuminate\\Foundation\\Http\\Middleware\\TransformsRequest.php(21): Illuminate\\Pipeline\\Pipeline->Illuminate\\Pipeline\\{closure}(Object(Illuminate\\Http\\Request))
#35 C:\\Users\\MyBook14F\\Downloads\\Appointment-Booking-System-master\\vendor\\laravel\\framework\\src\\Illuminate\\Foundation\\Http\\Middleware\\TrimStrings.php(51): Illuminate\\Foundation\\Http\\Middleware\\TransformsRequest->handle(Object(Illuminate\\Http\\Request), Object(Closure))
#36 C:\\Users\\MyBook14F\\Downloads\\Appointment-Booking-System-master\\vendor\\laravel\\framework\\src\\Illuminate\\Pipeline\\Pipeline.php(208): Illuminate\\Foundation\\Http\\Middleware\\TrimStrings->handle(Object(Illuminate\\Http\\Request), Object(Closure))
#37 C:\\Users\\MyBook14F\\Downloads\\Appointment-Booking-System-master\\vendor\\laravel\\framework\\src\\Illuminate\\Http\\Middleware\\ValidatePostSize.php(27): Illuminate\\Pipeline\\Pipeline->Illuminate\\Pipeline\\{closure}(Object(Illuminate\\Http\\Request))
#38 C:\\Users\\MyBook14F\\Downloads\\Appointment-Booking-System-master\\vendor\\laravel\\framework\\src\\Illuminate\\Pipeline\\Pipeline.php(208): Illuminate\\Http\\Middleware\\ValidatePostSize->handle(Object(Illuminate\\Http\\Request), Object(Closure))
#39 C:\\Users\\MyBook14F\\Downloads\\Appointment-Booking-System-master\\vendor\\laravel\\framework\\src\\Illuminate\\Foundation\\Http\\Middleware\\PreventRequestsDuringMaintenance.php(109): Illuminate\\Pipeline\\Pipeline->Illuminate\\Pipeline\\{closure}(Object(Illuminate\\Http\\Request))
#40 C:\\Users\\MyBook14F\\Downloads\\Appointment-Booking-System-master\\vendor\\laravel\\framework\\src\\Illuminate\\Pipeline\\Pipeline.php(208): Illuminate\\Foundation\\Http\\Middleware\\PreventRequestsDuringMaintenance->handle(Object(Illuminate\\Http\\Request), Object(Closure))
#41 C:\\Users\\MyBook14F\\Downloads\\Appointment-Booking-System-master\\vendor\\laravel\\framework\\src\\Illuminate\\Http\\Middleware\\HandleCors.php(48): Illuminate\\Pipeline\\Pipeline->Illuminate\\Pipeline\\{closure}(Object(Illuminate\\Http\\Request))
#42 C:\\Users\\MyBook14F\\Downloads\\Appointment-Booking-System-master\\vendor\\laravel\\framework\\src\\Illuminate\\Pipeline\\Pipeline.php(208): Illuminate\\Http\\Middleware\\HandleCors->handle(Object(Illuminate\\Http\\Request), Object(Closure))
#43 C:\\Users\\MyBook14F\\Downloads\\Appointment-Booking-System-master\\vendor\\laravel\\framework\\src\\Illuminate\\Http\\Middleware\\TrustProxies.php(58): Illuminate\\Pipeline\\Pipeline->Illuminate\\Pipeline\\{closure}(Object(Illuminate\\Http\\Request))
#44 C:\\Users\\MyBook14F\\Downloads\\Appointment-Booking-System-master\\vendor\\laravel\\framework\\src\\Illuminate\\Pipeline\\Pipeline.php(208): Illuminate\\Http\\Middleware\\TrustProxies->handle(Object(Illuminate\\Http\\Request), Object(Closure))
#45 C:\\Users\\MyBook14F\\Downloads\\Appointment-Booking-System-master\\vendor\\laravel\\framework\\src\\Illuminate\\Foundation\\Http\\Middleware\\InvokeDeferredCallbacks.php(22): Illuminate\\Pipeline\\Pipeline->Illuminate\\Pipeline\\{closure}(Object(Illuminate\\Http\\Request))
#46 C:\\Users\\MyBook14F\\Downloads\\Appointment-Booking-System-master\\vendor\\laravel\\framework\\src\\Illuminate\\Pipeline\\Pipeline.php(208): Illuminate\\Foundation\\Http\\Middleware\\InvokeDeferredCallbacks->handle(Object(Illuminate\\Http\\Request), Object(Closure))
#47 C:\\Users\\MyBook14F\\Downloads\\Appointment-Booking-System-master\\vendor\\laravel\\framework\\src\\Illuminate\\Http\\Middleware\\ValidatePathEncoding.php(26): Illuminate\\Pipeline\\Pipeline->Illuminate\\Pipeline\\{closure}(Object(Illuminate\\Http\\Request))
#48 C:\\Users\\MyBook14F\\Downloads\\Appointment-Booking-System-master\\vendor\\laravel\\framework\\src\\Illuminate\\Pipeline\\Pipeline.php(208): Illuminate\\Http\\Middleware\\ValidatePathEncoding->handle(Object(Illuminate\\Http\\Request), Object(Closure))
#49 C:\\Users\\MyBook14F\\Downloads\\Appointment-Booking-System-master\\vendor\\laravel\\framework\\src\\Illuminate\\Pipeline\\Pipeline.php(126): Illuminate\\Pipeline\\Pipeline->Illuminate\\Pipeline\\{closure}(Object(Illuminate\\Http\\Request))
#50 C:\\Users\\MyBook14F\\Downloads\\Appointment-Booking-System-master\\vendor\\laravel\\framework\\src\\Illuminate\\Foundation\\Http\\Kernel.php(175): Illuminate\\Pipeline\\Pipeline->then(Object(Closure))
#51 C:\\Users\\MyBook14F\\Downloads\\Appointment-Booking-System-master\\vendor\\laravel\\framework\\src\\Illuminate\\Foundation\\Http\\Kernel.php(144): Illuminate\\Foundation\\Http\\Kernel->sendRequestThroughRouter(Object(Illuminate\\Http\\Request))
#52 C:\\Users\\MyBook14F\\Downloads\\Appointment-Booking-System-master\\vendor\\laravel\\framework\\src\\Illuminate\\Foundation\\Application.php(1219): Illuminate\\Foundation\\Http\\Kernel->handle(Object(Illuminate\\Http\\Request))
#53 C:\\Users\\MyBook14F\\Downloads\\Appointment-Booking-System-master\\public\\index.php(20): Illuminate\\Foundation\\Application->handleRequest(Object(Illuminate\\Http\\Request))
#54 C:\\Users\\MyBook14F\\Downloads\\Appointment-Booking-System-master\\vendor\\laravel\\framework\\src\\Illuminate\\Foundation\\resources\\server.php(23): require_once('C:\\\\Users\\\\MyBook...')
#55 {main}

[previous exception] [object] (Illuminate\\Foundation\\ViteManifestNotFoundException(code: 0): Vite manifest not found at: C:\\Users\\MyBook14F\\Downloads\\Appointment-Booking-System-master\\public\\build/manifest.json at C:\\Users\\MyBook14F\\Downloads\\Appointment-Booking-System-master\\vendor\\laravel\\framework\\src\\Illuminate\\Foundation\\Vite.php:934)
[stacktrace]
#0 C:\\Users\\MyBook14F\\Downloads\\Appointment-Booking-System-master\\vendor\\laravel\\framework\\src\\Illuminate\\Foundation\\Vite.php(384): Illuminate\\Foundation\\Vite->manifest('build')
#1 C:\\Users\\MyBook14F\\Downloads\\Appointment-Booking-System-master\\storage\\framework\\views\\8b82b48be017ce50fdf82da87a4057bd.php(8): Illuminate\\Foundation\\Vite->__invoke(Object(Illuminate\\Support\\Collection))
#2 C:\\Users\\MyBook14F\\Downloads\\Appointment-Booking-System-master\\vendor\\laravel\\framework\\src\\Illuminate\\Filesystem\\Filesystem.php(123): require('C:\\\\Users\\\\MyBook...')
#3 C:\\Users\\MyBook14F\\Downloads\\Appointment-Booking-System-master\\vendor\\laravel\\framework\\src\\Illuminate\\Filesystem\\Filesystem.php(124): Illuminate\\Filesystem\\Filesystem::Illuminate\\Filesystem\\{closure}()
#4 C:\\Users\\MyBook14F\\Downloads\\Appointment-Booking-System-master\\vendor\\laravel\\framework\\src\\Illuminate\\View\\Engines\\PhpEngine.php(57): Illuminate\\Filesystem\\Filesystem->getRequire('C:\\\\Users\\\\MyBook...', Array)
#5 C:\\Users\\MyBook14F\\Downloads\\Appointment-Booking-System-master\\vendor\\laravel\\framework\\src\\Illuminate\\View\\Engines\\CompilerEngine.php(76): Illuminate\\View\\Engines\\PhpEngine->evaluatePath('C:\\\\Users\\\\MyBook...', Array)
#6 C:\\Users\\MyBook14F\\Downloads\\Appointment-Booking-System-master\\vendor\\laravel\\framework\\src\\Illuminate\\View\\View.php(208): Illuminate\\View\\Engines\\CompilerEngine->get('C:\\\\Users\\\\MyBook...', Array)
#7 C:\\Users\\MyBook14F\\Downloads\\Appointment-Booking-System-master\\vendor\\laravel\\framework\\src\\Illuminate\\View\\View.php(191): Illuminate\\View\\View->getContents()
#8 C:\\Users\\MyBook14F\\Downloads\\Appointment-Booking-System-master\\vendor\\laravel\\framework\\src\\Illuminate\\View\\View.php(160): Illuminate\\View\\View->renderContents()
#9 C:\\Users\\MyBook14F\\Downloads\\Appointment-Booking-System-master\\vendor\\laravel\\framework\\src\\Illuminate\\Http\\Response.php(78): Illuminate\\View\\View->render()
#10 C:\\Users\\MyBook14F\\Downloads\\Appointment-Booking-System-master\\vendor\\laravel\\framework\\src\\Illuminate\\Http\\Response.php(34): Illuminate\\Http\\Response->setContent(Object(Illuminate\\View\\View))
#11 C:\\Users\\MyBook14F\\Downloads\\Appointment-Booking-System-master\\vendor\\laravel\\framework\\src\\Illuminate\\Routing\\Router.php(924): Illuminate\\Http\\Response->__construct(Object(Illuminate\\View\\View), 200, Array)
#12 C:\\Users\\MyBook14F\\Downloads\\Appointment-Booking-System-master\\vendor\\laravel\\framework\\src\\Illuminate\\Routing\\Router.php(891): Illuminate\\Routing\\Router::toResponse(Object(Illuminate\\Http\\Request), Object(Illuminate\\View\\View))
#13 C:\\Users\\MyBook14F\\Downloads\\Appointment-Booking-System-master\\vendor\\laravel\\framework\\src\\Illuminate\\Routing\\Router.php(807): Illuminate\\Routing\\Router->prepareResponse(Object(Illuminate\\Http\\Request), Object(Illuminate\\View\\View))
#14 C:\\Users\\MyBook14F\\Downloads\\Appointment-Booking-System-master\\vendor\\laravel\\framework\\src\\Illuminate\\Pipeline\\Pipeline.php(169): Illuminate\\Routing\\Router->Illuminate\\Routing\\{closure}(Object(Illuminate\\Http\\Request))
#15 C:\\Users\\MyBook14F\\Downloads\\Appointment-Booking-System-master\\vendor\\laravel\\framework\\src\\Illuminate\\Routing\\Middleware\\SubstituteBindings.php(50): Illuminate\\Pipeline\\Pipeline->Illuminate\\Pipeline\\{closure}(Object(Illuminate\\Http\\Request))
#16 C:\\Users\\MyBook14F\\Downloads\\Appointment-Booking-System-master\\vendor\\laravel\\framework\\src\\Illuminate\\Pipeline\\Pipeline.php(208): Illuminate\\Routing\\Middleware\\SubstituteBindings->handle(Object(Illuminate\\Http\\Request), Object(Closure))
#17 C:\\Users\\MyBook14F\\Downloads\\Appointment-Booking-System-master\\vendor\\laravel\\framework\\src\\Illuminate\\Foundation\\Http\\Middleware\\VerifyCsrfToken.php(87): Illuminate\\Pipeline\\Pipeline->Illuminate\\Pipeline\\{closure}(Object(Illuminate\\Http\\Request))
#18 C:\\Users\\MyBook14F\\Downloads\\Appointment-Booking-System-master\\vendor\\laravel\\framework\\src\\Illuminate\\Pipeline\\Pipeline.php(208): Illuminate\\Foundation\\Http\\Middleware\\VerifyCsrfToken->handle(Object(Illuminate\\Http\\Request), Object(Closure))
#19 C:\\Users\\MyBook14F\\Downloads\\Appointment-Booking-System-master\\vendor\\laravel\\framework\\src\\Illuminate\\View\\Middleware\\ShareErrorsFromSession.php(48): Illuminate\\Pipeline\\Pipeline->Illuminate\\Pipeline\\{closure}(Object(Illuminate\\Http\\Request))
#20 C:\\Users\\MyBook14F\\Downloads\\Appointment-Booking-System-master\\vendor\\laravel\\framework\\src\\Illuminate\\Pipeline\\Pipeline.php(208): Illuminate\\View\\Middleware\\ShareErrorsFromSession->handle(Object(Illuminate\\Http\\Request), Object(Closure))
#21 C:\\Users\\MyBook14F\\Downloads\\Appointment-Booking-System-master\\vendor\\laravel\\framework\\src\\Illuminate\\Session\\Middleware\\StartSession.php(120): Illuminate\\Pipeline\\Pipeline->Illuminate\\Pipeline\\{closure}(Object(Illuminate\\Http\\Request))
#22 C:\\Users\\MyBook14F\\Downloads\\Appointment-Booking-System-master\\vendor\\laravel\\framework\\src\\Illuminate\\Session\\Middleware\\StartSession.php(63): Illuminate\\Session\\Middleware\\StartSession->handleStatefulRequest(Object(Illuminate\\Http\\Request), Object(Illuminate\\Session\\Store), Object(Closure))
#23 C:\\Users\\MyBook14F\\Downloads\\Appointment-Booking-System-master\\vendor\\laravel\\framework\\src\\Illuminate\\Pipeline\\Pipeline.php(208): Illuminate\\Session\\Middleware\\StartSession->handle(Object(Illuminate\\Http\\Request), Object(Closure))
#24 C:\\Users\\MyBook14F\\Downloads\\Appointment-Booking-System-master\\vendor\\laravel\\framework\\src\\Illuminate\\Cookie\\Middleware\\AddQueuedCookiesToResponse.php(36): Illuminate\\Pipeline\\Pipeline->Illuminate\\Pipeline\\{closure}(Object(Illuminate\\Http\\Request))
#25 C:\\Users\\MyBook14F\\Downloads\\Appointment-Booking-System-master\\vendor\\laravel\\framework\\src\\Illuminate\\Pipeline\\Pipeline.php(208): Illuminate\\Cookie\\Middleware\\AddQueuedCookiesToResponse->handle(Object(Illuminate\\Http\\Request), Object(Closure))
#26 C:\\Users\\MyBook14F\\Downloads\\Appointment-Booking-System-master\\vendor\\laravel\\framework\\src\\Illuminate\\Cookie\\Middleware\\EncryptCookies.php(74): Illuminate\\Pipeline\\Pipeline->Illuminate\\Pipeline\\{closure}(Object(Illuminate\\Http\\Request))
#27 C:\\Users\\MyBook14F\\Downloads\\Appointment-Booking-System-master\\vendor\\laravel\\framework\\src\\Illuminate\\Pipeline\\Pipeline.php(208): Illuminate\\Cookie\\Middleware\\EncryptCookies->handle(Object(Illuminate\\Http\\Request), Object(Closure))
#28 C:\\Users\\MyBook14F\\Downloads\\Appointment-Booking-System-master\\vendor\\laravel\\framework\\src\\Illuminate\\Pipeline\\Pipeline.php(126): Illuminate\\Pipeline\\Pipeline->Illuminate\\Pipeline\\{closure}(Object(Illuminate\\Http\\Request))
#29 C:\\Users\\MyBook14F\\Downloads\\Appointment-Booking-System-master\\vendor\\laravel\\framework\\src\\Illuminate\\Routing\\Router.php(807): Illuminate\\Pipeline\\Pipeline->then(Object(Closure))
#30 C:\\Users\\MyBook14F\\Downloads\\Appointment-Booking-System-master\\vendor\\laravel\\framework\\src\\Illuminate\\Routing\\Router.php(786): Illuminate\\Routing\\Router->runRouteWithinStack(Object(Illuminate\\Routing\\Route), Object(Illuminate\\Http\\Request))
#31 C:\\Users\\MyBook14F\\Downloads\\Appointment-Booking-System-master\\vendor\\laravel\\framework\\src\\Illuminate\\Routing\\Router.php(750): Illuminate\\Routing\\Router->runRoute(Object(Illuminate\\Http\\Request), Object(Illuminate\\Routing\\Route))
#32 C:\\Users\\MyBook14F\\Downloads\\Appointment-Booking-System-master\\vendor\\laravel\\framework\\src\\Illuminate\\Routing\\Router.php(739): Illuminate\\Routing\\Router->dispatchToRoute(Object(Illuminate\\Http\\Request))
#33 C:\\Users\\MyBook14F\\Downloads\\Appointment-Booking-System-master\\vendor\\laravel\\framework\\src\\Illuminate\\Foundation\\Http\\Kernel.php(200): Illuminate\\Routing\\Router->dispatch(Object(Illuminate\\Http\\Request))
#34 C:\\Users\\MyBook14F\\Downloads\\Appointment-Booking-System-master\\vendor\\laravel\\framework\\src\\Illuminate\\Pipeline\\Pipeline.php(169): Illuminate\\Foundation\\Http\\Kernel->Illuminate\\Foundation\\Http\\{closure}(Object(Illuminate\\Http\\Request))
#35 C:\\Users\\MyBook14F\\Downloads\\Appointment-Booking-System-master\\vendor\\laravel\\framework\\src\\Illuminate\\Foundation\\Http\\Middleware\\TransformsRequest.php(21): Illuminate\\Pipeline\\Pipeline->Illuminate\\Pipeline\\{closure}(Object(Illuminate\\Http\\Request))
#36 C:\\Users\\MyBook14F\\Downloads\\Appointment-Booking-System-master\\vendor\\laravel\\framework\\src\\Illuminate\\Foundation\\Http\\Middleware\\ConvertEmptyStringsToNull.php(31): Illuminate\\Foundation\\Http\\Middleware\\TransformsRequest->handle(Object(Illuminate\\Http\\Request), Object(Closure))
#37 C:\\Users\\MyBook14F\\Downloads\\Appointment-Booking-System-master\\vendor\\laravel\\framework\\src\\Illuminate\\Pipeline\\Pipeline.php(208): Illuminate\\Foundation\\Http\\Middleware\\ConvertEmptyStringsToNull->handle(Object(Illuminate\\Http\\Request), Object(Closure))
#38 C:\\Users\\MyBook14F\\Downloads\\Appointment-Booking-System-master\\vendor\\laravel\\framework\\src\\Illuminate\\Foundation\\Http\\Middleware\\TransformsRequest.php(21): Illuminate\\Pipeline\\Pipeline->Illuminate\\Pipeline\\{closure}(Object(Illuminate\\Http\\Request))
#39 C:\\Users\\MyBook14F\\Downloads\\Appointment-Booking-System-master\\vendor\\laravel\\framework\\src\\Illuminate\\Foundation\\Http\\Middleware\\TrimStrings.php(51): Illuminate\\Foundation\\Http\\Middleware\\TransformsRequest->handle(Object(Illuminate\\Http\\Request), Object(Closure))
#40 C:\\Users\\MyBook14F\\Downloads\\Appointment-Booking-System-master\\vendor\\laravel\\framework\\src\\Illuminate\\Pipeline\\Pipeline.php(208): Illuminate\\Foundation\\Http\\Middleware\\TrimStrings->handle(Object(Illuminate\\Http\\Request), Object(Closure))
#41 C:\\Users\\MyBook14F\\Downloads\\Appointment-Booking-System-master\\vendor\\laravel\\framework\\src\\Illuminate\\Http\\Middleware\\ValidatePostSize.php(27): Illuminate\\Pipeline\\Pipeline->Illuminate\\Pipeline\\{closure}(Object(Illuminate\\Http\\Request))
#42 C:\\Users\\MyBook14F\\Downloads\\Appointment-Booking-System-master\\vendor\\laravel\\framework\\src\\Illuminate\\Pipeline\\Pipeline.php(208): Illuminate\\Http\\Middleware\\ValidatePostSize->handle(Object(Illuminate\\Http\\Request), Object(Closure))
#43 C:\\Users\\MyBook14F\\Downloads\\Appointment-Booking-System-master\\vendor\\laravel\\framework\\src\\Illuminate\\Foundation\\Http\\Middleware\\PreventRequestsDuringMaintenance.php(109): Illuminate\\Pipeline\\Pipeline->Illuminate\\Pipeline\\{closure}(Object(Illuminate\\Http\\Request))
#44 C:\\Users\\MyBook14F\\Downloads\\Appointment-Booking-System-master\\vendor\\laravel\\framework\\src\\Illuminate\\Pipeline\\Pipeline.php(208): Illuminate\\Foundation\\Http\\Middleware\\PreventRequestsDuringMaintenance->handle(Object(Illuminate\\Http\\Request), Object(Closure))
#45 C:\\Users\\MyBook14F\\Downloads\\Appointment-Booking-System-master\\vendor\\laravel\\framework\\src\\Illuminate\\Http\\Middleware\\HandleCors.php(48): Illuminate\\Pipeline\\Pipeline->Illuminate\\Pipeline\\{closure}(Object(Illuminate\\Http\\Request))
#46 C:\\Users\\MyBook14F\\Downloads\\Appointment-Booking-System-master\\vendor\\laravel\\framework\\src\\Illuminate\\Pipeline\\Pipeline.php(208): Illuminate\\Http\\Middleware\\HandleCors->handle(Object(Illuminate\\Http\\Request), Object(Closure))
#47 C:\\Users\\MyBook14F\\Downloads\\Appointment-Booking-System-master\\vendor\\laravel\\framework\\src\\Illuminate\\Http\\Middleware\\TrustProxies.php(58): Illuminate\\Pipeline\\Pipeline->Illuminate\\Pipeline\\{closure}(Object(Illuminate\\Http\\Request))
#48 C:\\Users\\MyBook14F\\Downloads\\Appointment-Booking-System-master\\vendor\\laravel\\framework\\src\\Illuminate\\Pipeline\\Pipeline.php(208): Illuminate\\Http\\Middleware\\TrustProxies->handle(Object(Illuminate\\Http\\Request), Object(Closure))
#49 C:\\Users\\MyBook14F\\Downloads\\Appointment-Booking-System-master\\vendor\\laravel\\framework\\src\\Illuminate\\Foundation\\Http\\Middleware\\InvokeDeferredCallbacks.php(22): Illuminate\\Pipeline\\Pipeline->Illuminate\\Pipeline\\{closure}(Object(Illuminate\\Http\\Request))
#50 C:\\Users\\MyBook14F\\Downloads\\Appointment-Booking-System-master\\vendor\\laravel\\framework\\src\\Illuminate\\Pipeline\\Pipeline.php(208): Illuminate\\Foundation\\Http\\Middleware\\InvokeDeferredCallbacks->handle(Object(Illuminate\\Http\\Request), Object(Closure))
#51 C:\\Users\\MyBook14F\\Downloads\\Appointment-Booking-System-master\\vendor\\laravel\\framework\\src\\Illuminate\\Http\\Middleware\\ValidatePathEncoding.php(26): Illuminate\\Pipeline\\Pipeline->Illuminate\\Pipeline\\{closure}(Object(Illuminate\\Http\\Request))
#52 C:\\Users\\MyBook14F\\Downloads\\Appointment-Booking-System-master\\vendor\\laravel\\framework\\src\\Illuminate\\Pipeline\\Pipeline.php(208): Illuminate\\Http\\Middleware\\ValidatePathEncoding->handle(Object(Illuminate\\Http\\Request), Object(Closure))
#53 C:\\Users\\MyBook14F\\Downloads\\Appointment-Booking-System-master\\vendor\\laravel\\framework\\src\\Illuminate\\Pipeline\\Pipeline.php(126): Illuminate\\Pipeline\\Pipeline->Illuminate\\Pipeline\\{closure}(Object(Illuminate\\Http\\Request))
#54 C:\\Users\\MyBook14F\\Downloads\\Appointment-Booking-System-master\\vendor\\laravel\\framework\\src\\Illuminate\\Foundation\\Http\\Kernel.php(175): Illuminate\\Pipeline\\Pipeline->then(Object(Closure))
#55 C:\\Users\\MyBook14F\\Downloads\\Appointment-Booking-System-master\\vendor\\laravel\\framework\\src\\Illuminate\\Foundation\\Http\\Kernel.php(144): Illuminate\\Foundation\\Http\\Kernel->sendRequestThroughRouter(Object(Illuminate\\Http\\Request))
#56 C:\\Users\\MyBook14F\\Downloads\\Appointment-Booking-System-master\\vendor\\laravel\\framework\\src\\Illuminate\\Foundation\\Application.php(1219): Illuminate\\Foundation\\Http\\Kernel->handle(Object(Illuminate\\Http\\Request))
#57 C:\\Users\\MyBook14F\\Downloads\\Appointment-Booking-System-master\\public\\index.php(20): Illuminate\\Foundation\\Application->handleRequest(Object(Illuminate\\Http\\Request))
#58 C:\\Users\\MyBook14F\\Downloads\\Appointment-Booking-System-master\\vendor\\laravel\\framework\\src\\Illuminate\\Foundation\\resources\\server.php(23): require_once('C:\\\\Users\\\\MyBook...')
#59 {main}
"} 
[2026-05-16 07:05:01] local.ERROR: Vite manifest not found at: C:\Users\MyBook14F\Downloads\Appointment-Booking-System-master\public\build/manifest.json (View: C:\Users\MyBook14F\Downloads\Appointment-Booking-System-master\resources\views\homepage.blade.php) {"exception":"[object] (Illuminate\\View\\ViewException(code: 0): Vite manifest not found at: C:\\Users\\MyBook14F\\Downloads\\Appointment-Booking-System-master\\public\\build/manifest.json (View: C:\\Users\\MyBook14F\\Downloads\\Appointment-Booking-System-master\\resources\\views\\homepage.blade.php) at C:\\Users\\MyBook14F\\Downloads\\Appointment-Booking-System-master\\vendor\\laravel\\framework\\src\\Illuminate\\Foundation\\Vite.php:934)
[stacktrace]
#0 C:\\Users\\MyBook14F\\Downloads\\Appointment-Booking-System-master\\vendor\\laravel\\framework\\src\\Illuminate\\View\\Engines\\PhpEngine.php(59): Illuminate\\View\\Engines\\CompilerEngine->handleViewException(Object(Illuminate\\Foundation\\ViteManifestNotFoundException), 1)
#1 C:\\Users\\MyBook14F\\Downloads\\Appointment-Booking-System-master\\vendor\\laravel\\framework\\src\\Illuminate\\View\\Engines\\CompilerEngine.php(76): Illuminate\\View\\Engines\\PhpEngine->evaluatePath('C:\\\\Users\\\\MyBook...', Array)
#2 C:\\Users\\MyBook14F\\Downloads\\Appointment-Booking-System-master\\vendor\\laravel\\framework\\src\\Illuminate\\View\\View.php(208): Illuminate\\View\\Engines\\CompilerEngine->get('C:\\\\Users\\\\MyBook...', Array)
#3 C:\\Users\\MyBook14F\\Downloads\\Appointment-Booking-System-master\\vendor\\laravel\\framework\\src\\Illuminate\\View\\View.php(191): Illuminate\\View\\View->getContents()
#4 C:\\Users\\MyBook14F\\Downloads\\Appointment-Booking-System-master\\vendor\\laravel\\framework\\src\\Illuminate\\View\\View.php(160): Illuminate\\View\\View->renderContents()
#5 C:\\Users\\MyBook14F\\Downloads\\Appointment-Booking-System-master\\vendor\\laravel\\framework\\src\\Illuminate\\Http\\Response.php(78): Illuminate\\View\\View->render()
#6 C:\\Users\\MyBook14F\\Downloads\\Appointment-Booking-System-master\\vendor\\laravel\\framework\\src\\Illuminate\\Http\\Response.php(34): Illuminate\\Http\\Response->setContent(Object(Illuminate\\View\\View))
#7 C:\\Users\\MyBook14F\\Downloads\\Appointment-Booking-System-master\\vendor\\laravel\\framework\\src\\Illuminate\\Routing\\Router.php(924): Illuminate\\Http\\Response->__construct(Object(Illuminate\\View\\View), 200, Array)
#8 C:\\Users\\MyBook14F\\Downloads\\Appointment-Booking-System-master\\vendor\\laravel\\framework\\src\\Illuminate\\Routing\\Router.php(891): Illuminate\\Routing\\Router::toResponse(Object(Illuminate\\Http\\Request), Object(Illuminate\\View\\View))
#9 C:\\Users\\MyBook14F\\Downloads\\Appointment-Booking-System-master\\vendor\\laravel\\framework\\src\\Illuminate\\Routing\\Router.php(807): Illuminate\\Routing\\Router->prepareResponse(Object(Illuminate\\Http\\Request), Object(Illuminate\\View\\View))
#10 C:\\Users\\MyBook14F\\Downloads\\Appointment-Booking-System-master\\vendor\\laravel\\framework\\src\\Illuminate\\Pipeline\\Pipeline.php(169): Illuminate\\Routing\\Router->Illuminate\\Routing\\{closure}(Object(Illuminate\\Http\\Request))
#11 C:\\Users\\MyBook14F\\Downloads\\Appointment-Booking-System-master\\vendor\\laravel\\framework\\src\\Illuminate\\Routing\\Middleware\\SubstituteBindings.php(50): Illuminate\\Pipeline\\Pipeline->Illuminate\\Pipeline\\{closure}(Object(Illuminate\\Http\\Request))
#12 C:\\Users\\MyBook14F\\Downloads\\Appointment-Booking-System-master\\vendor\\laravel\\framework\\src\\Illuminate\\Pipeline\\Pipeline.php(208): Illuminate\\Routing\\Middleware\\SubstituteBindings->handle(Object(Illuminate\\Http\\Request), Object(Closure))
#13 C:\\Users\\MyBook14F\\Downloads\\Appointment-Booking-System-master\\vendor\\laravel\\framework\\src\\Illuminate\\Foundation\\Http\\Middleware\\VerifyCsrfToken.php(87): Illuminate\\Pipeline\\Pipeline->Illuminate\\Pipeline\\{closure}(Object(Illuminate\\Http\\Request))
#14 C:\\Users\\MyBook14F\\Downloads\\Appointment-Booking-System-master\\vendor\\laravel\\framework\\src\\Illuminate\\Pipeline\\Pipeline.php(208): Illuminate\\Foundation\\Http\\Middleware\\VerifyCsrfToken->handle(Object(Illuminate\\Http\\Request), Object(Closure))
#15 C:\\Users\\MyBook14F\\Downloads\\Appointment-Booking-System-master\\vendor\\laravel\\framework\\src\\Illuminate\\View\\Middleware\\ShareErrorsFromSession.php(48): Illuminate\\Pipeline\\Pipeline->Illuminate\\Pipeline\\{closure}(Object(Illuminate\\Http\\Request))
#16 C:\\Users\\MyBook14F\\Downloads\\Appointment-Booking-System-master\\vendor\\laravel\\framework\\src\\Illuminate\\Pipeline\\Pipeline.php(208): Illuminate\\View\\Middleware\\ShareErrorsFromSession->handle(Object(Illuminate\\Http\\Request), Object(Closure))
#17 C:\\Users\\MyBook14F\\Downloads\\Appointment-Booking-System-master\\vendor\\laravel\\framework\\src\\Illuminate\\Session\\Middleware\\StartSession.php(120): Illuminate\\Pipeline\\Pipeline->Illuminate\\Pipeline\\{closure}(Object(Illuminate\\Http\\Request))
#18 C:\\Users\\MyBook14F\\Downloads\\Appointment-Booking-System-master\\vendor\\laravel\\framework\\src\\Illuminate\\Session\\Middleware\\StartSession.php(63): Illuminate\\Session\\Middleware\\StartSession->handleStatefulRequest(Object(Illuminate\\Http\\Request), Object(Illuminate\\Session\\Store), Object(Closure))
#19 C:\\Users\\MyBook14F\\Downloads\\Appointment-Booking-System-master\\vendor\\laravel\\framework\\src\\Illuminate\\Pipeline\\Pipeline.php(208): Illuminate\\Session\\Middleware\\StartSession->handle(Object(Illuminate\\Http\\Request), Object(Closure))
#20 C:\\Users\\MyBook14F\\Downloads\\Appointment-Booking-System-master\\vendor\\laravel\\framework\\src\\Illuminate\\Cookie\\Middleware\\AddQueuedCookiesToResponse.php(36): Illuminate\\Pipeline\\Pipeline->Illuminate\\Pipeline\\{closure}(Object(Illuminate\\Http\\Request))
#21 C:\\Users\\MyBook14F\\Downloads\\Appointment-Booking-System-master\\vendor\\laravel\\framework\\src\\Illuminate\\Pipeline\\Pipeline.php(208): Illuminate\\Cookie\\Middleware\\AddQueuedCookiesToResponse->handle(Object(Illuminate\\Http\\Request), Object(Closure))
#22 C:\\Users\\MyBook14F\\Downloads\\Appointment-Booking-System-master\\vendor\\laravel\\framework\\src\\Illuminate\\Cookie\\Middleware\\EncryptCookies.php(74): Illuminate\\Pipeline\\Pipeline->Illuminate\\Pipeline\\{closure}(Object(Illuminate\\Http\\Request))
#23 C:\\Users\\MyBook14F\\Downloads\\Appointment-Booking-System-master\\vendor\\laravel\\framework\\src\\Illuminate\\Pipeline\\Pipeline.php(208): Illuminate\\Cookie\\Middleware\\EncryptCookies->handle(Object(Illuminate\\Http\\Request), Object(Closure))
#24 C:\\Users\\MyBook14F\\Downloads\\Appointment-Booking-System-master\\vendor\\laravel\\framework\\src\\Illuminate\\Pipeline\\Pipeline.php(126): Illuminate\\Pipeline\\Pipeline->Illuminate\\Pipeline\\{closure}(Object(Illuminate\\Http\\Request))
#25 C:\\Users\\MyBook14F\\Downloads\\Appointment-Booking-System-master\\vendor\\laravel\\framework\\src\\Illuminate\\Routing\\Router.php(807): Illuminate\\Pipeline\\Pipeline->then(Object(Closure))
#26 C:\\Users\\MyBook14F\\Downloads\\Appointment-Booking-System-master\\vendor\\laravel\\framework\\src\\Illuminate\\Routing\\Router.php(786): Illuminate\\Routing\\Router->runRouteWithinStack(Object(Illuminate\\Routing\\Route), Object(Illuminate\\Http\\Request))
#27 C:\\Users\\MyBook14F\\Downloads\\Appointment-Booking-System-master\\vendor\\laravel\\framework\\src\\Illuminate\\Routing\\Router.php(750): Illuminate\\Routing\\Router->runRoute(Object(Illuminate\\Http\\Request), Object(Illuminate\\Routing\\Route))
#28 C:\\Users\\MyBook14F\\Downloads\\Appointment-Booking-System-master\\vendor\\laravel\\framework\\src\\Illuminate\\Routing\\Router.php(739): Illuminate\\Routing\\Router->dispatchToRoute(Object(Illuminate\\Http\\Request))
#29 C:\\Users\\MyBook14F\\Downloads\\Appointment-Booking-System-master\\vendor\\laravel\\framework\\src\\Illuminate\\Foundation\\Http\\Kernel.php(200): Illuminate\\Routing\\Router->dispatch(Object(Illuminate\\Http\\Request))
#30 C:\\Users\\MyBook14F\\Downloads\\Appointment-Booking-System-master\\vendor\\laravel\\framework\\src\\Illuminate\\Pipeline\\Pipeline.php(169): Illuminate\\Foundation\\Http\\Kernel->Illuminate\\Foundation\\Http\\{closure}(Object(Illuminate\\Http\\Request))
#31 C:\\Users\\MyBook14F\\Downloads\\Appointment-Booking-System-master\\vendor\\laravel\\framework\\src\\Illuminate\\Foundation\\Http\\Middleware\\TransformsRequest.php(21): Illuminate\\Pipeline\\Pipeline->Illuminate\\Pipeline\\{closure}(Object(Illuminate\\Http\\Request))
#32 C:\\Users\\MyBook14F\\Downloads\\Appointment-Booking-System-master\\vendor\\laravel\\framework\\src\\Illuminate\\Foundation\\Http\\Middleware\\ConvertEmptyStringsToNull.php(31): Illuminate\\Foundation\\Http\\Middleware\\TransformsRequest->handle(Object(Illuminate\\Http\\Request), Object(Closure))
#33 C:\\Users\\MyBook14F\\Downloads\\Appointment-Booking-System-master\\vendor\\laravel\\framework\\src\\Illuminate\\Pipeline\\Pipeline.php(208): Illuminate\\Foundation\\Http\\Middleware\\ConvertEmptyStringsToNull->handle(Object(Illuminate\\Http\\Request), Object(Closure))
#34 C:\\Users\\MyBook14F\\Downloads\\Appointment-Booking-System-master\\vendor\\laravel\\framework\\src\\Illuminate\\Foundation\\Http\\Middleware\\TransformsRequest.php(21): Illuminate\\Pipeline\\Pipeline->Illuminate\\Pipeline\\{closure}(Object(Illuminate\\Http\\Request))
#35 C:\\Users\\MyBook14F\\Downloads\\Appointment-Booking-System-master\\vendor\\laravel\\framework\\src\\Illuminate\\Foundation\\Http\\Middleware\\TrimStrings.php(51): Illuminate\\Foundation\\Http\\Middleware\\TransformsRequest->handle(Object(Illuminate\\Http\\Request), Object(Closure))
#36 C:\\Users\\MyBook14F\\Downloads\\Appointment-Booking-System-master\\vendor\\laravel\\framework\\src\\Illuminate\\Pipeline\\Pipeline.php(208): Illuminate\\Foundation\\Http\\Middleware\\TrimStrings->handle(Object(Illuminate\\Http\\Request), Object(Closure))
#37 C:\\Users\\MyBook14F\\Downloads\\Appointment-Booking-System-master\\vendor\\laravel\\framework\\src\\Illuminate\\Http\\Middleware\\ValidatePostSize.php(27): Illuminate\\Pipeline\\Pipeline->Illuminate\\Pipeline\\{closure}(Object(Illuminate\\Http\\Request))
#38 C:\\Users\\MyBook14F\\Downloads\\Appointment-Booking-System-master\\vendor\\laravel\\framework\\src\\Illuminate\\Pipeline\\Pipeline.php(208): Illuminate\\Http\\Middleware\\ValidatePostSize->handle(Object(Illuminate\\Http\\Request), Object(Closure))
#39 C:\\Users\\MyBook14F\\Downloads\\Appointment-Booking-System-master\\vendor\\laravel\\framework\\src\\Illuminate\\Foundation\\Http\\Middleware\\PreventRequestsDuringMaintenance.php(109): Illuminate\\Pipeline\\Pipeline->Illuminate\\Pipeline\\{closure}(Object(Illuminate\\Http\\Request))
#40 C:\\Users\\MyBook14F\\Downloads\\Appointment-Booking-System-master\\vendor\\laravel\\framework\\src\\Illuminate\\Pipeline\\Pipeline.php(208): Illuminate\\Foundation\\Http\\Middleware\\PreventRequestsDuringMaintenance->handle(Object(Illuminate\\Http\\Request), Object(Closure))
#41 C:\\Users\\MyBook14F\\Downloads\\Appointment-Booking-System-master\\vendor\\laravel\\framework\\src\\Illuminate\\Http\\Middleware\\HandleCors.php(48): Illuminate\\Pipeline\\Pipeline->Illuminate\\Pipeline\\{closure}(Object(Illuminate\\Http\\Request))
#42 C:\\Users\\MyBook14F\\Downloads\\Appointment-Booking-System-master\\vendor\\laravel\\framework\\src\\Illuminate\\Pipeline\\Pipeline.php(208): Illuminate\\Http\\Middleware\\HandleCors->handle(Object(Illuminate\\Http\\Request), Object(Closure))
#43 C:\\Users\\MyBook14F\\Downloads\\Appointment-Booking-System-master\\vendor\\laravel\\framework\\src\\Illuminate\\Http\\Middleware\\TrustProxies.php(58): Illuminate\\Pipeline\\Pipeline->Illuminate\\Pipeline\\{closure}(Object(Illuminate\\Http\\Request))
#44 C:\\Users\\MyBook14F\\Downloads\\Appointment-Booking-System-master\\vendor\\laravel\\framework\\src\\Illuminate\\Pipeline\\Pipeline.php(208): Illuminate\\Http\\Middleware\\TrustProxies->handle(Object(Illuminate\\Http\\Request), Object(Closure))
#45 C:\\Users\\MyBook14F\\Downloads\\Appointment-Booking-System-master\\vendor\\laravel\\framework\\src\\Illuminate\\Foundation\\Http\\Middleware\\InvokeDeferredCallbacks.php(22): Illuminate\\Pipeline\\Pipeline->Illuminate\\Pipeline\\{closure}(Object(Illuminate\\Http\\Request))
#46 C:\\Users\\MyBook14F\\Downloads\\Appointment-Booking-System-master\\vendor\\laravel\\framework\\src\\Illuminate\\Pipeline\\Pipeline.php(208): Illuminate\\Foundation\\Http\\Middleware\\InvokeDeferredCallbacks->handle(Object(Illuminate\\Http\\Request), Object(Closure))
#47 C:\\Users\\MyBook14F\\Downloads\\Appointment-Booking-System-master\\vendor\\laravel\\framework\\src\\Illuminate\\Http\\Middleware\\ValidatePathEncoding.php(26): Illuminate\\Pipeline\\Pipeline->Illuminate\\Pipeline\\{closure}(Object(Illuminate\\Http\\Request))
#48 C:\\Users\\MyBook14F\\Downloads\\Appointment-Booking-System-master\\vendor\\laravel\\framework\\src\\Illuminate\\Pipeline\\Pipeline.php(208): Illuminate\\Http\\Middleware\\ValidatePathEncoding->handle(Object(Illuminate\\Http\\Request), Object(Closure))
#49 C:\\Users\\MyBook14F\\Downloads\\Appointment-Booking-System-master\\vendor\\laravel\\framework\\src\\Illuminate\\Pipeline\\Pipeline.php(126): Illuminate\\Pipeline\\Pipeline->Illuminate\\Pipeline\\{closure}(Object(Illuminate\\Http\\Request))
#50 C:\\Users\\MyBook14F\\Downloads\\Appointment-Booking-System-master\\vendor\\laravel\\framework\\src\\Illuminate\\Foundation\\Http\\Kernel.php(175): Illuminate\\Pipeline\\Pipeline->then(Object(Closure))
#51 C:\\Users\\MyBook14F\\Downloads\\Appointment-Booking-System-master\\vendor\\laravel\\framework\\src\\Illuminate\\Foundation\\Http\\Kernel.php(144): Illuminate\\Foundation\\Http\\Kernel->sendRequestThroughRouter(Object(Illuminate\\Http\\Request))
#52 C:\\Users\\MyBook14F\\Downloads\\Appointment-Booking-System-master\\vendor\\laravel\\framework\\src\\Illuminate\\Foundation\\Application.php(1219): Illuminate\\Foundation\\Http\\Kernel->handle(Object(Illuminate\\Http\\Request))
#53 C:\\Users\\MyBook14F\\Downloads\\Appointment-Booking-System-master\\public\\index.php(20): Illuminate\\Foundation\\Application->handleRequest(Object(Illuminate\\Http\\Request))
#54 C:\\Users\\MyBook14F\\Downloads\\Appointment-Booking-System-master\\vendor\\laravel\\framework\\src\\Illuminate\\Foundation\\resources\\server.php(23): require_once('C:\\\\Users\\\\MyBook...')
#55 {main}

[previous exception] [object] (Illuminate\\Foundation\\ViteManifestNotFoundException(code: 0): Vite manifest not found at: C:\\Users\\MyBook14F\\Downloads\\Appointment-Booking-System-master\\public\\build/manifest.json at C:\\Users\\MyBook14F\\Downloads\\Appointment-Booking-System-master\\vendor\\laravel\\framework\\src\\Illuminate\\Foundation\\Vite.php:934)
[stacktrace]
#0 C:\\Users\\MyBook14F\\Downloads\\Appointment-Booking-System-master\\vendor\\laravel\\framework\\src\\Illuminate\\Foundation\\Vite.php(384): Illuminate\\Foundation\\Vite->manifest('build')
#1 C:\\Users\\MyBook14F\\Downloads\\Appointment-Booking-System-master\\storage\\framework\\views\\8b82b48be017ce50fdf82da87a4057bd.php(8): Illuminate\\Foundation\\Vite->__invoke(Object(Illuminate\\Support\\Collection))
#2 C:\\Users\\MyBook14F\\Downloads\\Appointment-Booking-System-master\\vendor\\laravel\\framework\\src\\Illuminate\\Filesystem\\Filesystem.php(123): require('C:\\\\Users\\\\MyBook...')
#3 C:\\Users\\MyBook14F\\Downloads\\Appointment-Booking-System-master\\vendor\\laravel\\framework\\src\\Illuminate\\Filesystem\\Filesystem.php(124): Illuminate\\Filesystem\\Filesystem::Illuminate\\Filesystem\\{closure}()
#4 C:\\Users\\MyBook14F\\Downloads\\Appointment-Booking-System-master\\vendor\\laravel\\framework\\src\\Illuminate\\View\\Engines\\PhpEngine.php(57): Illuminate\\Filesystem\\Filesystem->getRequire('C:\\\\Users\\\\MyBook...', Array)
#5 C:\\Users\\MyBook14F\\Downloads\\Appointment-Booking-System-master\\vendor\\laravel\\framework\\src\\Illuminate\\View\\Engines\\CompilerEngine.php(76): Illuminate\\View\\Engines\\PhpEngine->evaluatePath('C:\\\\Users\\\\MyBook...', Array)
#6 C:\\Users\\MyBook14F\\Downloads\\Appointment-Booking-System-master\\vendor\\laravel\\framework\\src\\Illuminate\\View\\View.php(208): Illuminate\\View\\Engines\\CompilerEngine->get('C:\\\\Users\\\\MyBook...', Array)
#7 C:\\Users\\MyBook14F\\Downloads\\Appointment-Booking-System-master\\vendor\\laravel\\framework\\src\\Illuminate\\View\\View.php(191): Illuminate\\View\\View->getContents()
#8 C:\\Users\\MyBook14F\\Downloads\\Appointment-Booking-System-master\\vendor\\laravel\\framework\\src\\Illuminate\\View\\View.php(160): Illuminate\\View\\View->renderContents()
#9 C:\\Users\\MyBook14F\\Downloads\\Appointment-Booking-System-master\\vendor\\laravel\\framework\\src\\Illuminate\\Http\\Response.php(78): Illuminate\\View\\View->render()
#10 C:\\Users\\MyBook14F\\Downloads\\Appointment-Booking-System-master\\vendor\\laravel\\framework\\src\\Illuminate\\Http\\Response.php(34): Illuminate\\Http\\Response->setContent(Object(Illuminate\\View\\View))
#11 C:\\Users\\MyBook14F\\Downloads\\Appointment-Booking-System-master\\vendor\\laravel\\framework\\src\\Illuminate\\Routing\\Router.php(924): Illuminate\\Http\\Response->__construct(Object(Illuminate\\View\\View), 200, Array)
#12 C:\\Users\\MyBook14F\\Downloads\\Appointment-Booking-System-master\\vendor\\laravel\\framework\\src\\Illuminate\\Routing\\Router.php(891): Illuminate\\Routing\\Router::toResponse(Object(Illuminate\\Http\\Request), Object(Illuminate\\View\\View))
#13 C:\\Users\\MyBook14F\\Downloads\\Appointment-Booking-System-master\\vendor\\laravel\\framework\\src\\Illuminate\\Routing\\Router.php(807): Illuminate\\Routing\\Router->prepareResponse(Object(Illuminate\\Http\\Request), Object(Illuminate\\View\\View))
#14 C:\\Users\\MyBook14F\\Downloads\\Appointment-Booking-System-master\\vendor\\laravel\\framework\\src\\Illuminate\\Pipeline\\Pipeline.php(169): Illuminate\\Routing\\Router->Illuminate\\Routing\\{closure}(Object(Illuminate\\Http\\Request))
#15 C:\\Users\\MyBook14F\\Downloads\\Appointment-Booking-System-master\\vendor\\laravel\\framework\\src\\Illuminate\\Routing\\Middleware\\SubstituteBindings.php(50): Illuminate\\Pipeline\\Pipeline->Illuminate\\Pipeline\\{closure}(Object(Illuminate\\Http\\Request))
#16 C:\\Users\\MyBook14F\\Downloads\\Appointment-Booking-System-master\\vendor\\laravel\\framework\\src\\Illuminate\\Pipeline\\Pipeline.php(208): Illuminate\\Routing\\Middleware\\SubstituteBindings->handle(Object(Illuminate\\Http\\Request), Object(Closure))
#17 C:\\Users\\MyBook14F\\Downloads\\Appointment-Booking-System-master\\vendor\\laravel\\framework\\src\\Illuminate\\Foundation\\Http\\Middleware\\VerifyCsrfToken.php(87): Illuminate\\Pipeline\\Pipeline->Illuminate\\Pipeline\\{closure}(Object(Illuminate\\Http\\Request))
#18 C:\\Users\\MyBook14F\\Downloads\\Appointment-Booking-System-master\\vendor\\laravel\\framework\\src\\Illuminate\\Pipeline\\Pipeline.php(208): Illuminate\\Foundation\\Http\\Middleware\\VerifyCsrfToken->handle(Object(Illuminate\\Http\\Request), Object(Closure))
#19 C:\\Users\\MyBook14F\\Downloads\\Appointment-Booking-System-master\\vendor\\laravel\\framework\\src\\Illuminate\\View\\Middleware\\ShareErrorsFromSession.php(48): Illuminate\\Pipeline\\Pipeline->Illuminate\\Pipeline\\{closure}(Object(Illuminate\\Http\\Request))
#20 C:\\Users\\MyBook14F\\Downloads\\Appointment-Booking-System-master\\vendor\\laravel\\framework\\src\\Illuminate\\Pipeline\\Pipeline.php(208): Illuminate\\View\\Middleware\\ShareErrorsFromSession->handle(Object(Illuminate\\Http\\Request), Object(Closure))
#21 C:\\Users\\MyBook14F\\Downloads\\Appointment-Booking-System-master\\vendor\\laravel\\framework\\src\\Illuminate\\Session\\Middleware\\StartSession.php(120): Illuminate\\Pipeline\\Pipeline->Illuminate\\Pipeline\\{closure}(Object(Illuminate\\Http\\Request))
#22 C:\\Users\\MyBook14F\\Downloads\\Appointment-Booking-System-master\\vendor\\laravel\\framework\\src\\Illuminate\\Session\\Middleware\\StartSession.php(63): Illuminate\\Session\\Middleware\\StartSession->handleStatefulRequest(Object(Illuminate\\Http\\Request), Object(Illuminate\\Session\\Store), Object(Closure))
#23 C:\\Users\\MyBook14F\\Downloads\\Appointment-Booking-System-master\\vendor\\laravel\\framework\\src\\Illuminate\\Pipeline\\Pipeline.php(208): Illuminate\\Session\\Middleware\\StartSession->handle(Object(Illuminate\\Http\\Request), Object(Closure))
#24 C:\\Users\\MyBook14F\\Downloads\\Appointment-Booking-System-master\\vendor\\laravel\\framework\\src\\Illuminate\\Cookie\\Middleware\\AddQueuedCookiesToResponse.php(36): Illuminate\\Pipeline\\Pipeline->Illuminate\\Pipeline\\{closure}(Object(Illuminate\\Http\\Request))
#25 C:\\Users\\MyBook14F\\Downloads\\Appointment-Booking-System-master\\vendor\\laravel\\framework\\src\\Illuminate\\Pipeline\\Pipeline.php(208): Illuminate\\Cookie\\Middleware\\AddQueuedCookiesToResponse->handle(Object(Illuminate\\Http\\Request), Object(Closure))
#26 C:\\Users\\MyBook14F\\Downloads\\Appointment-Booking-System-master\\vendor\\laravel\\framework\\src\\Illuminate\\Cookie\\Middleware\\EncryptCookies.php(74): Illuminate\\Pipeline\\Pipeline->Illuminate\\Pipeline\\{closure}(Object(Illuminate\\Http\\Request))
#27 C:\\Users\\MyBook14F\\Downloads\\Appointment-Booking-System-master\\vendor\\laravel\\framework\\src\\Illuminate\\Pipeline\\Pipeline.php(208): Illuminate\\Cookie\\Middleware\\EncryptCookies->handle(Object(Illuminate\\Http\\Request), Object(Closure))
#28 C:\\Users\\MyBook14F\\Downloads\\Appointment-Booking-System-master\\vendor\\laravel\\framework\\src\\Illuminate\\Pipeline\\Pipeline.php(126): Illuminate\\Pipeline\\Pipeline->Illuminate\\Pipeline\\{closure}(Object(Illuminate\\Http\\Request))
#29 C:\\Users\\MyBook14F\\Downloads\\Appointment-Booking-System-master\\vendor\\laravel\\framework\\src\\Illuminate\\Routing\\Router.php(807): Illuminate\\Pipeline\\Pipeline->then(Object(Closure))
#30 C:\\Users\\MyBook14F\\Downloads\\Appointment-Booking-System-master\\vendor\\laravel\\framework\\src\\Illuminate\\Routing\\Router.php(786): Illuminate\\Routing\\Router->runRouteWithinStack(Object(Illuminate\\Routing\\Route), Object(Illuminate\\Http\\Request))
#31 C:\\Users\\MyBook14F\\Downloads\\Appointment-Booking-System-master\\vendor\\laravel\\framework\\src\\Illuminate\\Routing\\Router.php(750): Illuminate\\Routing\\Router->runRoute(Object(Illuminate\\Http\\Request), Object(Illuminate\\Routing\\Route))
#32 C:\\Users\\MyBook14F\\Downloads\\Appointment-Booking-System-master\\vendor\\laravel\\framework\\src\\Illuminate\\Routing\\Router.php(739): Illuminate\\Routing\\Router->dispatchToRoute(Object(Illuminate\\Http\\Request))
#33 C:\\Users\\MyBook14F\\Downloads\\Appointment-Booking-System-master\\vendor\\laravel\\framework\\src\\Illuminate\\Foundation\\Http\\Kernel.php(200): Illuminate\\Routing\\Router->dispatch(Object(Illuminate\\Http\\Request))
#34 C:\\Users\\MyBook14F\\Downloads\\Appointment-Booking-System-master\\vendor\\laravel\\framework\\src\\Illuminate\\Pipeline\\Pipeline.php(169): Illuminate\\Foundation\\Http\\Kernel->Illuminate\\Foundation\\Http\\{closure}(Object(Illuminate\\Http\\Request))
#35 C:\\Users\\MyBook14F\\Downloads\\Appointment-Booking-System-master\\vendor\\laravel\\framework\\src\\Illuminate\\Foundation\\Http\\Middleware\\TransformsRequest.php(21): Illuminate\\Pipeline\\Pipeline->Illuminate\\Pipeline\\{closure}(Object(Illuminate\\Http\\Request))
#36 C:\\Users\\MyBook14F\\Downloads\\Appointment-Booking-System-master\\vendor\\laravel\\framework\\src\\Illuminate\\Foundation\\Http\\Middleware\\ConvertEmptyStringsToNull.php(31): Illuminate\\Foundation\\Http\\Middleware\\TransformsRequest->handle(Object(Illuminate\\Http\\Request), Object(Closure))
#37 C:\\Users\\MyBook14F\\Downloads\\Appointment-Booking-System-master\\vendor\\laravel\\framework\\src\\Illuminate\\Pipeline\\Pipeline.php(208): Illuminate\\Foundation\\Http\\Middleware\\ConvertEmptyStringsToNull->handle(Object(Illuminate\\Http\\Request), Object(Closure))
#38 C:\\Users\\MyBook14F\\Downloads\\Appointment-Booking-System-master\\vendor\\laravel\\framework\\src\\Illuminate\\Foundation\\Http\\Middleware\\TransformsRequest.php(21): Illuminate\\Pipeline\\Pipeline->Illuminate\\Pipeline\\{closure}(Object(Illuminate\\Http\\Request))
#39 C:\\Users\\MyBook14F\\Downloads\\Appointment-Booking-System-master\\vendor\\laravel\\framework\\src\\Illuminate\\Foundation\\Http\\Middleware\\TrimStrings.php(51): Illuminate\\Foundation\\Http\\Middleware\\TransformsRequest->handle(Object(Illuminate\\Http\\Request), Object(Closure))
#40 C:\\Users\\MyBook14F\\Downloads\\Appointment-Booking-System-master\\vendor\\laravel\\framework\\src\\Illuminate\\Pipeline\\Pipeline.php(208): Illuminate\\Foundation\\Http\\Middleware\\TrimStrings->handle(Object(Illuminate\\Http\\Request), Object(Closure))
#41 C:\\Users\\MyBook14F\\Downloads\\Appointment-Booking-System-master\\vendor\\laravel\\framework\\src\\Illuminate\\Http\\Middleware\\ValidatePostSize.php(27): Illuminate\\Pipeline\\Pipeline->Illuminate\\Pipeline\\{closure}(Object(Illuminate\\Http\\Request))
#42 C:\\Users\\MyBook14F\\Downloads\\Appointment-Booking-System-master\\vendor\\laravel\\framework\\src\\Illuminate\\Pipeline\\Pipeline.php(208): Illuminate\\Http\\Middleware\\ValidatePostSize->handle(Object(Illuminate\\Http\\Request), Object(Closure))
#43 C:\\Users\\MyBook14F\\Downloads\\Appointment-Booking-System-master\\vendor\\laravel\\framework\\src\\Illuminate\\Foundation\\Http\\Middleware\\PreventRequestsDuringMaintenance.php(109): Illuminate\\Pipeline\\Pipeline->Illuminate\\Pipeline\\{closure}(Object(Illuminate\\Http\\Request))
#44 C:\\Users\\MyBook14F\\Downloads\\Appointment-Booking-System-master\\vendor\\laravel\\framework\\src\\Illuminate\\Pipeline\\Pipeline.php(208): Illuminate\\Foundation\\Http\\Middleware\\PreventRequestsDuringMaintenance->handle(Object(Illuminate\\Http\\Request), Object(Closure))
#45 C:\\Users\\MyBook14F\\Downloads\\Appointment-Booking-System-master\\vendor\\laravel\\framework\\src\\Illuminate\\Http\\Middleware\\HandleCors.php(48): Illuminate\\Pipeline\\Pipeline->Illuminate\\Pipeline\\{closure}(Object(Illuminate\\Http\\Request))
#46 C:\\Users\\MyBook14F\\Downloads\\Appointment-Booking-System-master\\vendor\\laravel\\framework\\src\\Illuminate\\Pipeline\\Pipeline.php(208): Illuminate\\Http\\Middleware\\HandleCors->handle(Object(Illuminate\\Http\\Request), Object(Closure))
#47 C:\\Users\\MyBook14F\\Downloads\\Appointment-Booking-System-master\\vendor\\laravel\\framework\\src\\Illuminate\\Http\\Middleware\\TrustProxies.php(58): Illuminate\\Pipeline\\Pipeline->Illuminate\\Pipeline\\{closure}(Object(Illuminate\\Http\\Request))
#48 C:\\Users\\MyBook14F\\Downloads\\Appointment-Booking-System-master\\vendor\\laravel\\framework\\src\\Illuminate\\Pipeline\\Pipeline.php(208): Illuminate\\Http\\Middleware\\TrustProxies->handle(Object(Illuminate\\Http\\Request), Object(Closure))
#49 C:\\Users\\MyBook14F\\Downloads\\Appointment-Booking-System-master\\vendor\\laravel\\framework\\src\\Illuminate\\Foundation\\Http\\Middleware\\InvokeDeferredCallbacks.php(22): Illuminate\\Pipeline\\Pipeline->Illuminate\\Pipeline\\{closure}(Object(Illuminate\\Http\\Request))
#50 C:\\Users\\MyBook14F\\Downloads\\Appointment-Booking-System-master\\vendor\\laravel\\framework\\src\\Illuminate\\Pipeline\\Pipeline.php(208): Illuminate\\Foundation\\Http\\Middleware\\InvokeDeferredCallbacks->handle(Object(Illuminate\\Http\\Request), Object(Closure))
#51 C:\\Users\\MyBook14F\\Downloads\\Appointment-Booking-System-master\\vendor\\laravel\\framework\\src\\Illuminate\\Http\\Middleware\\ValidatePathEncoding.php(26): Illuminate\\Pipeline\\Pipeline->Illuminate\\Pipeline\\{closure}(Object(Illuminate\\Http\\Request))
#52 C:\\Users\\MyBook14F\\Downloads\\Appointment-Booking-System-master\\vendor\\laravel\\framework\\src\\Illuminate\\Pipeline\\Pipeline.php(208): Illuminate\\Http\\Middleware\\ValidatePathEncoding->handle(Object(Illuminate\\Http\\Request), Object(Closure))
#53 C:\\Users\\MyBook14F\\Downloads\\Appointment-Booking-System-master\\vendor\\laravel\\framework\\src\\Illuminate\\Pipeline\\Pipeline.php(126): Illuminate\\Pipeline\\Pipeline->Illuminate\\Pipeline\\{closure}(Object(Illuminate\\Http\\Request))
#54 C:\\Users\\MyBook14F\\Downloads\\Appointment-Booking-System-master\\vendor\\laravel\\framework\\src\\Illuminate\\Foundation\\Http\\Kernel.php(175): Illuminate\\Pipeline\\Pipeline->then(Object(Closure))
#55 C:\\Users\\MyBook14F\\Downloads\\Appointment-Booking-System-master\\vendor\\laravel\\framework\\src\\Illuminate\\Foundation\\Http\\Kernel.php(144): Illuminate\\Foundation\\Http\\Kernel->sendRequestThroughRouter(Object(Illuminate\\Http\\Request))
#56 C:\\Users\\MyBook14F\\Downloads\\Appointment-Booking-System-master\\vendor\\laravel\\framework\\src\\Illuminate\\Foundation\\Application.php(1219): Illuminate\\Foundation\\Http\\Kernel->handle(Object(Illuminate\\Http\\Request))
#57 C:\\Users\\MyBook14F\\Downloads\\Appointment-Booking-System-master\\public\\index.php(20): Illuminate\\Foundation\\Application->handleRequest(Object(Illuminate\\Http\\Request))
#58 C:\\Users\\MyBook14F\\Downloads\\Appointment-Booking-System-master\\vendor\\laravel\\framework\\src\\Illuminate\\Foundation\\resources\\server.php(23): require_once('C:\\\\Users\\\\MyBook...')
#59 {main}
"} 
[2026-05-16 07:33:38] local.ERROR: SQLSTATE[23000]: Integrity constraint violation: 19 UNIQUE constraint failed: users.email (Connection: sqlite, SQL: insert into "users" ("name", "email", "email_verified_at", "password", "remember_token", "updated_at", "created_at") values (Test User, test@example.com, 2026-05-16 07:33:33, $2y$12$ExjCW560UoZO2AHayJA7XuokbynpsHXgh36KrndqH5jWzgMZV/Rre, P9ZhfEIsx1, 2026-05-16 07:33:34, 2026-05-16 07:33:34)) {"exception":"[object] (Illuminate\\Database\\UniqueConstraintViolationException(code: 23000): SQLSTATE[23000]: Integrity constraint violation: 19 UNIQUE constraint failed: users.email (Connection: sqlite, SQL: insert into \"users\" (\"name\", \"email\", \"email_verified_at\", \"password\", \"remember_token\", \"updated_at\", \"created_at\") values (Test User, test@example.com, 2026-05-16 07:33:33, $2y$12$ExjCW560UoZO2AHayJA7XuokbynpsHXgh36KrndqH5jWzgMZV/Rre, P9ZhfEIsx1, 2026-05-16 07:33:34, 2026-05-16 07:33:34)) at C:\\Users\\MyBook14F\\Downloads\\Appointment-Booking-System-master\\vendor\\laravel\\framework\\src\\Illuminate\\Database\\Connection.php:817)
[stacktrace]
#0 C:\\Users\\MyBook14F\\Downloads\\Appointment-Booking-System-master\\vendor\\laravel\\framework\\src\\Illuminate\\Database\\Connection.php(776): Illuminate\\Database\\Connection->runQueryCallback('insert into \"us...', Array, Object(Closure))
#1 C:\\Users\\MyBook14F\\Downloads\\Appointment-Booking-System-master\\vendor\\laravel\\framework\\src\\Illuminate\\Database\\Connection.php(557): Illuminate\\Database\\Connection->run('insert into \"us...', Array, Object(Closure))
#2 C:\\Users\\MyBook14F\\Downloads\\Appointment-Booking-System-master\\vendor\\laravel\\framework\\src\\Illuminate\\Database\\Connection.php(521): Illuminate\\Database\\Connection->statement('insert into \"us...', Array)
#3 C:\\Users\\MyBook14F\\Downloads\\Appointment-Booking-System-master\\vendor\\laravel\\framework\\src\\Illuminate\\Database\\Query\\Processors\\Processor.php(32): Illuminate\\Database\\Connection->insert('insert into \"us...', Array)
#4 C:\\Users\\MyBook14F\\Downloads\\Appointment-Booking-System-master\\vendor\\laravel\\framework\\src\\Illuminate\\Database\\Query\\Builder.php(3796): Illuminate\\Database\\Query\\Processors\\Processor->processInsertGetId(Object(Illuminate\\Database\\Query\\Builder), 'insert into \"us...', Array, 'id')
#5 C:\\Users\\MyBook14F\\Downloads\\Appointment-Booking-System-master\\vendor\\laravel\\framework\\src\\Illuminate\\Database\\Eloquent\\Builder.php(2205): Illuminate\\Database\\Query\\Builder->insertGetId(Array, 'id')
#6 C:\\Users\\MyBook14F\\Downloads\\Appointment-Booking-System-master\\vendor\\laravel\\framework\\src\\Illuminate\\Database\\Eloquent\\Model.php(1431): Illuminate\\Database\\Eloquent\\Builder->__call('insertGetId', Array)
#7 C:\\Users\\MyBook14F\\Downloads\\Appointment-Booking-System-master\\vendor\\laravel\\framework\\src\\Illuminate\\Database\\Eloquent\\Model.php(1396): Illuminate\\Database\\Eloquent\\Model->insertAndSetId(Object(Illuminate\\Database\\Eloquent\\Builder), Array)
#8 C:\\Users\\MyBook14F\\Downloads\\Appointment-Booking-System-master\\vendor\\laravel\\framework\\src\\Illuminate\\Database\\Eloquent\\Model.php(1235): Illuminate\\Database\\Eloquent\\Model->performInsert(Object(Illuminate\\Database\\Eloquent\\Builder))
#9 C:\\Users\\MyBook14F\\Downloads\\Appointment-Booking-System-master\\vendor\\laravel\\framework\\src\\Illuminate\\Database\\Eloquent\\Factories\\Factory.php(350): Illuminate\\Database\\Eloquent\\Model->save()
#10 C:\\Users\\MyBook14F\\Downloads\\Appointment-Booking-System-master\\vendor\\laravel\\framework\\src\\Illuminate\\Collections\\Traits\\EnumeratesValues.php(271): Illuminate\\Database\\Eloquent\\Factories\\Factory->Illuminate\\Database\\Eloquent\\Factories\\{closure}(Object(App\\Models\\User), 0)
#11 C:\\Users\\MyBook14F\\Downloads\\Appointment-Booking-System-master\\vendor\\laravel\\framework\\src\\Illuminate\\Database\\Eloquent\\Factories\\Factory.php(345): Illuminate\\Support\\Collection->each(Object(Closure))
#12 C:\\Users\\MyBook14F\\Downloads\\Appointment-Booking-System-master\\vendor\\laravel\\framework\\src\\Illuminate\\Database\\Eloquent\\Factories\\Factory.php(301): Illuminate\\Database\\Eloquent\\Factories\\Factory->store(Object(Illuminate\\Support\\Collection))
#13 C:\\Users\\MyBook14F\\Downloads\\Appointment-Booking-System-master\\vendor\\laravel\\framework\\src\\Illuminate\\Database\\Eloquent\\Factories\\Factory.php(295): Illuminate\\Database\\Eloquent\\Factories\\Factory->create(Array, NULL)
#14 C:\\Users\\MyBook14F\\Downloads\\Appointment-Booking-System-master\\database\\seeders\\DatabaseSeeder.php(18): Illuminate\\Database\\Eloquent\\Factories\\Factory->create(Array)
#15 C:\\Users\\MyBook14F\\Downloads\\Appointment-Booking-System-master\\vendor\\laravel\\framework\\src\\Illuminate\\Container\\BoundMethod.php(36): Database\\Seeders\\DatabaseSeeder->run()
#16 C:\\Users\\MyBook14F\\Downloads\\Appointment-Booking-System-master\\vendor\\laravel\\framework\\src\\Illuminate\\Container\\Util.php(43): Illuminate\\Container\\BoundMethod::Illuminate\\Container\\{closure}()
#17 C:\\Users\\MyBook14F\\Downloads\\Appointment-Booking-System-master\\vendor\\laravel\\framework\\src\\Illuminate\\Container\\BoundMethod.php(96): Illuminate\\Container\\Util::unwrapIfClosure(Object(Closure))
#18 C:\\Users\\MyBook14F\\Downloads\\Appointment-Booking-System-master\\vendor\\laravel\\framework\\src\\Illuminate\\Container\\BoundMethod.php(35): Illuminate\\Container\\BoundMethod::callBoundMethod(Object(Illuminate\\Foundation\\Application), Array, Object(Closure))
#19 C:\\Users\\MyBook14F\\Downloads\\Appointment-Booking-System-master\\vendor\\laravel\\framework\\src\\Illuminate\\Container\\Container.php(754): Illuminate\\Container\\BoundMethod::call(Object(Illuminate\\Foundation\\Application), Array, Array, NULL)
#20 C:\\Users\\MyBook14F\\Downloads\\Appointment-Booking-System-master\\vendor\\laravel\\framework\\src\\Illuminate\\Database\\Seeder.php(188): Illuminate\\Container\\Container->call(Array, Array)
#21 C:\\Users\\MyBook14F\\Downloads\\Appointment-Booking-System-master\\vendor\\laravel\\framework\\src\\Illuminate\\Database\\Seeder.php(197): Illuminate\\Database\\Seeder->Illuminate\\Database\\{closure}()
#22 C:\\Users\\MyBook14F\\Downloads\\Appointment-Booking-System-master\\vendor\\laravel\\framework\\src\\Illuminate\\Database\\Console\\Seeds\\SeedCommand.php(71): Illuminate\\Database\\Seeder->__invoke()
#23 C:\\Users\\MyBook14F\\Downloads\\Appointment-Booking-System-master\\vendor\\laravel\\framework\\src\\Illuminate\\Database\\Eloquent\\Concerns\\GuardsAttributes.php(157): Illuminate\\Database\\Console\\Seeds\\SeedCommand->Illuminate\\Database\\Console\\Seeds\\{closure}()
#24 C:\\Users\\MyBook14F\\Downloads\\Appointment-Booking-System-master\\vendor\\laravel\\framework\\src\\Illuminate\\Database\\Console\\Seeds\\SeedCommand.php(70): Illuminate\\Database\\Eloquent\\Model::unguarded(Object(Closure))
#25 C:\\Users\\MyBook14F\\Downloads\\Appointment-Booking-System-master\\vendor\\laravel\\framework\\src\\Illuminate\\Container\\BoundMethod.php(36): Illuminate\\Database\\Console\\Seeds\\SeedCommand->handle()
#26 C:\\Users\\MyBook14F\\Downloads\\Appointment-Booking-System-master\\vendor\\laravel\\framework\\src\\Illuminate\\Container\\Util.php(43): Illuminate\\Container\\BoundMethod::Illuminate\\Container\\{closure}()
#27 C:\\Users\\MyBook14F\\Downloads\\Appointment-Booking-System-master\\vendor\\laravel\\framework\\src\\Illuminate\\Container\\BoundMethod.php(96): Illuminate\\Container\\Util::unwrapIfClosure(Object(Closure))
#28 C:\\Users\\MyBook14F\\Downloads\\Appointment-Booking-System-master\\vendor\\laravel\\framework\\src\\Illuminate\\Container\\BoundMethod.php(35): Illuminate\\Container\\BoundMethod::callBoundMethod(Object(Illuminate\\Foundation\\Application), Array, Object(Closure))
#29 C:\\Users\\MyBook14F\\Downloads\\Appointment-Booking-System-master\\vendor\\laravel\\framework\\src\\Illuminate\\Container\\Container.php(754): Illuminate\\Container\\BoundMethod::call(Object(Illuminate\\Foundation\\Application), Array, Array, NULL)
#30 C:\\Users\\MyBook14F\\Downloads\\Appointment-Booking-System-master\\vendor\\laravel\\framework\\src\\Illuminate\\Console\\Command.php(211): Illuminate\\Container\\Container->call(Array)
#31 C:\\Users\\MyBook14F\\Downloads\\Appointment-Booking-System-master\\vendor\\symfony\\console\\Command\\Command.php(318): Illuminate\\Console\\Command->execute(Object(Symfony\\Component\\Console\\Input\\ArgvInput), Object(Illuminate\\Console\\OutputStyle))
#32 C:\\Users\\MyBook14F\\Downloads\\Appointment-Booking-System-master\\vendor\\laravel\\framework\\src\\Illuminate\\Console\\Command.php(180): Symfony\\Component\\Console\\Command\\Command->run(Object(Symfony\\Component\\Console\\Input\\ArgvInput), Object(Illuminate\\Console\\OutputStyle))
#33 C:\\Users\\MyBook14F\\Downloads\\Appointment-Booking-System-master\\vendor\\symfony\\console\\Application.php(1092): Illuminate\\Console\\Command->run(Object(Symfony\\Component\\Console\\Input\\ArgvInput), Object(Symfony\\Component\\Console\\Output\\ConsoleOutput))
#34 C:\\Users\\MyBook14F\\Downloads\\Appointment-Booking-System-master\\vendor\\symfony\\console\\Application.php(341): Symfony\\Component\\Console\\Application->doRunCommand(Object(Illuminate\\Database\\Console\\Seeds\\SeedCommand), Object(Symfony\\Component\\Console\\Input\\ArgvInput), Object(Symfony\\Component\\Console\\Output\\ConsoleOutput))
#35 C:\\Users\\MyBook14F\\Downloads\\Appointment-Booking-System-master\\vendor\\symfony\\console\\Application.php(192): Symfony\\Component\\Console\\Application->doRun(Object(Symfony\\Component\\Console\\Input\\ArgvInput), Object(Symfony\\Component\\Console\\Output\\ConsoleOutput))
#36 C:\\Users\\MyBook14F\\Downloads\\Appointment-Booking-System-master\\vendor\\laravel\\framework\\src\\Illuminate\\Foundation\\Console\\Kernel.php(197): Symfony\\Component\\Console\\Application->run(Object(Symfony\\Component\\Console\\Input\\ArgvInput), Object(Symfony\\Component\\Console\\Output\\ConsoleOutput))
#37 C:\\Users\\MyBook14F\\Downloads\\Appointment-Booking-System-master\\vendor\\laravel\\framework\\src\\Illuminate\\Foundation\\Application.php(1234): Illuminate\\Foundation\\Console\\Kernel->handle(Object(Symfony\\Component\\Console\\Input\\ArgvInput), Object(Symfony\\Component\\Console\\Output\\ConsoleOutput))
#38 C:\\Users\\MyBook14F\\Downloads\\Appointment-Booking-System-master\\artisan(16): Illuminate\\Foundation\\Application->handleCommand(Object(Symfony\\Component\\Console\\Input\\ArgvInput))
#39 {main}

[previous exception] [object] (PDOException(code: 23000): SQLSTATE[23000]: Integrity constraint violation: 19 UNIQUE constraint failed: users.email at C:\\Users\\MyBook14F\\Downloads\\Appointment-Booking-System-master\\vendor\\laravel\\framework\\src\\Illuminate\\Database\\Connection.php:568)
[stacktrace]
#0 C:\\Users\\MyBook14F\\Downloads\\Appointment-Booking-System-master\\vendor\\laravel\\framework\\src\\Illuminate\\Database\\Connection.php(568): PDOStatement->execute()
#1 C:\\Users\\MyBook14F\\Downloads\\Appointment-Booking-System-master\\vendor\\laravel\\framework\\src\\Illuminate\\Database\\Connection.php(809): Illuminate\\Database\\Connection->Illuminate\\Database\\{closure}('insert into \"us...', Array)
#2 C:\\Users\\MyBook14F\\Downloads\\Appointment-Booking-System-master\\vendor\\laravel\\framework\\src\\Illuminate\\Database\\Connection.php(776): Illuminate\\Database\\Connection->runQueryCallback('insert into \"us...', Array, Object(Closure))
#3 C:\\Users\\MyBook14F\\Downloads\\Appointment-Booking-System-master\\vendor\\laravel\\framework\\src\\Illuminate\\Database\\Connection.php(557): Illuminate\\Database\\Connection->run('insert into \"us...', Array, Object(Closure))
#4 C:\\Users\\MyBook14F\\Downloads\\Appointment-Booking-System-master\\vendor\\laravel\\framework\\src\\Illuminate\\Database\\Connection.php(521): Illuminate\\Database\\Connection->statement('insert into \"us...', Array)
#5 C:\\Users\\MyBook14F\\Downloads\\Appointment-Booking-System-master\\vendor\\laravel\\framework\\src\\Illuminate\\Database\\Query\\Processors\\Processor.php(32): Illuminate\\Database\\Connection->insert('insert into \"us...', Array)
#6 C:\\Users\\MyBook14F\\Downloads\\Appointment-Booking-System-master\\vendor\\laravel\\framework\\src\\Illuminate\\Database\\Query\\Builder.php(3796): Illuminate\\Database\\Query\\Processors\\Processor->processInsertGetId(Object(Illuminate\\Database\\Query\\Builder), 'insert into \"us...', Array, 'id')
#7 C:\\Users\\MyBook14F\\Downloads\\Appointment-Booking-System-master\\vendor\\laravel\\framework\\src\\Illuminate\\Database\\Eloquent\\Builder.php(2205): Illuminate\\Database\\Query\\Builder->insertGetId(Array, 'id')
#8 C:\\Users\\MyBook14F\\Downloads\\Appointment-Booking-System-master\\vendor\\laravel\\framework\\src\\Illuminate\\Database\\Eloquent\\Model.php(1431): Illuminate\\Database\\Eloquent\\Builder->__call('insertGetId', Array)
#9 C:\\Users\\MyBook14F\\Downloads\\Appointment-Booking-System-master\\vendor\\laravel\\framework\\src\\Illuminate\\Database\\Eloquent\\Model.php(1396): Illuminate\\Database\\Eloquent\\Model->insertAndSetId(Object(Illuminate\\Database\\Eloquent\\Builder), Array)
#10 C:\\Users\\MyBook14F\\Downloads\\Appointment-Booking-System-master\\vendor\\laravel\\framework\\src\\Illuminate\\Database\\Eloquent\\Model.php(1235): Illuminate\\Database\\Eloquent\\Model->performInsert(Object(Illuminate\\Database\\Eloquent\\Builder))
#11 C:\\Users\\MyBook14F\\Downloads\\Appointment-Booking-System-master\\vendor\\laravel\\framework\\src\\Illuminate\\Database\\Eloquent\\Factories\\Factory.php(350): Illuminate\\Database\\Eloquent\\Model->save()
#12 C:\\Users\\MyBook14F\\Downloads\\Appointment-Booking-System-master\\vendor\\laravel\\framework\\src\\Illuminate\\Collections\\Traits\\EnumeratesValues.php(271): Illuminate\\Database\\Eloquent\\Factories\\Factory->Illuminate\\Database\\Eloquent\\Factories\\{closure}(Object(App\\Models\\User), 0)
#13 C:\\Users\\MyBook14F\\Downloads\\Appointment-Booking-System-master\\vendor\\laravel\\framework\\src\\Illuminate\\Database\\Eloquent\\Factories\\Factory.php(345): Illuminate\\Support\\Collection->each(Object(Closure))
#14 C:\\Users\\MyBook14F\\Downloads\\Appointment-Booking-System-master\\vendor\\laravel\\framework\\src\\Illuminate\\Database\\Eloquent\\Factories\\Factory.php(301): Illuminate\\Database\\Eloquent\\Factories\\Factory->store(Object(Illuminate\\Support\\Collection))
#15 C:\\Users\\MyBook14F\\Downloads\\Appointment-Booking-System-master\\vendor\\laravel\\framework\\src\\Illuminate\\Database\\Eloquent\\Factories\\Factory.php(295): Illuminate\\Database\\Eloquent\\Factories\\Factory->create(Array, NULL)
#16 C:\\Users\\MyBook14F\\Downloads\\Appointment-Booking-System-master\\database\\seeders\\DatabaseSeeder.php(18): Illuminate\\Database\\Eloquent\\Factories\\Factory->create(Array)
#17 C:\\Users\\MyBook14F\\Downloads\\Appointment-Booking-System-master\\vendor\\laravel\\framework\\src\\Illuminate\\Container\\BoundMethod.php(36): Database\\Seeders\\DatabaseSeeder->run()
#18 C:\\Users\\MyBook14F\\Downloads\\Appointment-Booking-System-master\\vendor\\laravel\\framework\\src\\Illuminate\\Container\\Util.php(43): Illuminate\\Container\\BoundMethod::Illuminate\\Container\\{closure}()
#19 C:\\Users\\MyBook14F\\Downloads\\Appointment-Booking-System-master\\vendor\\laravel\\framework\\src\\Illuminate\\Container\\BoundMethod.php(96): Illuminate\\Container\\Util::unwrapIfClosure(Object(Closure))
#20 C:\\Users\\MyBook14F\\Downloads\\Appointment-Booking-System-master\\vendor\\laravel\\framework\\src\\Illuminate\\Container\\BoundMethod.php(35): Illuminate\\Container\\BoundMethod::callBoundMethod(Object(Illuminate\\Foundation\\Application), Array, Object(Closure))
#21 C:\\Users\\MyBook14F\\Downloads\\Appointment-Booking-System-master\\vendor\\laravel\\framework\\src\\Illuminate\\Container\\Container.php(754): Illuminate\\Container\\BoundMethod::call(Object(Illuminate\\Foundation\\Application), Array, Array, NULL)
#22 C:\\Users\\MyBook14F\\Downloads\\Appointment-Booking-System-master\\vendor\\laravel\\framework\\src\\Illuminate\\Database\\Seeder.php(188): Illuminate\\Container\\Container->call(Array, Array)
#23 C:\\Users\\MyBook14F\\Downloads\\Appointment-Booking-System-master\\vendor\\laravel\\framework\\src\\Illuminate\\Database\\Seeder.php(197): Illuminate\\Database\\Seeder->Illuminate\\Database\\{closure}()
#24 C:\\Users\\MyBook14F\\Downloads\\Appointment-Booking-System-master\\vendor\\laravel\\framework\\src\\Illuminate\\Database\\Console\\Seeds\\SeedCommand.php(71): Illuminate\\Database\\Seeder->__invoke()
#25 C:\\Users\\MyBook14F\\Downloads\\Appointment-Booking-System-master\\vendor\\laravel\\framework\\src\\Illuminate\\Database\\Eloquent\\Concerns\\GuardsAttributes.php(157): Illuminate\\Database\\Console\\Seeds\\SeedCommand->Illuminate\\Database\\Console\\Seeds\\{closure}()
#26 C:\\Users\\MyBook14F\\Downloads\\Appointment-Booking-System-master\\vendor\\laravel\\framework\\src\\Illuminate\\Database\\Console\\Seeds\\SeedCommand.php(70): Illuminate\\Database\\Eloquent\\Model::unguarded(Object(Closure))
#27 C:\\Users\\MyBook14F\\Downloads\\Appointment-Booking-System-master\\vendor\\laravel\\framework\\src\\Illuminate\\Container\\BoundMethod.php(36): Illuminate\\Database\\Console\\Seeds\\SeedCommand->handle()
#28 C:\\Users\\MyBook14F\\Downloads\\Appointment-Booking-System-master\\vendor\\laravel\\framework\\src\\Illuminate\\Container\\Util.php(43): Illuminate\\Container\\BoundMethod::Illuminate\\Container\\{closure}()
#29 C:\\Users\\MyBook14F\\Downloads\\Appointment-Booking-System-master\\vendor\\laravel\\framework\\src\\Illuminate\\Container\\BoundMethod.php(96): Illuminate\\Container\\Util::unwrapIfClosure(Object(Closure))
#30 C:\\Users\\MyBook14F\\Downloads\\Appointment-Booking-System-master\\vendor\\laravel\\framework\\src\\Illuminate\\Container\\BoundMethod.php(35): Illuminate\\Container\\BoundMethod::callBoundMethod(Object(Illuminate\\Foundation\\Application), Array, Object(Closure))
#31 C:\\Users\\MyBook14F\\Downloads\\Appointment-Booking-System-master\\vendor\\laravel\\framework\\src\\Illuminate\\Container\\Container.php(754): Illuminate\\Container\\BoundMethod::call(Object(Illuminate\\Foundation\\Application), Array, Array, NULL)
#32 C:\\Users\\MyBook14F\\Downloads\\Appointment-Booking-System-master\\vendor\\laravel\\framework\\src\\Illuminate\\Console\\Command.php(211): Illuminate\\Container\\Container->call(Array)
#33 C:\\Users\\MyBook14F\\Downloads\\Appointment-Booking-System-master\\vendor\\symfony\\console\\Command\\Command.php(318): Illuminate\\Console\\Command->execute(Object(Symfony\\Component\\Console\\Input\\ArgvInput), Object(Illuminate\\Console\\OutputStyle))
#34 C:\\Users\\MyBook14F\\Downloads\\Appointment-Booking-System-master\\vendor\\laravel\\framework\\src\\Illuminate\\Console\\Command.php(180): Symfony\\Component\\Console\\Command\\Command->run(Object(Symfony\\Component\\Console\\Input\\ArgvInput), Object(Illuminate\\Console\\OutputStyle))
#35 C:\\Users\\MyBook14F\\Downloads\\Appointment-Booking-System-master\\vendor\\symfony\\console\\Application.php(1092): Illuminate\\Console\\Command->run(Object(Symfony\\Component\\Console\\Input\\ArgvInput), Object(Symfony\\Component\\Console\\Output\\ConsoleOutput))
#36 C:\\Users\\MyBook14F\\Downloads\\Appointment-Booking-System-master\\vendor\\symfony\\console\\Application.php(341): Symfony\\Component\\Console\\Application->doRunCommand(Object(Illuminate\\Database\\Console\\Seeds\\SeedCommand), Object(Symfony\\Component\\Console\\Input\\ArgvInput), Object(Symfony\\Component\\Console\\Output\\ConsoleOutput))
#37 C:\\Users\\MyBook14F\\Downloads\\Appointment-Booking-System-master\\vendor\\symfony\\console\\Application.php(192): Symfony\\Component\\Console\\Application->doRun(Object(Symfony\\Component\\Console\\Input\\ArgvInput), Object(Symfony\\Component\\Console\\Output\\ConsoleOutput))
#38 C:\\Users\\MyBook14F\\Downloads\\Appointment-Booking-System-master\\vendor\\laravel\\framework\\src\\Illuminate\\Foundation\\Console\\Kernel.php(197): Symfony\\Component\\Console\\Application->run(Object(Symfony\\Component\\Console\\Input\\ArgvInput), Object(Symfony\\Component\\Console\\Output\\ConsoleOutput))
#39 C:\\Users\\MyBook14F\\Downloads\\Appointment-Booking-System-master\\vendor\\laravel\\framework\\src\\Illuminate\\Foundation\\Application.php(1234): Illuminate\\Foundation\\Console\\Kernel->handle(Object(Symfony\\Component\\Console\\Input\\ArgvInput), Object(Symfony\\Component\\Console\\Output\\ConsoleOutput))
#40 C:\\Users\\MyBook14F\\Downloads\\Appointment-Booking-System-master\\artisan(16): Illuminate\\Foundation\\Application->handleCommand(Object(Symfony\\Component\\Console\\Input\\ArgvInput))
#41 {main}
"} 
[2026-05-22 11:51:09] local.ERROR: could not find driver (Connection: sqlite, SQL: select * from "sessions" where "id" = 696ShZPVjFPvMI6ywSIMAa8dC1Qf9gGrtHoV3kkR limit 1) {"exception":"[object] (Illuminate\\Database\\QueryException(code: 0): could not find driver (Connection: sqlite, SQL: select * from \"sessions\" where \"id\" = 696ShZPVjFPvMI6ywSIMAa8dC1Qf9gGrtHoV3kkR limit 1) at C:\\Users\\User\\OneDrive\\Documents\\Albert\\Appointment-Booking-System-master\\vendor\\laravel\\framework\\src\\Illuminate\\Database\\Connection.php:822)
[stacktrace]
#0 C:\\Users\\User\\OneDrive\\Documents\\Albert\\Appointment-Booking-System-master\\vendor\\laravel\\framework\\src\\Illuminate\\Database\\Connection.php(776): Illuminate\\Database\\Connection->runQueryCallback()
#1 C:\\Users\\User\\OneDrive\\Documents\\Albert\\Appointment-Booking-System-master\\vendor\\laravel\\framework\\src\\Illuminate\\Database\\Connection.php(395): Illuminate\\Database\\Connection->run()
#2 C:\\Users\\User\\OneDrive\\Documents\\Albert\\Appointment-Booking-System-master\\vendor\\laravel\\framework\\src\\Illuminate\\Database\\Query\\Builder.php(3131): Illuminate\\Database\\Connection->select()
#3 C:\\Users\\User\\OneDrive\\Documents\\Albert\\Appointment-Booking-System-master\\vendor\\laravel\\framework\\src\\Illuminate\\Database\\Query\\Builder.php(3116): Illuminate\\Database\\Query\\Builder->runSelect()
#4 C:\\Users\\User\\OneDrive\\Documents\\Albert\\Appointment-Booking-System-master\\vendor\\laravel\\framework\\src\\Illuminate\\Database\\Query\\Builder.php(3706): Illuminate\\Database\\Query\\Builder->Illuminate\\Database\\Query\\{closure}()
#5 C:\\Users\\User\\OneDrive\\Documents\\Albert\\Appointment-Booking-System-master\\vendor\\laravel\\framework\\src\\Illuminate\\Database\\Query\\Builder.php(3115): Illuminate\\Database\\Query\\Builder->onceWithColumns()
#6 C:\\Users\\User\\OneDrive\\Documents\\Albert\\Appointment-Booking-System-master\\vendor\\laravel\\framework\\src\\Illuminate\\Database\\Concerns\\BuildsQueries.php(366): Illuminate\\Database\\Query\\Builder->get()
#7 C:\\Users\\User\\OneDrive\\Documents\\Albert\\Appointment-Booking-System-master\\vendor\\laravel\\framework\\src\\Illuminate\\Database\\Query\\Builder.php(3038): Illuminate\\Database\\Query\\Builder->first()
#8 C:\\Users\\User\\OneDrive\\Documents\\Albert\\Appointment-Booking-System-master\\vendor\\laravel\\framework\\src\\Illuminate\\Session\\DatabaseSessionHandler.php(96): Illuminate\\Database\\Query\\Builder->find()
#9 C:\\Users\\User\\OneDrive\\Documents\\Albert\\Appointment-Booking-System-master\\vendor\\laravel\\framework\\src\\Illuminate\\Session\\Store.php(116): Illuminate\\Session\\DatabaseSessionHandler->read()
#10 C:\\Users\\User\\OneDrive\\Documents\\Albert\\Appointment-Booking-System-master\\vendor\\laravel\\framework\\src\\Illuminate\\Session\\Store.php(104): Illuminate\\Session\\Store->readFromHandler()
#11 C:\\Users\\User\\OneDrive\\Documents\\Albert\\Appointment-Booking-System-master\\vendor\\laravel\\framework\\src\\Illuminate\\Session\\Store.php(88): Illuminate\\Session\\Store->loadSession()
#12 C:\\Users\\User\\OneDrive\\Documents\\Albert\\Appointment-Booking-System-master\\vendor\\laravel\\framework\\src\\Illuminate\\Session\\Middleware\\StartSession.php(146): Illuminate\\Session\\Store->start()
#13 C:\\Users\\User\\OneDrive\\Documents\\Albert\\Appointment-Booking-System-master\\vendor\\laravel\\framework\\src\\Illuminate\\Support\\helpers.php(399): Illuminate\\Session\\Middleware\\StartSession->Illuminate\\Session\\Middleware\\{closure}()
#14 C:\\Users\\User\\OneDrive\\Documents\\Albert\\Appointment-Booking-System-master\\vendor\\laravel\\framework\\src\\Illuminate\\Session\\Middleware\\StartSession.php(143): tap()
#15 C:\\Users\\User\\OneDrive\\Documents\\Albert\\Appointment-Booking-System-master\\vendor\\laravel\\framework\\src\\Illuminate\\Session\\Middleware\\StartSession.php(115): Illuminate\\Session\\Middleware\\StartSession->startSession()
#16 C:\\Users\\User\\OneDrive\\Documents\\Albert\\Appointment-Booking-System-master\\vendor\\laravel\\framework\\src\\Illuminate\\Session\\Middleware\\StartSession.php(63): Illuminate\\Session\\Middleware\\StartSession->handleStatefulRequest()
#17 C:\\Users\\User\\OneDrive\\Documents\\Albert\\Appointment-Booking-System-master\\vendor\\laravel\\framework\\src\\Illuminate\\Pipeline\\Pipeline.php(208): Illuminate\\Session\\Middleware\\StartSession->handle()
#18 C:\\Users\\User\\OneDrive\\Documents\\Albert\\Appointment-Booking-System-master\\vendor\\laravel\\framework\\src\\Illuminate\\Cookie\\Middleware\\AddQueuedCookiesToResponse.php(36): Illuminate\\Pipeline\\Pipeline->Illuminate\\Pipeline\\{closure}()
#19 C:\\Users\\User\\OneDrive\\Documents\\Albert\\Appointment-Booking-System-master\\vendor\\laravel\\framework\\src\\Illuminate\\Pipeline\\Pipeline.php(208): Illuminate\\Cookie\\Middleware\\AddQueuedCookiesToResponse->handle()
#20 C:\\Users\\User\\OneDrive\\Documents\\Albert\\Appointment-Booking-System-master\\vendor\\laravel\\framework\\src\\Illuminate\\Cookie\\Middleware\\EncryptCookies.php(74): Illuminate\\Pipeline\\Pipeline->Illuminate\\Pipeline\\{closure}()
#21 C:\\Users\\User\\OneDrive\\Documents\\Albert\\Appointment-Booking-System-master\\vendor\\laravel\\framework\\src\\Illuminate\\Pipeline\\Pipeline.php(208): Illuminate\\Cookie\\Middleware\\EncryptCookies->handle()
#22 C:\\Users\\User\\OneDrive\\Documents\\Albert\\Appointment-Booking-System-master\\vendor\\laravel\\framework\\src\\Illuminate\\Pipeline\\Pipeline.php(126): Illuminate\\Pipeline\\Pipeline->Illuminate\\Pipeline\\{closure}()
#23 C:\\Users\\User\\OneDrive\\Documents\\Albert\\Appointment-Booking-System-master\\vendor\\laravel\\framework\\src\\Illuminate\\Routing\\Router.php(807): Illuminate\\Pipeline\\Pipeline->then()
#24 C:\\Users\\User\\OneDrive\\Documents\\Albert\\Appointment-Booking-System-master\\vendor\\laravel\\framework\\src\\Illuminate\\Routing\\Router.php(786): Illuminate\\Routing\\Router->runRouteWithinStack()
#25 C:\\Users\\User\\OneDrive\\Documents\\Albert\\Appointment-Booking-System-master\\vendor\\laravel\\framework\\src\\Illuminate\\Routing\\Router.php(750): Illuminate\\Routing\\Router->runRoute()
#26 C:\\Users\\User\\OneDrive\\Documents\\Albert\\Appointment-Booking-System-master\\vendor\\laravel\\framework\\src\\Illuminate\\Routing\\Router.php(739): Illuminate\\Routing\\Router->dispatchToRoute()
#27 C:\\Users\\User\\OneDrive\\Documents\\Albert\\Appointment-Booking-System-master\\vendor\\laravel\\framework\\src\\Illuminate\\Foundation\\Http\\Kernel.php(200): Illuminate\\Routing\\Router->dispatch()
#28 C:\\Users\\User\\OneDrive\\Documents\\Albert\\Appointment-Booking-System-master\\vendor\\laravel\\framework\\src\\Illuminate\\Pipeline\\Pipeline.php(169): Illuminate\\Foundation\\Http\\Kernel->Illuminate\\Foundation\\Http\\{closure}()
#29 C:\\Users\\User\\OneDrive\\Documents\\Albert\\Appointment-Booking-System-master\\vendor\\laravel\\framework\\src\\Illuminate\\Foundation\\Http\\Middleware\\TransformsRequest.php(21): Illuminate\\Pipeline\\Pipeline->Illuminate\\Pipeline\\{closure}()
#30 C:\\Users\\User\\OneDrive\\Documents\\Albert\\Appointment-Booking-System-master\\vendor\\laravel\\framework\\src\\Illuminate\\Foundation\\Http\\Middleware\\ConvertEmptyStringsToNull.php(31): Illuminate\\Foundation\\Http\\Middleware\\TransformsRequest->handle()
#31 C:\\Users\\User\\OneDrive\\Documents\\Albert\\Appointment-Booking-System-master\\vendor\\laravel\\framework\\src\\Illuminate\\Pipeline\\Pipeline.php(208): Illuminate\\Foundation\\Http\\Middleware\\ConvertEmptyStringsToNull->handle()
#32 C:\\Users\\User\\OneDrive\\Documents\\Albert\\Appointment-Booking-System-master\\vendor\\laravel\\framework\\src\\Illuminate\\Foundation\\Http\\Middleware\\TransformsRequest.php(21): Illuminate\\Pipeline\\Pipeline->Illuminate\\Pipeline\\{closure}()
#33 C:\\Users\\User\\OneDrive\\Documents\\Albert\\Appointment-Booking-System-master\\vendor\\laravel\\framework\\src\\Illuminate\\Foundation\\Http\\Middleware\\TrimStrings.php(51): Illuminate\\Foundation\\Http\\Middleware\\TransformsRequest->handle()
#34 C:\\Users\\User\\OneDrive\\Documents\\Albert\\Appointment-Booking-System-master\\vendor\\laravel\\framework\\src\\Illuminate\\Pipeline\\Pipeline.php(208): Illuminate\\Foundation\\Http\\Middleware\\TrimStrings->handle()
#35 C:\\Users\\User\\OneDrive\\Documents\\Albert\\Appointment-Booking-System-master\\vendor\\laravel\\framework\\src\\Illuminate\\Http\\Middleware\\ValidatePostSize.php(27): Illuminate\\Pipeline\\Pipeline->Illuminate\\Pipeline\\{closure}()
#36 C:\\Users\\User\\OneDrive\\Documents\\Albert\\Appointment-Booking-System-master\\vendor\\laravel\\framework\\src\\Illuminate\\Pipeline\\Pipeline.php(208): Illuminate\\Http\\Middleware\\ValidatePostSize->handle()
#37 C:\\Users\\User\\OneDrive\\Documents\\Albert\\Appointment-Booking-System-master\\vendor\\laravel\\framework\\src\\Illuminate\\Foundation\\Http\\Middleware\\PreventRequestsDuringMaintenance.php(109): Illuminate\\Pipeline\\Pipeline->Illuminate\\Pipeline\\{closure}()
#38 C:\\Users\\User\\OneDrive\\Documents\\Albert\\Appointment-Booking-System-master\\vendor\\laravel\\framework\\src\\Illuminate\\Pipeline\\Pipeline.php(208): Illuminate\\Foundation\\Http\\Middleware\\PreventRequestsDuringMaintenance->handle()
#39 C:\\Users\\User\\OneDrive\\Documents\\Albert\\Appointment-Booking-System-master\\vendor\\laravel\\framework\\src\\Illuminate\\Http\\Middleware\\HandleCors.php(48): Illuminate\\Pipeline\\Pipeline->Illuminate\\Pipeline\\{closure}()
#40 C:\\Users\\User\\OneDrive\\Documents\\Albert\\Appointment-Booking-System-master\\vendor\\laravel\\framework\\src\\Illuminate\\Pipeline\\Pipeline.php(208): Illuminate\\Http\\Middleware\\HandleCors->handle()
#41 C:\\Users\\User\\OneDrive\\Documents\\Albert\\Appointment-Booking-System-master\\vendor\\laravel\\framework\\src\\Illuminate\\Http\\Middleware\\TrustProxies.php(58): Illuminate\\Pipeline\\Pipeline->Illuminate\\Pipeline\\{closure}()
#42 C:\\Users\\User\\OneDrive\\Documents\\Albert\\Appointment-Booking-System-master\\vendor\\laravel\\framework\\src\\Illuminate\\Pipeline\\Pipeline.php(208): Illuminate\\Http\\Middleware\\TrustProxies->handle()
#43 C:\\Users\\User\\OneDrive\\Documents\\Albert\\Appointment-Booking-System-master\\vendor\\laravel\\framework\\src\\Illuminate\\Foundation\\Http\\Middleware\\InvokeDeferredCallbacks.php(22): Illuminate\\Pipeline\\Pipeline->Illuminate\\Pipeline\\{closure}()
#44 C:\\Users\\User\\OneDrive\\Documents\\Albert\\Appointment-Booking-System-master\\vendor\\laravel\\framework\\src\\Illuminate\\Pipeline\\Pipeline.php(208): Illuminate\\Foundation\\Http\\Middleware\\InvokeDeferredCallbacks->handle()
#45 C:\\Users\\User\\OneDrive\\Documents\\Albert\\Appointment-Booking-System-master\\vendor\\laravel\\framework\\src\\Illuminate\\Http\\Middleware\\ValidatePathEncoding.php(26): Illuminate\\Pipeline\\Pipeline->Illuminate\\Pipeline\\{closure}()
#46 C:\\Users\\User\\OneDrive\\Documents\\Albert\\Appointment-Booking-System-master\\vendor\\laravel\\framework\\src\\Illuminate\\Pipeline\\Pipeline.php(208): Illuminate\\Http\\Middleware\\ValidatePathEncoding->handle()
#47 C:\\Users\\User\\OneDrive\\Documents\\Albert\\Appointment-Booking-System-master\\vendor\\laravel\\framework\\src\\Illuminate\\Pipeline\\Pipeline.php(126): Illuminate\\Pipeline\\Pipeline->Illuminate\\Pipeline\\{closure}()
#48 C:\\Users\\User\\OneDrive\\Documents\\Albert\\Appointment-Booking-System-master\\vendor\\laravel\\framework\\src\\Illuminate\\Foundation\\Http\\Kernel.php(175): Illuminate\\Pipeline\\Pipeline->then()
#49 C:\\Users\\User\\OneDrive\\Documents\\Albert\\Appointment-Booking-System-master\\vendor\\laravel\\framework\\src\\Illuminate\\Foundation\\Http\\Kernel.php(144): Illuminate\\Foundation\\Http\\Kernel->sendRequestThroughRouter()
#50 C:\\Users\\User\\OneDrive\\Documents\\Albert\\Appointment-Booking-System-master\\vendor\\laravel\\framework\\src\\Illuminate\\Foundation\\Application.php(1219): Illuminate\\Foundation\\Http\\Kernel->handle()
#51 C:\\Users\\User\\OneDrive\\Documents\\Albert\\Appointment-Booking-System-master\\public\\index.php(20): Illuminate\\Foundation\\Application->handleRequest()
#52 C:\\Users\\User\\OneDrive\\Documents\\Albert\\Appointment-Booking-System-master\\vendor\\laravel\\framework\\src\\Illuminate\\Foundation\\resources\\server.php(23): require_once('...')
#53 {main}

[previous exception] [object] (PDOException(code: 0): could not find driver at C:\\Users\\User\\OneDrive\\Documents\\Albert\\Appointment-Booking-System-master\\vendor\\laravel\\framework\\src\\Illuminate\\Database\\Connectors\\Connector.php:66)
[stacktrace]
#0 C:\\Users\\User\\OneDrive\\Documents\\Albert\\Appointment-Booking-System-master\\vendor\\laravel\\framework\\src\\Illuminate\\Database\\Connectors\\Connector.php(66): PDO->__construct()
#1 C:\\Users\\User\\OneDrive\\Documents\\Albert\\Appointment-Booking-System-master\\vendor\\laravel\\framework\\src\\Illuminate\\Database\\Connectors\\Connector.php(44): Illuminate\\Database\\Connectors\\Connector->createPdoConnection()
#2 C:\\Users\\User\\OneDrive\\Documents\\Albert\\Appointment-Booking-System-master\\vendor\\laravel\\framework\\src\\Illuminate\\Database\\Connectors\\SQLiteConnector.php(21): Illuminate\\Database\\Connectors\\Connector->createConnection()
#3 C:\\Users\\User\\OneDrive\\Documents\\Albert\\Appointment-Booking-System-master\\vendor\\laravel\\framework\\src\\Illuminate\\Database\\Connectors\\ConnectionFactory.php(223): Illuminate\\Database\\Connectors\\SQLiteConnector->connect()
#4 [internal function]: Illuminate\\Database\\Connectors\\ConnectionFactory->Illuminate\\Database\\Connectors\\{closure}()
#5 C:\\Users\\User\\OneDrive\\Documents\\Albert\\Appointment-Booking-System-master\\vendor\\laravel\\framework\\src\\Illuminate\\Database\\Connection.php(1228): call_user_func()
#6 C:\\Users\\User\\OneDrive\\Documents\\Albert\\Appointment-Booking-System-master\\vendor\\laravel\\framework\\src\\Illuminate\\Database\\Connection.php(509): Illuminate\\Database\\Connection->getPdo()
#7 C:\\Users\\User\\OneDrive\\Documents\\Albert\\Appointment-Booking-System-master\\vendor\\laravel\\framework\\src\\Illuminate\\Database\\Connection.php(404): Illuminate\\Database\\Connection->getPdoForSelect()
#8 C:\\Users\\User\\OneDrive\\Documents\\Albert\\Appointment-Booking-System-master\\vendor\\laravel\\framework\\src\\Illuminate\\Database\\Connection.php(809): Illuminate\\Database\\Connection->Illuminate\\Database\\{closure}()
#9 C:\\Users\\User\\OneDrive\\Documents\\Albert\\Appointment-Booking-System-master\\vendor\\laravel\\framework\\src\\Illuminate\\Database\\Connection.php(776): Illuminate\\Database\\Connection->runQueryCallback()
#10 C:\\Users\\User\\OneDrive\\Documents\\Albert\\Appointment-Booking-System-master\\vendor\\laravel\\framework\\src\\Illuminate\\Database\\Connection.php(395): Illuminate\\Database\\Connection->run()
#11 C:\\Users\\User\\OneDrive\\Documents\\Albert\\Appointment-Booking-System-master\\vendor\\laravel\\framework\\src\\Illuminate\\Database\\Query\\Builder.php(3131): Illuminate\\Database\\Connection->select()
#12 C:\\Users\\User\\OneDrive\\Documents\\Albert\\Appointment-Booking-System-master\\vendor\\laravel\\framework\\src\\Illuminate\\Database\\Query\\Builder.php(3116): Illuminate\\Database\\Query\\Builder->runSelect()
#13 C:\\Users\\User\\OneDrive\\Documents\\Albert\\Appointment-Booking-System-master\\vendor\\laravel\\framework\\src\\Illuminate\\Database\\Query\\Builder.php(3706): Illuminate\\Database\\Query\\Builder->Illuminate\\Database\\Query\\{closure}()
#14 C:\\Users\\User\\OneDrive\\Documents\\Albert\\Appointment-Booking-System-master\\vendor\\laravel\\framework\\src\\Illuminate\\Database\\Query\\Builder.php(3115): Illuminate\\Database\\Query\\Builder->onceWithColumns()
#15 C:\\Users\\User\\OneDrive\\Documents\\Albert\\Appointment-Booking-System-master\\vendor\\laravel\\framework\\src\\Illuminate\\Database\\Concerns\\BuildsQueries.php(366): Illuminate\\Database\\Query\\Builder->get()
#16 C:\\Users\\User\\OneDrive\\Documents\\Albert\\Appointment-Booking-System-master\\vendor\\laravel\\framework\\src\\Illuminate\\Database\\Query\\Builder.php(3038): Illuminate\\Database\\Query\\Builder->first()
#17 C:\\Users\\User\\OneDrive\\Documents\\Albert\\Appointment-Booking-System-master\\vendor\\laravel\\framework\\src\\Illuminate\\Session\\DatabaseSessionHandler.php(96): Illuminate\\Database\\Query\\Builder->find()
#18 C:\\Users\\User\\OneDrive\\Documents\\Albert\\Appointment-Booking-System-master\\vendor\\laravel\\framework\\src\\Illuminate\\Session\\Store.php(116): Illuminate\\Session\\DatabaseSessionHandler->read()
#19 C:\\Users\\User\\OneDrive\\Documents\\Albert\\Appointment-Booking-System-master\\vendor\\laravel\\framework\\src\\Illuminate\\Session\\Store.php(104): Illuminate\\Session\\Store->readFromHandler()
#20 C:\\Users\\User\\OneDrive\\Documents\\Albert\\Appointment-Booking-System-master\\vendor\\laravel\\framework\\src\\Illuminate\\Session\\Store.php(88): Illuminate\\Session\\Store->loadSession()
#21 C:\\Users\\User\\OneDrive\\Documents\\Albert\\Appointment-Booking-System-master\\vendor\\laravel\\framework\\src\\Illuminate\\Session\\Middleware\\StartSession.php(146): Illuminate\\Session\\Store->start()
#22 C:\\Users\\User\\OneDrive\\Documents\\Albert\\Appointment-Booking-System-master\\vendor\\laravel\\framework\\src\\Illuminate\\Support\\helpers.php(399): Illuminate\\Session\\Middleware\\StartSession->Illuminate\\Session\\Middleware\\{closure}()
#23 C:\\Users\\User\\OneDrive\\Documents\\Albert\\Appointment-Booking-System-master\\vendor\\laravel\\framework\\src\\Illuminate\\Session\\Middleware\\StartSession.php(143): tap()
#24 C:\\Users\\User\\OneDrive\\Documents\\Albert\\Appointment-Booking-System-master\\vendor\\laravel\\framework\\src\\Illuminate\\Session\\Middleware\\StartSession.php(115): Illuminate\\Session\\Middleware\\StartSession->startSession()
#25 C:\\Users\\User\\OneDrive\\Documents\\Albert\\Appointment-Booking-System-master\\vendor\\laravel\\framework\\src\\Illuminate\\Session\\Middleware\\StartSession.php(63): Illuminate\\Session\\Middleware\\StartSession->handleStatefulRequest()
#26 C:\\Users\\User\\OneDrive\\Documents\\Albert\\Appointment-Booking-System-master\\vendor\\laravel\\framework\\src\\Illuminate\\Pipeline\\Pipeline.php(208): Illuminate\\Session\\Middleware\\StartSession->handle()
#27 C:\\Users\\User\\OneDrive\\Documents\\Albert\\Appointment-Booking-System-master\\vendor\\laravel\\framework\\src\\Illuminate\\Cookie\\Middleware\\AddQueuedCookiesToResponse.php(36): Illuminate\\Pipeline\\Pipeline->Illuminate\\Pipeline\\{closure}()
#28 C:\\Users\\User\\OneDrive\\Documents\\Albert\\Appointment-Booking-System-master\\vendor\\laravel\\framework\\src\\Illuminate\\Pipeline\\Pipeline.php(208): Illuminate\\Cookie\\Middleware\\AddQueuedCookiesToResponse->handle()
#29 C:\\Users\\User\\OneDrive\\Documents\\Albert\\Appointment-Booking-System-master\\vendor\\laravel\\framework\\src\\Illuminate\\Cookie\\Middleware\\EncryptCookies.php(74): Illuminate\\Pipeline\\Pipeline->Illuminate\\Pipeline\\{closure}()
#30 C:\\Users\\User\\OneDrive\\Documents\\Albert\\Appointment-Booking-System-master\\vendor\\laravel\\framework\\src\\Illuminate\\Pipeline\\Pipeline.php(208): Illuminate\\Cookie\\Middleware\\EncryptCookies->handle()
#31 C:\\Users\\User\\OneDrive\\Documents\\Albert\\Appointment-Booking-System-master\\vendor\\laravel\\framework\\src\\Illuminate\\Pipeline\\Pipeline.php(126): Illuminate\\Pipeline\\Pipeline->Illuminate\\Pipeline\\{closure}()
#32 C:\\Users\\User\\OneDrive\\Documents\\Albert\\Appointment-Booking-System-master\\vendor\\laravel\\framework\\src\\Illuminate\\Routing\\Router.php(807): Illuminate\\Pipeline\\Pipeline->then()
#33 C:\\Users\\User\\OneDrive\\Documents\\Albert\\Appointment-Booking-System-master\\vendor\\laravel\\framework\\src\\Illuminate\\Routing\\Router.php(786): Illuminate\\Routing\\Router->runRouteWithinStack()
#34 C:\\Users\\User\\OneDrive\\Documents\\Albert\\Appointment-Booking-System-master\\vendor\\laravel\\framework\\src\\Illuminate\\Routing\\Router.php(750): Illuminate\\Routing\\Router->runRoute()
#35 C:\\Users\\User\\OneDrive\\Documents\\Albert\\Appointment-Booking-System-master\\vendor\\laravel\\framework\\src\\Illuminate\\Routing\\Router.php(739): Illuminate\\Routing\\Router->dispatchToRoute()
#36 C:\\Users\\User\\OneDrive\\Documents\\Albert\\Appointment-Booking-System-master\\vendor\\laravel\\framework\\src\\Illuminate\\Foundation\\Http\\Kernel.php(200): Illuminate\\Routing\\Router->dispatch()
#37 C:\\Users\\User\\OneDrive\\Documents\\Albert\\Appointment-Booking-System-master\\vendor\\laravel\\framework\\src\\Illuminate\\Pipeline\\Pipeline.php(169): Illuminate\\Foundation\\Http\\Kernel->Illuminate\\Foundation\\Http\\{closure}()
#38 C:\\Users\\User\\OneDrive\\Documents\\Albert\\Appointment-Booking-System-master\\vendor\\laravel\\framework\\src\\Illuminate\\Foundation\\Http\\Middleware\\TransformsRequest.php(21): Illuminate\\Pipeline\\Pipeline->Illuminate\\Pipeline\\{closure}()
#39 C:\\Users\\User\\OneDrive\\Documents\\Albert\\Appointment-Booking-System-master\\vendor\\laravel\\framework\\src\\Illuminate\\Foundation\\Http\\Middleware\\ConvertEmptyStringsToNull.php(31): Illuminate\\Foundation\\Http\\Middleware\\TransformsRequest->handle()
#40 C:\\Users\\User\\OneDrive\\Documents\\Albert\\Appointment-Booking-System-master\\vendor\\laravel\\framework\\src\\Illuminate\\Pipeline\\Pipeline.php(208): Illuminate\\Foundation\\Http\\Middleware\\ConvertEmptyStringsToNull->handle()
#41 C:\\Users\\User\\OneDrive\\Documents\\Albert\\Appointment-Booking-System-master\\vendor\\laravel\\framework\\src\\Illuminate\\Foundation\\Http\\Middleware\\TransformsRequest.php(21): Illuminate\\Pipeline\\Pipeline->Illuminate\\Pipeline\\{closure}()
#42 C:\\Users\\User\\OneDrive\\Documents\\Albert\\Appointment-Booking-System-master\\vendor\\laravel\\framework\\src\\Illuminate\\Foundation\\Http\\Middleware\\TrimStrings.php(51): Illuminate\\Foundation\\Http\\Middleware\\TransformsRequest->handle()
#43 C:\\Users\\User\\OneDrive\\Documents\\Albert\\Appointment-Booking-System-master\\vendor\\laravel\\framework\\src\\Illuminate\\Pipeline\\Pipeline.php(208): Illuminate\\Foundation\\Http\\Middleware\\TrimStrings->handle()
#44 C:\\Users\\User\\OneDrive\\Documents\\Albert\\Appointment-Booking-System-master\\vendor\\laravel\\framework\\src\\Illuminate\\Http\\Middleware\\ValidatePostSize.php(27): Illuminate\\Pipeline\\Pipeline->Illuminate\\Pipeline\\{closure}()
#45 C:\\Users\\User\\OneDrive\\Documents\\Albert\\Appointment-Booking-System-master\\vendor\\laravel\\framework\\src\\Illuminate\\Pipeline\\Pipeline.php(208): Illuminate\\Http\\Middleware\\ValidatePostSize->handle()
#46 C:\\Users\\User\\OneDrive\\Documents\\Albert\\Appointment-Booking-System-master\\vendor\\laravel\\framework\\src\\Illuminate\\Foundation\\Http\\Middleware\\PreventRequestsDuringMaintenance.php(109): Illuminate\\Pipeline\\Pipeline->Illuminate\\Pipeline\\{closure}()
#47 C:\\Users\\User\\OneDrive\\Documents\\Albert\\Appointment-Booking-System-master\\vendor\\laravel\\framework\\src\\Illuminate\\Pipeline\\Pipeline.php(208): Illuminate\\Foundation\\Http\\Middleware\\PreventRequestsDuringMaintenance->handle()
#48 C:\\Users\\User\\OneDrive\\Documents\\Albert\\Appointment-Booking-System-master\\vendor\\laravel\\framework\\src\\Illuminate\\Http\\Middleware\\HandleCors.php(48): Illuminate\\Pipeline\\Pipeline->Illuminate\\Pipeline\\{closure}()
#49 C:\\Users\\User\\OneDrive\\Documents\\Albert\\Appointment-Booking-System-master\\vendor\\laravel\\framework\\src\\Illuminate\\Pipeline\\Pipeline.php(208): Illuminate\\Http\\Middleware\\HandleCors->handle()
#50 C:\\Users\\User\\OneDrive\\Documents\\Albert\\Appointment-Booking-System-master\\vendor\\laravel\\framework\\src\\Illuminate\\Http\\Middleware\\TrustProxies.php(58): Illuminate\\Pipeline\\Pipeline->Illuminate\\Pipeline\\{closure}()
#51 C:\\Users\\User\\OneDrive\\Documents\\Albert\\Appointment-Booking-System-master\\vendor\\laravel\\framework\\src\\Illuminate\\Pipeline\\Pipeline.php(208): Illuminate\\Http\\Middleware\\TrustProxies->handle()
#52 C:\\Users\\User\\OneDrive\\Documents\\Albert\\Appointment-Booking-System-master\\vendor\\laravel\\framework\\src\\Illuminate\\Foundation\\Http\\Middleware\\InvokeDeferredCallbacks.php(22): Illuminate\\Pipeline\\Pipeline->Illuminate\\Pipeline\\{closure}()
#53 C:\\Users\\User\\OneDrive\\Documents\\Albert\\Appointment-Booking-System-master\\vendor\\laravel\\framework\\src\\Illuminate\\Pipeline\\Pipeline.php(208): Illuminate\\Foundation\\Http\\Middleware\\InvokeDeferredCallbacks->handle()
#54 C:\\Users\\User\\OneDrive\\Documents\\Albert\\Appointment-Booking-System-master\\vendor\\laravel\\framework\\src\\Illuminate\\Http\\Middleware\\ValidatePathEncoding.php(26): Illuminate\\Pipeline\\Pipeline->Illuminate\\Pipeline\\{closure}()
#55 C:\\Users\\User\\OneDrive\\Documents\\Albert\\Appointment-Booking-System-master\\vendor\\laravel\\framework\\src\\Illuminate\\Pipeline\\Pipeline.php(208): Illuminate\\Http\\Middleware\\ValidatePathEncoding->handle()
#56 C:\\Users\\User\\OneDrive\\Documents\\Albert\\Appointment-Booking-System-master\\vendor\\laravel\\framework\\src\\Illuminate\\Pipeline\\Pipeline.php(126): Illuminate\\Pipeline\\Pipeline->Illuminate\\Pipeline\\{closure}()
#57 C:\\Users\\User\\OneDrive\\Documents\\Albert\\Appointment-Booking-System-master\\vendor\\laravel\\framework\\src\\Illuminate\\Foundation\\Http\\Kernel.php(175): Illuminate\\Pipeline\\Pipeline->then()
#58 C:\\Users\\User\\OneDrive\\Documents\\Albert\\Appointment-Booking-System-master\\vendor\\laravel\\framework\\src\\Illuminate\\Foundation\\Http\\Kernel.php(144): Illuminate\\Foundation\\Http\\Kernel->sendRequestThroughRouter()
#59 C:\\Users\\User\\OneDrive\\Documents\\Albert\\Appointment-Booking-System-master\\vendor\\laravel\\framework\\src\\Illuminate\\Foundation\\Application.php(1219): Illuminate\\Foundation\\Http\\Kernel->handle()
#60 C:\\Users\\User\\OneDrive\\Documents\\Albert\\Appointment-Booking-System-master\\public\\index.php(20): Illuminate\\Foundation\\Application->handleRequest()
#61 C:\\Users\\User\\OneDrive\\Documents\\Albert\\Appointment-Booking-System-master\\vendor\\laravel\\framework\\src\\Illuminate\\Foundation\\resources\\server.php(23): require_once('...')
#62 {main}
"} 
[2026-05-22 11:51:17] local.ERROR: could not find driver (Connection: sqlite, SQL: select * from "sessions" where "id" = xAqvXfz85fMTKi2pUkZm3YcpM8AObLglv1KIFcuG limit 1) {"exception":"[object] (Illuminate\\Database\\QueryException(code: 0): could not find driver (Connection: sqlite, SQL: select * from \"sessions\" where \"id\" = xAqvXfz85fMTKi2pUkZm3YcpM8AObLglv1KIFcuG limit 1) at C:\\Users\\User\\OneDrive\\Documents\\Albert\\Appointment-Booking-System-master\\vendor\\laravel\\framework\\src\\Illuminate\\Database\\Connection.php:822)
[stacktrace]
#0 C:\\Users\\User\\OneDrive\\Documents\\Albert\\Appointment-Booking-System-master\\vendor\\laravel\\framework\\src\\Illuminate\\Database\\Connection.php(776): Illuminate\\Database\\Connection->runQueryCallback()
#1 C:\\Users\\User\\OneDrive\\Documents\\Albert\\Appointment-Booking-System-master\\vendor\\laravel\\framework\\src\\Illuminate\\Database\\Connection.php(395): Illuminate\\Database\\Connection->run()
#2 C:\\Users\\User\\OneDrive\\Documents\\Albert\\Appointment-Booking-System-master\\vendor\\laravel\\framework\\src\\Illuminate\\Database\\Query\\Builder.php(3131): Illuminate\\Database\\Connection->select()
#3 C:\\Users\\User\\OneDrive\\Documents\\Albert\\Appointment-Booking-System-master\\vendor\\laravel\\framework\\src\\Illuminate\\Database\\Query\\Builder.php(3116): Illuminate\\Database\\Query\\Builder->runSelect()
#4 C:\\Users\\User\\OneDrive\\Documents\\Albert\\Appointment-Booking-System-master\\vendor\\laravel\\framework\\src\\Illuminate\\Database\\Query\\Builder.php(3706): Illuminate\\Database\\Query\\Builder->Illuminate\\Database\\Query\\{closure}()
#5 C:\\Users\\User\\OneDrive\\Documents\\Albert\\Appointment-Booking-System-master\\vendor\\laravel\\framework\\src\\Illuminate\\Database\\Query\\Builder.php(3115): Illuminate\\Database\\Query\\Builder->onceWithColumns()
#6 C:\\Users\\User\\OneDrive\\Documents\\Albert\\Appointment-Booking-System-master\\vendor\\laravel\\framework\\src\\Illuminate\\Database\\Concerns\\BuildsQueries.php(366): Illuminate\\Database\\Query\\Builder->get()
#7 C:\\Users\\User\\OneDrive\\Documents\\Albert\\Appointment-Booking-System-master\\vendor\\laravel\\framework\\src\\Illuminate\\Database\\Query\\Builder.php(3038): Illuminate\\Database\\Query\\Builder->first()
#8 C:\\Users\\User\\OneDrive\\Documents\\Albert\\Appointment-Booking-System-master\\vendor\\laravel\\framework\\src\\Illuminate\\Session\\DatabaseSessionHandler.php(96): Illuminate\\Database\\Query\\Builder->find()
#9 C:\\Users\\User\\OneDrive\\Documents\\Albert\\Appointment-Booking-System-master\\vendor\\laravel\\framework\\src\\Illuminate\\Session\\Store.php(116): Illuminate\\Session\\DatabaseSessionHandler->read()
#10 C:\\Users\\User\\OneDrive\\Documents\\Albert\\Appointment-Booking-System-master\\vendor\\laravel\\framework\\src\\Illuminate\\Session\\Store.php(104): Illuminate\\Session\\Store->readFromHandler()
#11 C:\\Users\\User\\OneDrive\\Documents\\Albert\\Appointment-Booking-System-master\\vendor\\laravel\\framework\\src\\Illuminate\\Session\\Store.php(88): Illuminate\\Session\\Store->loadSession()
#12 C:\\Users\\User\\OneDrive\\Documents\\Albert\\Appointment-Booking-System-master\\vendor\\laravel\\framework\\src\\Illuminate\\Session\\Middleware\\StartSession.php(146): Illuminate\\Session\\Store->start()
#13 C:\\Users\\User\\OneDrive\\Documents\\Albert\\Appointment-Booking-System-master\\vendor\\laravel\\framework\\src\\Illuminate\\Support\\helpers.php(399): Illuminate\\Session\\Middleware\\StartSession->Illuminate\\Session\\Middleware\\{closure}()
#14 C:\\Users\\User\\OneDrive\\Documents\\Albert\\Appointment-Booking-System-master\\vendor\\laravel\\framework\\src\\Illuminate\\Session\\Middleware\\StartSession.php(143): tap()
#15 C:\\Users\\User\\OneDrive\\Documents\\Albert\\Appointment-Booking-System-master\\vendor\\laravel\\framework\\src\\Illuminate\\Session\\Middleware\\StartSession.php(115): Illuminate\\Session\\Middleware\\StartSession->startSession()
#16 C:\\Users\\User\\OneDrive\\Documents\\Albert\\Appointment-Booking-System-master\\vendor\\laravel\\framework\\src\\Illuminate\\Session\\Middleware\\StartSession.php(63): Illuminate\\Session\\Middleware\\StartSession->handleStatefulRequest()
#17 C:\\Users\\User\\OneDrive\\Documents\\Albert\\Appointment-Booking-System-master\\vendor\\laravel\\framework\\src\\Illuminate\\Pipeline\\Pipeline.php(208): Illuminate\\Session\\Middleware\\StartSession->handle()
#18 C:\\Users\\User\\OneDrive\\Documents\\Albert\\Appointment-Booking-System-master\\vendor\\laravel\\framework\\src\\Illuminate\\Cookie\\Middleware\\AddQueuedCookiesToResponse.php(36): Illuminate\\Pipeline\\Pipeline->Illuminate\\Pipeline\\{closure}()
#19 C:\\Users\\User\\OneDrive\\Documents\\Albert\\Appointment-Booking-System-master\\vendor\\laravel\\framework\\src\\Illuminate\\Pipeline\\Pipeline.php(208): Illuminate\\Cookie\\Middleware\\AddQueuedCookiesToResponse->handle()
#20 C:\\Users\\User\\OneDrive\\Documents\\Albert\\Appointment-Booking-System-master\\vendor\\laravel\\framework\\src\\Illuminate\\Cookie\\Middleware\\EncryptCookies.php(74): Illuminate\\Pipeline\\Pipeline->Illuminate\\Pipeline\\{closure}()
#21 C:\\Users\\User\\OneDrive\\Documents\\Albert\\Appointment-Booking-System-master\\vendor\\laravel\\framework\\src\\Illuminate\\Pipeline\\Pipeline.php(208): Illuminate\\Cookie\\Middleware\\EncryptCookies->handle()
#22 C:\\Users\\User\\OneDrive\\Documents\\Albert\\Appointment-Booking-System-master\\vendor\\laravel\\framework\\src\\Illuminate\\Pipeline\\Pipeline.php(126): Illuminate\\Pipeline\\Pipeline->Illuminate\\Pipeline\\{closure}()
#23 C:\\Users\\User\\OneDrive\\Documents\\Albert\\Appointment-Booking-System-master\\vendor\\laravel\\framework\\src\\Illuminate\\Routing\\Router.php(807): Illuminate\\Pipeline\\Pipeline->then()
#24 C:\\Users\\User\\OneDrive\\Documents\\Albert\\Appointment-Booking-System-master\\vendor\\laravel\\framework\\src\\Illuminate\\Routing\\Router.php(786): Illuminate\\Routing\\Router->runRouteWithinStack()
#25 C:\\Users\\User\\OneDrive\\Documents\\Albert\\Appointment-Booking-System-master\\vendor\\laravel\\framework\\src\\Illuminate\\Routing\\Router.php(750): Illuminate\\Routing\\Router->runRoute()
#26 C:\\Users\\User\\OneDrive\\Documents\\Albert\\Appointment-Booking-System-master\\vendor\\laravel\\framework\\src\\Illuminate\\Routing\\Router.php(739): Illuminate\\Routing\\Router->dispatchToRoute()
#27 C:\\Users\\User\\OneDrive\\Documents\\Albert\\Appointment-Booking-System-master\\vendor\\laravel\\framework\\src\\Illuminate\\Foundation\\Http\\Kernel.php(200): Illuminate\\Routing\\Router->dispatch()
#28 C:\\Users\\User\\OneDrive\\Documents\\Albert\\Appointment-Booking-System-master\\vendor\\laravel\\framework\\src\\Illuminate\\Pipeline\\Pipeline.php(169): Illuminate\\Foundation\\Http\\Kernel->Illuminate\\Foundation\\Http\\{closure}()
#29 C:\\Users\\User\\OneDrive\\Documents\\Albert\\Appointment-Booking-System-master\\vendor\\laravel\\framework\\src\\Illuminate\\Foundation\\Http\\Middleware\\TransformsRequest.php(21): Illuminate\\Pipeline\\Pipeline->Illuminate\\Pipeline\\{closure}()
#30 C:\\Users\\User\\OneDrive\\Documents\\Albert\\Appointment-Booking-System-master\\vendor\\laravel\\framework\\src\\Illuminate\\Foundation\\Http\\Middleware\\ConvertEmptyStringsToNull.php(31): Illuminate\\Foundation\\Http\\Middleware\\TransformsRequest->handle()
#31 C:\\Users\\User\\OneDrive\\Documents\\Albert\\Appointment-Booking-System-master\\vendor\\laravel\\framework\\src\\Illuminate\\Pipeline\\Pipeline.php(208): Illuminate\\Foundation\\Http\\Middleware\\ConvertEmptyStringsToNull->handle()
#32 C:\\Users\\User\\OneDrive\\Documents\\Albert\\Appointment-Booking-System-master\\vendor\\laravel\\framework\\src\\Illuminate\\Foundation\\Http\\Middleware\\TransformsRequest.php(21): Illuminate\\Pipeline\\Pipeline->Illuminate\\Pipeline\\{closure}()
#33 C:\\Users\\User\\OneDrive\\Documents\\Albert\\Appointment-Booking-System-master\\vendor\\laravel\\framework\\src\\Illuminate\\Foundation\\Http\\Middleware\\TrimStrings.php(51): Illuminate\\Foundation\\Http\\Middleware\\TransformsRequest->handle()
#34 C:\\Users\\User\\OneDrive\\Documents\\Albert\\Appointment-Booking-System-master\\vendor\\laravel\\framework\\src\\Illuminate\\Pipeline\\Pipeline.php(208): Illuminate\\Foundation\\Http\\Middleware\\TrimStrings->handle()
#35 C:\\Users\\User\\OneDrive\\Documents\\Albert\\Appointment-Booking-System-master\\vendor\\laravel\\framework\\src\\Illuminate\\Http\\Middleware\\ValidatePostSize.php(27): Illuminate\\Pipeline\\Pipeline->Illuminate\\Pipeline\\{closure}()
#36 C:\\Users\\User\\OneDrive\\Documents\\Albert\\Appointment-Booking-System-master\\vendor\\laravel\\framework\\src\\Illuminate\\Pipeline\\Pipeline.php(208): Illuminate\\Http\\Middleware\\ValidatePostSize->handle()
#37 C:\\Users\\User\\OneDrive\\Documents\\Albert\\Appointment-Booking-System-master\\vendor\\laravel\\framework\\src\\Illuminate\\Foundation\\Http\\Middleware\\PreventRequestsDuringMaintenance.php(109): Illuminate\\Pipeline\\Pipeline->Illuminate\\Pipeline\\{closure}()
#38 C:\\Users\\User\\OneDrive\\Documents\\Albert\\Appointment-Booking-System-master\\vendor\\laravel\\framework\\src\\Illuminate\\Pipeline\\Pipeline.php(208): Illuminate\\Foundation\\Http\\Middleware\\PreventRequestsDuringMaintenance->handle()
#39 C:\\Users\\User\\OneDrive\\Documents\\Albert\\Appointment-Booking-System-master\\vendor\\laravel\\framework\\src\\Illuminate\\Http\\Middleware\\HandleCors.php(48): Illuminate\\Pipeline\\Pipeline->Illuminate\\Pipeline\\{closure}()
#40 C:\\Users\\User\\OneDrive\\Documents\\Albert\\Appointment-Booking-System-master\\vendor\\laravel\\framework\\src\\Illuminate\\Pipeline\\Pipeline.php(208): Illuminate\\Http\\Middleware\\HandleCors->handle()
#41 C:\\Users\\User\\OneDrive\\Documents\\Albert\\Appointment-Booking-System-master\\vendor\\laravel\\framework\\src\\Illuminate\\Http\\Middleware\\TrustProxies.php(58): Illuminate\\Pipeline\\Pipeline->Illuminate\\Pipeline\\{closure}()
#42 C:\\Users\\User\\OneDrive\\Documents\\Albert\\Appointment-Booking-System-master\\vendor\\laravel\\framework\\src\\Illuminate\\Pipeline\\Pipeline.php(208): Illuminate\\Http\\Middleware\\TrustProxies->handle()
#43 C:\\Users\\User\\OneDrive\\Documents\\Albert\\Appointment-Booking-System-master\\vendor\\laravel\\framework\\src\\Illuminate\\Foundation\\Http\\Middleware\\InvokeDeferredCallbacks.php(22): Illuminate\\Pipeline\\Pipeline->Illuminate\\Pipeline\\{closure}()
#44 C:\\Users\\User\\OneDrive\\Documents\\Albert\\Appointment-Booking-System-master\\vendor\\laravel\\framework\\src\\Illuminate\\Pipeline\\Pipeline.php(208): Illuminate\\Foundation\\Http\\Middleware\\InvokeDeferredCallbacks->handle()
#45 C:\\Users\\User\\OneDrive\\Documents\\Albert\\Appointment-Booking-System-master\\vendor\\laravel\\framework\\src\\Illuminate\\Http\\Middleware\\ValidatePathEncoding.php(26): Illuminate\\Pipeline\\Pipeline->Illuminate\\Pipeline\\{closure}()
#46 C:\\Users\\User\\OneDrive\\Documents\\Albert\\Appointment-Booking-System-master\\vendor\\laravel\\framework\\src\\Illuminate\\Pipeline\\Pipeline.php(208): Illuminate\\Http\\Middleware\\ValidatePathEncoding->handle()
#47 C:\\Users\\User\\OneDrive\\Documents\\Albert\\Appointment-Booking-System-master\\vendor\\laravel\\framework\\src\\Illuminate\\Pipeline\\Pipeline.php(126): Illuminate\\Pipeline\\Pipeline->Illuminate\\Pipeline\\{closure}()
#48 C:\\Users\\User\\OneDrive\\Documents\\Albert\\Appointment-Booking-System-master\\vendor\\laravel\\framework\\src\\Illuminate\\Foundation\\Http\\Kernel.php(175): Illuminate\\Pipeline\\Pipeline->then()
#49 C:\\Users\\User\\OneDrive\\Documents\\Albert\\Appointment-Booking-System-master\\vendor\\laravel\\framework\\src\\Illuminate\\Foundation\\Http\\Kernel.php(144): Illuminate\\Foundation\\Http\\Kernel->sendRequestThroughRouter()
#50 C:\\Users\\User\\OneDrive\\Documents\\Albert\\Appointment-Booking-System-master\\vendor\\laravel\\framework\\src\\Illuminate\\Foundation\\Application.php(1219): Illuminate\\Foundation\\Http\\Kernel->handle()
#51 C:\\Users\\User\\OneDrive\\Documents\\Albert\\Appointment-Booking-System-master\\public\\index.php(20): Illuminate\\Foundation\\Application->handleRequest()
#52 C:\\Users\\User\\OneDrive\\Documents\\Albert\\Appointment-Booking-System-master\\vendor\\laravel\\framework\\src\\Illuminate\\Foundation\\resources\\server.php(23): require_once('...')
#53 {main}

[previous exception] [object] (PDOException(code: 0): could not find driver at C:\\Users\\User\\OneDrive\\Documents\\Albert\\Appointment-Booking-System-master\\vendor\\laravel\\framework\\src\\Illuminate\\Database\\Connectors\\Connector.php:66)
[stacktrace]
#0 C:\\Users\\User\\OneDrive\\Documents\\Albert\\Appointment-Booking-System-master\\vendor\\laravel\\framework\\src\\Illuminate\\Database\\Connectors\\Connector.php(66): PDO->__construct()
#1 C:\\Users\\User\\OneDrive\\Documents\\Albert\\Appointment-Booking-System-master\\vendor\\laravel\\framework\\src\\Illuminate\\Database\\Connectors\\Connector.php(44): Illuminate\\Database\\Connectors\\Connector->createPdoConnection()
#2 C:\\Users\\User\\OneDrive\\Documents\\Albert\\Appointment-Booking-System-master\\vendor\\laravel\\framework\\src\\Illuminate\\Database\\Connectors\\SQLiteConnector.php(21): Illuminate\\Database\\Connectors\\Connector->createConnection()
#3 C:\\Users\\User\\OneDrive\\Documents\\Albert\\Appointment-Booking-System-master\\vendor\\laravel\\framework\\src\\Illuminate\\Database\\Connectors\\ConnectionFactory.php(223): Illuminate\\Database\\Connectors\\SQLiteConnector->connect()
#4 [internal function]: Illuminate\\Database\\Connectors\\ConnectionFactory->Illuminate\\Database\\Connectors\\{closure}()
#5 C:\\Users\\User\\OneDrive\\Documents\\Albert\\Appointment-Booking-System-master\\vendor\\laravel\\framework\\src\\Illuminate\\Database\\Connection.php(1228): call_user_func()
#6 C:\\Users\\User\\OneDrive\\Documents\\Albert\\Appointment-Booking-System-master\\vendor\\laravel\\framework\\src\\Illuminate\\Database\\Connection.php(509): Illuminate\\Database\\Connection->getPdo()
#7 C:\\Users\\User\\OneDrive\\Documents\\Albert\\Appointment-Booking-System-master\\vendor\\laravel\\framework\\src\\Illuminate\\Database\\Connection.php(404): Illuminate\\Database\\Connection->getPdoForSelect()
#8 C:\\Users\\User\\OneDrive\\Documents\\Albert\\Appointment-Booking-System-master\\vendor\\laravel\\framework\\src\\Illuminate\\Database\\Connection.php(809): Illuminate\\Database\\Connection->Illuminate\\Database\\{closure}()
#9 C:\\Users\\User\\OneDrive\\Documents\\Albert\\Appointment-Booking-System-master\\vendor\\laravel\\framework\\src\\Illuminate\\Database\\Connection.php(776): Illuminate\\Database\\Connection->runQueryCallback()
#10 C:\\Users\\User\\OneDrive\\Documents\\Albert\\Appointment-Booking-System-master\\vendor\\laravel\\framework\\src\\Illuminate\\Database\\Connection.php(395): Illuminate\\Database\\Connection->run()
#11 C:\\Users\\User\\OneDrive\\Documents\\Albert\\Appointment-Booking-System-master\\vendor\\laravel\\framework\\src\\Illuminate\\Database\\Query\\Builder.php(3131): Illuminate\\Database\\Connection->select()
#12 C:\\Users\\User\\OneDrive\\Documents\\Albert\\Appointment-Booking-System-master\\vendor\\laravel\\framework\\src\\Illuminate\\Database\\Query\\Builder.php(3116): Illuminate\\Database\\Query\\Builder->runSelect()
#13 C:\\Users\\User\\OneDrive\\Documents\\Albert\\Appointment-Booking-System-master\\vendor\\laravel\\framework\\src\\Illuminate\\Database\\Query\\Builder.php(3706): Illuminate\\Database\\Query\\Builder->Illuminate\\Database\\Query\\{closure}()
#14 C:\\Users\\User\\OneDrive\\Documents\\Albert\\Appointment-Booking-System-master\\vendor\\laravel\\framework\\src\\Illuminate\\Database\\Query\\Builder.php(3115): Illuminate\\Database\\Query\\Builder->onceWithColumns()
#15 C:\\Users\\User\\OneDrive\\Documents\\Albert\\Appointment-Booking-System-master\\vendor\\laravel\\framework\\src\\Illuminate\\Database\\Concerns\\BuildsQueries.php(366): Illuminate\\Database\\Query\\Builder->get()
#16 C:\\Users\\User\\OneDrive\\Documents\\Albert\\Appointment-Booking-System-master\\vendor\\laravel\\framework\\src\\Illuminate\\Database\\Query\\Builder.php(3038): Illuminate\\Database\\Query\\Builder->first()
#17 C:\\Users\\User\\OneDrive\\Documents\\Albert\\Appointment-Booking-System-master\\vendor\\laravel\\framework\\src\\Illuminate\\Session\\DatabaseSessionHandler.php(96): Illuminate\\Database\\Query\\Builder->find()
#18 C:\\Users\\User\\OneDrive\\Documents\\Albert\\Appointment-Booking-System-master\\vendor\\laravel\\framework\\src\\Illuminate\\Session\\Store.php(116): Illuminate\\Session\\DatabaseSessionHandler->read()
#19 C:\\Users\\User\\OneDrive\\Documents\\Albert\\Appointment-Booking-System-master\\vendor\\laravel\\framework\\src\\Illuminate\\Session\\Store.php(104): Illuminate\\Session\\Store->readFromHandler()
#20 C:\\Users\\User\\OneDrive\\Documents\\Albert\\Appointment-Booking-System-master\\vendor\\laravel\\framework\\src\\Illuminate\\Session\\Store.php(88): Illuminate\\Session\\Store->loadSession()
#21 C:\\Users\\User\\OneDrive\\Documents\\Albert\\Appointment-Booking-System-master\\vendor\\laravel\\framework\\src\\Illuminate\\Session\\Middleware\\StartSession.php(146): Illuminate\\Session\\Store->start()
#22 C:\\Users\\User\\OneDrive\\Documents\\Albert\\Appointment-Booking-System-master\\vendor\\laravel\\framework\\src\\Illuminate\\Support\\helpers.php(399): Illuminate\\Session\\Middleware\\StartSession->Illuminate\\Session\\Middleware\\{closure}()
#23 C:\\Users\\User\\OneDrive\\Documents\\Albert\\Appointment-Booking-System-master\\vendor\\laravel\\framework\\src\\Illuminate\\Session\\Middleware\\StartSession.php(143): tap()
#24 C:\\Users\\User\\OneDrive\\Documents\\Albert\\Appointment-Booking-System-master\\vendor\\laravel\\framework\\src\\Illuminate\\Session\\Middleware\\StartSession.php(115): Illuminate\\Session\\Middleware\\StartSession->startSession()
#25 C:\\Users\\User\\OneDrive\\Documents\\Albert\\Appointment-Booking-System-master\\vendor\\laravel\\framework\\src\\Illuminate\\Session\\Middleware\\StartSession.php(63): Illuminate\\Session\\Middleware\\StartSession->handleStatefulRequest()
#26 C:\\Users\\User\\OneDrive\\Documents\\Albert\\Appointment-Booking-System-master\\vendor\\laravel\\framework\\src\\Illuminate\\Pipeline\\Pipeline.php(208): Illuminate\\Session\\Middleware\\StartSession->handle()
#27 C:\\Users\\User\\OneDrive\\Documents\\Albert\\Appointment-Booking-System-master\\vendor\\laravel\\framework\\src\\Illuminate\\Cookie\\Middleware\\AddQueuedCookiesToResponse.php(36): Illuminate\\Pipeline\\Pipeline->Illuminate\\Pipeline\\{closure}()
#28 C:\\Users\\User\\OneDrive\\Documents\\Albert\\Appointment-Booking-System-master\\vendor\\laravel\\framework\\src\\Illuminate\\Pipeline\\Pipeline.php(208): Illuminate\\Cookie\\Middleware\\AddQueuedCookiesToResponse->handle()
#29 C:\\Users\\User\\OneDrive\\Documents\\Albert\\Appointment-Booking-System-master\\vendor\\laravel\\framework\\src\\Illuminate\\Cookie\\Middleware\\EncryptCookies.php(74): Illuminate\\Pipeline\\Pipeline->Illuminate\\Pipeline\\{closure}()
#30 C:\\Users\\User\\OneDrive\\Documents\\Albert\\Appointment-Booking-System-master\\vendor\\laravel\\framework\\src\\Illuminate\\Pipeline\\Pipeline.php(208): Illuminate\\Cookie\\Middleware\\EncryptCookies->handle()
#31 C:\\Users\\User\\OneDrive\\Documents\\Albert\\Appointment-Booking-System-master\\vendor\\laravel\\framework\\src\\Illuminate\\Pipeline\\Pipeline.php(126): Illuminate\\Pipeline\\Pipeline->Illuminate\\Pipeline\\{closure}()
#32 C:\\Users\\User\\OneDrive\\Documents\\Albert\\Appointment-Booking-System-master\\vendor\\laravel\\framework\\src\\Illuminate\\Routing\\Router.php(807): Illuminate\\Pipeline\\Pipeline->then()
#33 C:\\Users\\User\\OneDrive\\Documents\\Albert\\Appointment-Booking-System-master\\vendor\\laravel\\framework\\src\\Illuminate\\Routing\\Router.php(786): Illuminate\\Routing\\Router->runRouteWithinStack()
#34 C:\\Users\\User\\OneDrive\\Documents\\Albert\\Appointment-Booking-System-master\\vendor\\laravel\\framework\\src\\Illuminate\\Routing\\Router.php(750): Illuminate\\Routing\\Router->runRoute()
#35 C:\\Users\\User\\OneDrive\\Documents\\Albert\\Appointment-Booking-System-master\\vendor\\laravel\\framework\\src\\Illuminate\\Routing\\Router.php(739): Illuminate\\Routing\\Router->dispatchToRoute()
#36 C:\\Users\\User\\OneDrive\\Documents\\Albert\\Appointment-Booking-System-master\\vendor\\laravel\\framework\\src\\Illuminate\\Foundation\\Http\\Kernel.php(200): Illuminate\\Routing\\Router->dispatch()
#37 C:\\Users\\User\\OneDrive\\Documents\\Albert\\Appointment-Booking-System-master\\vendor\\laravel\\framework\\src\\Illuminate\\Pipeline\\Pipeline.php(169): Illuminate\\Foundation\\Http\\Kernel->Illuminate\\Foundation\\Http\\{closure}()
#38 C:\\Users\\User\\OneDrive\\Documents\\Albert\\Appointment-Booking-System-master\\vendor\\laravel\\framework\\src\\Illuminate\\Foundation\\Http\\Middleware\\TransformsRequest.php(21): Illuminate\\Pipeline\\Pipeline->Illuminate\\Pipeline\\{closure}()
#39 C:\\Users\\User\\OneDrive\\Documents\\Albert\\Appointment-Booking-System-master\\vendor\\laravel\\framework\\src\\Illuminate\\Foundation\\Http\\Middleware\\ConvertEmptyStringsToNull.php(31): Illuminate\\Foundation\\Http\\Middleware\\TransformsRequest->handle()
#40 C:\\Users\\User\\OneDrive\\Documents\\Albert\\Appointment-Booking-System-master\\vendor\\laravel\\framework\\src\\Illuminate\\Pipeline\\Pipeline.php(208): Illuminate\\Foundation\\Http\\Middleware\\ConvertEmptyStringsToNull->handle()
#41 C:\\Users\\User\\OneDrive\\Documents\\Albert\\Appointment-Booking-System-master\\vendor\\laravel\\framework\\src\\Illuminate\\Foundation\\Http\\Middleware\\TransformsRequest.php(21): Illuminate\\Pipeline\\Pipeline->Illuminate\\Pipeline\\{closure}()
#42 C:\\Users\\User\\OneDrive\\Documents\\Albert\\Appointment-Booking-System-master\\vendor\\laravel\\framework\\src\\Illuminate\\Foundation\\Http\\Middleware\\TrimStrings.php(51): Illuminate\\Foundation\\Http\\Middleware\\TransformsRequest->handle()
#43 C:\\Users\\User\\OneDrive\\Documents\\Albert\\Appointment-Booking-System-master\\vendor\\laravel\\framework\\src\\Illuminate\\Pipeline\\Pipeline.php(208): Illuminate\\Foundation\\Http\\Middleware\\TrimStrings->handle()
#44 C:\\Users\\User\\OneDrive\\Documents\\Albert\\Appointment-Booking-System-master\\vendor\\laravel\\framework\\src\\Illuminate\\Http\\Middleware\\ValidatePostSize.php(27): Illuminate\\Pipeline\\Pipeline->Illuminate\\Pipeline\\{closure}()
#45 C:\\Users\\User\\OneDrive\\Documents\\Albert\\Appointment-Booking-System-master\\vendor\\laravel\\framework\\src\\Illuminate\\Pipeline\\Pipeline.php(208): Illuminate\\Http\\Middleware\\ValidatePostSize->handle()
#46 C:\\Users\\User\\OneDrive\\Documents\\Albert\\Appointment-Booking-System-master\\vendor\\laravel\\framework\\src\\Illuminate\\Foundation\\Http\\Middleware\\PreventRequestsDuringMaintenance.php(109): Illuminate\\Pipeline\\Pipeline->Illuminate\\Pipeline\\{closure}()
#47 C:\\Users\\User\\OneDrive\\Documents\\Albert\\Appointment-Booking-System-master\\vendor\\laravel\\framework\\src\\Illuminate\\Pipeline\\Pipeline.php(208): Illuminate\\Foundation\\Http\\Middleware\\PreventRequestsDuringMaintenance->handle()
#48 C:\\Users\\User\\OneDrive\\Documents\\Albert\\Appointment-Booking-System-master\\vendor\\laravel\\framework\\src\\Illuminate\\Http\\Middleware\\HandleCors.php(48): Illuminate\\Pipeline\\Pipeline->Illuminate\\Pipeline\\{closure}()
#49 C:\\Users\\User\\OneDrive\\Documents\\Albert\\Appointment-Booking-System-master\\vendor\\laravel\\framework\\src\\Illuminate\\Pipeline\\Pipeline.php(208): Illuminate\\Http\\Middleware\\HandleCors->handle()
#50 C:\\Users\\User\\OneDrive\\Documents\\Albert\\Appointment-Booking-System-master\\vendor\\laravel\\framework\\src\\Illuminate\\Http\\Middleware\\TrustProxies.php(58): Illuminate\\Pipeline\\Pipeline->Illuminate\\Pipeline\\{closure}()
#51 C:\\Users\\User\\OneDrive\\Documents\\Albert\\Appointment-Booking-System-master\\vendor\\laravel\\framework\\src\\Illuminate\\Pipeline\\Pipeline.php(208): Illuminate\\Http\\Middleware\\TrustProxies->handle()
#52 C:\\Users\\User\\OneDrive\\Documents\\Albert\\Appointment-Booking-System-master\\vendor\\laravel\\framework\\src\\Illuminate\\Foundation\\Http\\Middleware\\InvokeDeferredCallbacks.php(22): Illuminate\\Pipeline\\Pipeline->Illuminate\\Pipeline\\{closure}()
#53 C:\\Users\\User\\OneDrive\\Documents\\Albert\\Appointment-Booking-System-master\\vendor\\laravel\\framework\\src\\Illuminate\\Pipeline\\Pipeline.php(208): Illuminate\\Foundation\\Http\\Middleware\\InvokeDeferredCallbacks->handle()
#54 C:\\Users\\User\\OneDrive\\Documents\\Albert\\Appointment-Booking-System-master\\vendor\\laravel\\framework\\src\\Illuminate\\Http\\Middleware\\ValidatePathEncoding.php(26): Illuminate\\Pipeline\\Pipeline->Illuminate\\Pipeline\\{closure}()
#55 C:\\Users\\User\\OneDrive\\Documents\\Albert\\Appointment-Booking-System-master\\vendor\\laravel\\framework\\src\\Illuminate\\Pipeline\\Pipeline.php(208): Illuminate\\Http\\Middleware\\ValidatePathEncoding->handle()
#56 C:\\Users\\User\\OneDrive\\Documents\\Albert\\Appointment-Booking-System-master\\vendor\\laravel\\framework\\src\\Illuminate\\Pipeline\\Pipeline.php(126): Illuminate\\Pipeline\\Pipeline->Illuminate\\Pipeline\\{closure}()
#57 C:\\Users\\User\\OneDrive\\Documents\\Albert\\Appointment-Booking-System-master\\vendor\\laravel\\framework\\src\\Illuminate\\Foundation\\Http\\Kernel.php(175): Illuminate\\Pipeline\\Pipeline->then()
#58 C:\\Users\\User\\OneDrive\\Documents\\Albert\\Appointment-Booking-System-master\\vendor\\laravel\\framework\\src\\Illuminate\\Foundation\\Http\\Kernel.php(144): Illuminate\\Foundation\\Http\\Kernel->sendRequestThroughRouter()
#59 C:\\Users\\User\\OneDrive\\Documents\\Albert\\Appointment-Booking-System-master\\vendor\\laravel\\framework\\src\\Illuminate\\Foundation\\Application.php(1219): Illuminate\\Foundation\\Http\\Kernel->handle()
#60 C:\\Users\\User\\OneDrive\\Documents\\Albert\\Appointment-Booking-System-master\\public\\index.php(20): Illuminate\\Foundation\\Application->handleRequest()
#61 C:\\Users\\User\\OneDrive\\Documents\\Albert\\Appointment-Booking-System-master\\vendor\\laravel\\framework\\src\\Illuminate\\Foundation\\resources\\server.php(23): require_once('...')
#62 {main}
"} 
[2026-05-22 11:51:38] local.ERROR: could not find driver (Connection: mysql, SQL: select * from `sessions` where `id` = xAqvXfz85fMTKi2pUkZm3YcpM8AObLglv1KIFcuG limit 1) {"exception":"[object] (Illuminate\\Database\\QueryException(code: 0): could not find driver (Connection: mysql, SQL: select * from `sessions` where `id` = xAqvXfz85fMTKi2pUkZm3YcpM8AObLglv1KIFcuG limit 1) at C:\\Users\\User\\OneDrive\\Documents\\Albert\\Appointment-Booking-System-master\\vendor\\laravel\\framework\\src\\Illuminate\\Database\\Connection.php:822)
[stacktrace]
#0 C:\\Users\\User\\OneDrive\\Documents\\Albert\\Appointment-Booking-System-master\\vendor\\laravel\\framework\\src\\Illuminate\\Database\\Connection.php(776): Illuminate\\Database\\Connection->runQueryCallback()
#1 C:\\Users\\User\\OneDrive\\Documents\\Albert\\Appointment-Booking-System-master\\vendor\\laravel\\framework\\src\\Illuminate\\Database\\Connection.php(395): Illuminate\\Database\\Connection->run()
#2 C:\\Users\\User\\OneDrive\\Documents\\Albert\\Appointment-Booking-System-master\\vendor\\laravel\\framework\\src\\Illuminate\\Database\\Query\\Builder.php(3131): Illuminate\\Database\\Connection->select()
#3 C:\\Users\\User\\OneDrive\\Documents\\Albert\\Appointment-Booking-System-master\\vendor\\laravel\\framework\\src\\Illuminate\\Database\\Query\\Builder.php(3116): Illuminate\\Database\\Query\\Builder->runSelect()
#4 C:\\Users\\User\\OneDrive\\Documents\\Albert\\Appointment-Booking-System-master\\vendor\\laravel\\framework\\src\\Illuminate\\Database\\Query\\Builder.php(3706): Illuminate\\Database\\Query\\Builder->Illuminate\\Database\\Query\\{closure}()
#5 C:\\Users\\User\\OneDrive\\Documents\\Albert\\Appointment-Booking-System-master\\vendor\\laravel\\framework\\src\\Illuminate\\Database\\Query\\Builder.php(3115): Illuminate\\Database\\Query\\Builder->onceWithColumns()
#6 C:\\Users\\User\\OneDrive\\Documents\\Albert\\Appointment-Booking-System-master\\vendor\\laravel\\framework\\src\\Illuminate\\Database\\Concerns\\BuildsQueries.php(366): Illuminate\\Database\\Query\\Builder->get()
#7 C:\\Users\\User\\OneDrive\\Documents\\Albert\\Appointment-Booking-System-master\\vendor\\laravel\\framework\\src\\Illuminate\\Database\\Query\\Builder.php(3038): Illuminate\\Database\\Query\\Builder->first()
#8 C:\\Users\\User\\OneDrive\\Documents\\Albert\\Appointment-Booking-System-master\\vendor\\laravel\\framework\\src\\Illuminate\\Session\\DatabaseSessionHandler.php(96): Illuminate\\Database\\Query\\Builder->find()
#9 C:\\Users\\User\\OneDrive\\Documents\\Albert\\Appointment-Booking-System-master\\vendor\\laravel\\framework\\src\\Illuminate\\Session\\Store.php(116): Illuminate\\Session\\DatabaseSessionHandler->read()
#10 C:\\Users\\User\\OneDrive\\Documents\\Albert\\Appointment-Booking-System-master\\vendor\\laravel\\framework\\src\\Illuminate\\Session\\Store.php(104): Illuminate\\Session\\Store->readFromHandler()
#11 C:\\Users\\User\\OneDrive\\Documents\\Albert\\Appointment-Booking-System-master\\vendor\\laravel\\framework\\src\\Illuminate\\Session\\Store.php(88): Illuminate\\Session\\Store->loadSession()
#12 C:\\Users\\User\\OneDrive\\Documents\\Albert\\Appointment-Booking-System-master\\vendor\\laravel\\framework\\src\\Illuminate\\Session\\Middleware\\StartSession.php(146): Illuminate\\Session\\Store->start()
#13 C:\\Users\\User\\OneDrive\\Documents\\Albert\\Appointment-Booking-System-master\\vendor\\laravel\\framework\\src\\Illuminate\\Support\\helpers.php(399): Illuminate\\Session\\Middleware\\StartSession->Illuminate\\Session\\Middleware\\{closure}()
#14 C:\\Users\\User\\OneDrive\\Documents\\Albert\\Appointment-Booking-System-master\\vendor\\laravel\\framework\\src\\Illuminate\\Session\\Middleware\\StartSession.php(143): tap()
#15 C:\\Users\\User\\OneDrive\\Documents\\Albert\\Appointment-Booking-System-master\\vendor\\laravel\\framework\\src\\Illuminate\\Session\\Middleware\\StartSession.php(115): Illuminate\\Session\\Middleware\\StartSession->startSession()
#16 C:\\Users\\User\\OneDrive\\Documents\\Albert\\Appointment-Booking-System-master\\vendor\\laravel\\framework\\src\\Illuminate\\Session\\Middleware\\StartSession.php(63): Illuminate\\Session\\Middleware\\StartSession->handleStatefulRequest()
#17 C:\\Users\\User\\OneDrive\\Documents\\Albert\\Appointment-Booking-System-master\\vendor\\laravel\\framework\\src\\Illuminate\\Pipeline\\Pipeline.php(208): Illuminate\\Session\\Middleware\\StartSession->handle()
#18 C:\\Users\\User\\OneDrive\\Documents\\Albert\\Appointment-Booking-System-master\\vendor\\laravel\\framework\\src\\Illuminate\\Cookie\\Middleware\\AddQueuedCookiesToResponse.php(36): Illuminate\\Pipeline\\Pipeline->Illuminate\\Pipeline\\{closure}()
#19 C:\\Users\\User\\OneDrive\\Documents\\Albert\\Appointment-Booking-System-master\\vendor\\laravel\\framework\\src\\Illuminate\\Pipeline\\Pipeline.php(208): Illuminate\\Cookie\\Middleware\\AddQueuedCookiesToResponse->handle()
#20 C:\\Users\\User\\OneDrive\\Documents\\Albert\\Appointment-Booking-System-master\\vendor\\laravel\\framework\\src\\Illuminate\\Cookie\\Middleware\\EncryptCookies.php(74): Illuminate\\Pipeline\\Pipeline->Illuminate\\Pipeline\\{closure}()
#21 C:\\Users\\User\\OneDrive\\Documents\\Albert\\Appointment-Booking-System-master\\vendor\\laravel\\framework\\src\\Illuminate\\Pipeline\\Pipeline.php(208): Illuminate\\Cookie\\Middleware\\EncryptCookies->handle()
#22 C:\\Users\\User\\OneDrive\\Documents\\Albert\\Appointment-Booking-System-master\\vendor\\laravel\\framework\\src\\Illuminate\\Pipeline\\Pipeline.php(126): Illuminate\\Pipeline\\Pipeline->Illuminate\\Pipeline\\{closure}()
#23 C:\\Users\\User\\OneDrive\\Documents\\Albert\\Appointment-Booking-System-master\\vendor\\laravel\\framework\\src\\Illuminate\\Routing\\Router.php(807): Illuminate\\Pipeline\\Pipeline->then()
#24 C:\\Users\\User\\OneDrive\\Documents\\Albert\\Appointment-Booking-System-master\\vendor\\laravel\\framework\\src\\Illuminate\\Routing\\Router.php(786): Illuminate\\Routing\\Router->runRouteWithinStack()
#25 C:\\Users\\User\\OneDrive\\Documents\\Albert\\Appointment-Booking-System-master\\vendor\\laravel\\framework\\src\\Illuminate\\Routing\\Router.php(750): Illuminate\\Routing\\Router->runRoute()
#26 C:\\Users\\User\\OneDrive\\Documents\\Albert\\Appointment-Booking-System-master\\vendor\\laravel\\framework\\src\\Illuminate\\Routing\\Router.php(739): Illuminate\\Routing\\Router->dispatchToRoute()
#27 C:\\Users\\User\\OneDrive\\Documents\\Albert\\Appointment-Booking-System-master\\vendor\\laravel\\framework\\src\\Illuminate\\Foundation\\Http\\Kernel.php(200): Illuminate\\Routing\\Router->dispatch()
#28 C:\\Users\\User\\OneDrive\\Documents\\Albert\\Appointment-Booking-System-master\\vendor\\laravel\\framework\\src\\Illuminate\\Pipeline\\Pipeline.php(169): Illuminate\\Foundation\\Http\\Kernel->Illuminate\\Foundation\\Http\\{closure}()
#29 C:\\Users\\User\\OneDrive\\Documents\\Albert\\Appointment-Booking-System-master\\vendor\\laravel\\framework\\src\\Illuminate\\Foundation\\Http\\Middleware\\TransformsRequest.php(21): Illuminate\\Pipeline\\Pipeline->Illuminate\\Pipeline\\{closure}()
#30 C:\\Users\\User\\OneDrive\\Documents\\Albert\\Appointment-Booking-System-master\\vendor\\laravel\\framework\\src\\Illuminate\\Foundation\\Http\\Middleware\\ConvertEmptyStringsToNull.php(31): Illuminate\\Foundation\\Http\\Middleware\\TransformsRequest->handle()
#31 C:\\Users\\User\\OneDrive\\Documents\\Albert\\Appointment-Booking-System-master\\vendor\\laravel\\framework\\src\\Illuminate\\Pipeline\\Pipeline.php(208): Illuminate\\Foundation\\Http\\Middleware\\ConvertEmptyStringsToNull->handle()
#32 C:\\Users\\User\\OneDrive\\Documents\\Albert\\Appointment-Booking-System-master\\vendor\\laravel\\framework\\src\\Illuminate\\Foundation\\Http\\Middleware\\TransformsRequest.php(21): Illuminate\\Pipeline\\Pipeline->Illuminate\\Pipeline\\{closure}()
#33 C:\\Users\\User\\OneDrive\\Documents\\Albert\\Appointment-Booking-System-master\\vendor\\laravel\\framework\\src\\Illuminate\\Foundation\\Http\\Middleware\\TrimStrings.php(51): Illuminate\\Foundation\\Http\\Middleware\\TransformsRequest->handle()
#34 C:\\Users\\User\\OneDrive\\Documents\\Albert\\Appointment-Booking-System-master\\vendor\\laravel\\framework\\src\\Illuminate\\Pipeline\\Pipeline.php(208): Illuminate\\Foundation\\Http\\Middleware\\TrimStrings->handle()
#35 C:\\Users\\User\\OneDrive\\Documents\\Albert\\Appointment-Booking-System-master\\vendor\\laravel\\framework\\src\\Illuminate\\Http\\Middleware\\ValidatePostSize.php(27): Illuminate\\Pipeline\\Pipeline->Illuminate\\Pipeline\\{closure}()
#36 C:\\Users\\User\\OneDrive\\Documents\\Albert\\Appointment-Booking-System-master\\vendor\\laravel\\framework\\src\\Illuminate\\Pipeline\\Pipeline.php(208): Illuminate\\Http\\Middleware\\ValidatePostSize->handle()
#37 C:\\Users\\User\\OneDrive\\Documents\\Albert\\Appointment-Booking-System-master\\vendor\\laravel\\framework\\src\\Illuminate\\Foundation\\Http\\Middleware\\PreventRequestsDuringMaintenance.php(109): Illuminate\\Pipeline\\Pipeline->Illuminate\\Pipeline\\{closure}()
#38 C:\\Users\\User\\OneDrive\\Documents\\Albert\\Appointment-Booking-System-master\\vendor\\laravel\\framework\\src\\Illuminate\\Pipeline\\Pipeline.php(208): Illuminate\\Foundation\\Http\\Middleware\\PreventRequestsDuringMaintenance->handle()
#39 C:\\Users\\User\\OneDrive\\Documents\\Albert\\Appointment-Booking-System-master\\vendor\\laravel\\framework\\src\\Illuminate\\Http\\Middleware\\HandleCors.php(48): Illuminate\\Pipeline\\Pipeline->Illuminate\\Pipeline\\{closure}()
#40 C:\\Users\\User\\OneDrive\\Documents\\Albert\\Appointment-Booking-System-master\\vendor\\laravel\\framework\\src\\Illuminate\\Pipeline\\Pipeline.php(208): Illuminate\\Http\\Middleware\\HandleCors->handle()
#41 C:\\Users\\User\\OneDrive\\Documents\\Albert\\Appointment-Booking-System-master\\vendor\\laravel\\framework\\src\\Illuminate\\Http\\Middleware\\TrustProxies.php(58): Illuminate\\Pipeline\\Pipeline->Illuminate\\Pipeline\\{closure}()
#42 C:\\Users\\User\\OneDrive\\Documents\\Albert\\Appointment-Booking-System-master\\vendor\\laravel\\framework\\src\\Illuminate\\Pipeline\\Pipeline.php(208): Illuminate\\Http\\Middleware\\TrustProxies->handle()
#43 C:\\Users\\User\\OneDrive\\Documents\\Albert\\Appointment-Booking-System-master\\vendor\\laravel\\framework\\src\\Illuminate\\Foundation\\Http\\Middleware\\InvokeDeferredCallbacks.php(22): Illuminate\\Pipeline\\Pipeline->Illuminate\\Pipeline\\{closure}()
#44 C:\\Users\\User\\OneDrive\\Documents\\Albert\\Appointment-Booking-System-master\\vendor\\laravel\\framework\\src\\Illuminate\\Pipeline\\Pipeline.php(208): Illuminate\\Foundation\\Http\\Middleware\\InvokeDeferredCallbacks->handle()
#45 C:\\Users\\User\\OneDrive\\Documents\\Albert\\Appointment-Booking-System-master\\vendor\\laravel\\framework\\src\\Illuminate\\Http\\Middleware\\ValidatePathEncoding.php(26): Illuminate\\Pipeline\\Pipeline->Illuminate\\Pipeline\\{closure}()
#46 C:\\Users\\User\\OneDrive\\Documents\\Albert\\Appointment-Booking-System-master\\vendor\\laravel\\framework\\src\\Illuminate\\Pipeline\\Pipeline.php(208): Illuminate\\Http\\Middleware\\ValidatePathEncoding->handle()
#47 C:\\Users\\User\\OneDrive\\Documents\\Albert\\Appointment-Booking-System-master\\vendor\\laravel\\framework\\src\\Illuminate\\Pipeline\\Pipeline.php(126): Illuminate\\Pipeline\\Pipeline->Illuminate\\Pipeline\\{closure}()
#48 C:\\Users\\User\\OneDrive\\Documents\\Albert\\Appointment-Booking-System-master\\vendor\\laravel\\framework\\src\\Illuminate\\Foundation\\Http\\Kernel.php(175): Illuminate\\Pipeline\\Pipeline->then()
#49 C:\\Users\\User\\OneDrive\\Documents\\Albert\\Appointment-Booking-System-master\\vendor\\laravel\\framework\\src\\Illuminate\\Foundation\\Http\\Kernel.php(144): Illuminate\\Foundation\\Http\\Kernel->sendRequestThroughRouter()
#50 C:\\Users\\User\\OneDrive\\Documents\\Albert\\Appointment-Booking-System-master\\vendor\\laravel\\framework\\src\\Illuminate\\Foundation\\Application.php(1219): Illuminate\\Foundation\\Http\\Kernel->handle()
#51 C:\\Users\\User\\OneDrive\\Documents\\Albert\\Appointment-Booking-System-master\\public\\index.php(20): Illuminate\\Foundation\\Application->handleRequest()
#52 C:\\Users\\User\\OneDrive\\Documents\\Albert\\Appointment-Booking-System-master\\vendor\\laravel\\framework\\src\\Illuminate\\Foundation\\resources\\server.php(23): require_once('...')
#53 {main}

[previous exception] [object] (PDOException(code: 0): could not find driver at C:\\Users\\User\\OneDrive\\Documents\\Albert\\Appointment-Booking-System-master\\vendor\\laravel\\framework\\src\\Illuminate\\Database\\Connectors\\Connector.php:66)
[stacktrace]
#0 C:\\Users\\User\\OneDrive\\Documents\\Albert\\Appointment-Booking-System-master\\vendor\\laravel\\framework\\src\\Illuminate\\Database\\Connectors\\Connector.php(66): PDO->__construct()
#1 C:\\Users\\User\\OneDrive\\Documents\\Albert\\Appointment-Booking-System-master\\vendor\\laravel\\framework\\src\\Illuminate\\Database\\Connectors\\Connector.php(44): Illuminate\\Database\\Connectors\\Connector->createPdoConnection()
#2 C:\\Users\\User\\OneDrive\\Documents\\Albert\\Appointment-Booking-System-master\\vendor\\laravel\\framework\\src\\Illuminate\\Database\\Connectors\\MySqlConnector.php(24): Illuminate\\Database\\Connectors\\Connector->createConnection()
#3 C:\\Users\\User\\OneDrive\\Documents\\Albert\\Appointment-Booking-System-master\\vendor\\laravel\\framework\\src\\Illuminate\\Database\\Connectors\\ConnectionFactory.php(184): Illuminate\\Database\\Connectors\\MySqlConnector->connect()
#4 [internal function]: Illuminate\\Database\\Connectors\\ConnectionFactory->Illuminate\\Database\\Connectors\\{closure}()
#5 C:\\Users\\User\\OneDrive\\Documents\\Albert\\Appointment-Booking-System-master\\vendor\\laravel\\framework\\src\\Illuminate\\Database\\Connection.php(1228): call_user_func()
#6 C:\\Users\\User\\OneDrive\\Documents\\Albert\\Appointment-Booking-System-master\\vendor\\laravel\\framework\\src\\Illuminate\\Database\\Connection.php(509): Illuminate\\Database\\Connection->getPdo()
#7 C:\\Users\\User\\OneDrive\\Documents\\Albert\\Appointment-Booking-System-master\\vendor\\laravel\\framework\\src\\Illuminate\\Database\\Connection.php(404): Illuminate\\Database\\Connection->getPdoForSelect()
#8 C:\\Users\\User\\OneDrive\\Documents\\Albert\\Appointment-Booking-System-master\\vendor\\laravel\\framework\\src\\Illuminate\\Database\\Connection.php(809): Illuminate\\Database\\Connection->Illuminate\\Database\\{closure}()
#9 C:\\Users\\User\\OneDrive\\Documents\\Albert\\Appointment-Booking-System-master\\vendor\\laravel\\framework\\src\\Illuminate\\Database\\Connection.php(776): Illuminate\\Database\\Connection->runQueryCallback()
#10 C:\\Users\\User\\OneDrive\\Documents\\Albert\\Appointment-Booking-System-master\\vendor\\laravel\\framework\\src\\Illuminate\\Database\\Connection.php(395): Illuminate\\Database\\Connection->run()
#11 C:\\Users\\User\\OneDrive\\Documents\\Albert\\Appointment-Booking-System-master\\vendor\\laravel\\framework\\src\\Illuminate\\Database\\Query\\Builder.php(3131): Illuminate\\Database\\Connection->select()
#12 C:\\Users\\User\\OneDrive\\Documents\\Albert\\Appointment-Booking-System-master\\vendor\\laravel\\framework\\src\\Illuminate\\Database\\Query\\Builder.php(3116): Illuminate\\Database\\Query\\Builder->runSelect()
#13 C:\\Users\\User\\OneDrive\\Documents\\Albert\\Appointment-Booking-System-master\\vendor\\laravel\\framework\\src\\Illuminate\\Database\\Query\\Builder.php(3706): Illuminate\\Database\\Query\\Builder->Illuminate\\Database\\Query\\{closure}()
#14 C:\\Users\\User\\OneDrive\\Documents\\Albert\\Appointment-Booking-System-master\\vendor\\laravel\\framework\\src\\Illuminate\\Database\\Query\\Builder.php(3115): Illuminate\\Database\\Query\\Builder->onceWithColumns()
#15 C:\\Users\\User\\OneDrive\\Documents\\Albert\\Appointment-Booking-System-master\\vendor\\laravel\\framework\\src\\Illuminate\\Database\\Concerns\\BuildsQueries.php(366): Illuminate\\Database\\Query\\Builder->get()
#16 C:\\Users\\User\\OneDrive\\Documents\\Albert\\Appointment-Booking-System-master\\vendor\\laravel\\framework\\src\\Illuminate\\Database\\Query\\Builder.php(3038): Illuminate\\Database\\Query\\Builder->first()
#17 C:\\Users\\User\\OneDrive\\Documents\\Albert\\Appointment-Booking-System-master\\vendor\\laravel\\framework\\src\\Illuminate\\Session\\DatabaseSessionHandler.php(96): Illuminate\\Database\\Query\\Builder->find()
#18 C:\\Users\\User\\OneDrive\\Documents\\Albert\\Appointment-Booking-System-master\\vendor\\laravel\\framework\\src\\Illuminate\\Session\\Store.php(116): Illuminate\\Session\\DatabaseSessionHandler->read()
#19 C:\\Users\\User\\OneDrive\\Documents\\Albert\\Appointment-Booking-System-master\\vendor\\laravel\\framework\\src\\Illuminate\\Session\\Store.php(104): Illuminate\\Session\\Store->readFromHandler()
#20 C:\\Users\\User\\OneDrive\\Documents\\Albert\\Appointment-Booking-System-master\\vendor\\laravel\\framework\\src\\Illuminate\\Session\\Store.php(88): Illuminate\\Session\\Store->loadSession()
#21 C:\\Users\\User\\OneDrive\\Documents\\Albert\\Appointment-Booking-System-master\\vendor\\laravel\\framework\\src\\Illuminate\\Session\\Middleware\\StartSession.php(146): Illuminate\\Session\\Store->start()
#22 C:\\Users\\User\\OneDrive\\Documents\\Albert\\Appointment-Booking-System-master\\vendor\\laravel\\framework\\src\\Illuminate\\Support\\helpers.php(399): Illuminate\\Session\\Middleware\\StartSession->Illuminate\\Session\\Middleware\\{closure}()
#23 C:\\Users\\User\\OneDrive\\Documents\\Albert\\Appointment-Booking-System-master\\vendor\\laravel\\framework\\src\\Illuminate\\Session\\Middleware\\StartSession.php(143): tap()
#24 C:\\Users\\User\\OneDrive\\Documents\\Albert\\Appointment-Booking-System-master\\vendor\\laravel\\framework\\src\\Illuminate\\Session\\Middleware\\StartSession.php(115): Illuminate\\Session\\Middleware\\StartSession->startSession()
#25 C:\\Users\\User\\OneDrive\\Documents\\Albert\\Appointment-Booking-System-master\\vendor\\laravel\\framework\\src\\Illuminate\\Session\\Middleware\\StartSession.php(63): Illuminate\\Session\\Middleware\\StartSession->handleStatefulRequest()
#26 C:\\Users\\User\\OneDrive\\Documents\\Albert\\Appointment-Booking-System-master\\vendor\\laravel\\framework\\src\\Illuminate\\Pipeline\\Pipeline.php(208): Illuminate\\Session\\Middleware\\StartSession->handle()
#27 C:\\Users\\User\\OneDrive\\Documents\\Albert\\Appointment-Booking-System-master\\vendor\\laravel\\framework\\src\\Illuminate\\Cookie\\Middleware\\AddQueuedCookiesToResponse.php(36): Illuminate\\Pipeline\\Pipeline->Illuminate\\Pipeline\\{closure}()
#28 C:\\Users\\User\\OneDrive\\Documents\\Albert\\Appointment-Booking-System-master\\vendor\\laravel\\framework\\src\\Illuminate\\Pipeline\\Pipeline.php(208): Illuminate\\Cookie\\Middleware\\AddQueuedCookiesToResponse->handle()
#29 C:\\Users\\User\\OneDrive\\Documents\\Albert\\Appointment-Booking-System-master\\vendor\\laravel\\framework\\src\\Illuminate\\Cookie\\Middleware\\EncryptCookies.php(74): Illuminate\\Pipeline\\Pipeline->Illuminate\\Pipeline\\{closure}()
#30 C:\\Users\\User\\OneDrive\\Documents\\Albert\\Appointment-Booking-System-master\\vendor\\laravel\\framework\\src\\Illuminate\\Pipeline\\Pipeline.php(208): Illuminate\\Cookie\\Middleware\\EncryptCookies->handle()
#31 C:\\Users\\User\\OneDrive\\Documents\\Albert\\Appointment-Booking-System-master\\vendor\\laravel\\framework\\src\\Illuminate\\Pipeline\\Pipeline.php(126): Illuminate\\Pipeline\\Pipeline->Illuminate\\Pipeline\\{closure}()
#32 C:\\Users\\User\\OneDrive\\Documents\\Albert\\Appointment-Booking-System-master\\vendor\\laravel\\framework\\src\\Illuminate\\Routing\\Router.php(807): Illuminate\\Pipeline\\Pipeline->then()
#33 C:\\Users\\User\\OneDrive\\Documents\\Albert\\Appointment-Booking-System-master\\vendor\\laravel\\framework\\src\\Illuminate\\Routing\\Router.php(786): Illuminate\\Routing\\Router->runRouteWithinStack()
#34 C:\\Users\\User\\OneDrive\\Documents\\Albert\\Appointment-Booking-System-master\\vendor\\laravel\\framework\\src\\Illuminate\\Routing\\Router.php(750): Illuminate\\Routing\\Router->runRoute()
#35 C:\\Users\\User\\OneDrive\\Documents\\Albert\\Appointment-Booking-System-master\\vendor\\laravel\\framework\\src\\Illuminate\\Routing\\Router.php(739): Illuminate\\Routing\\Router->dispatchToRoute()
#36 C:\\Users\\User\\OneDrive\\Documents\\Albert\\Appointment-Booking-System-master\\vendor\\laravel\\framework\\src\\Illuminate\\Foundation\\Http\\Kernel.php(200): Illuminate\\Routing\\Router->dispatch()
#37 C:\\Users\\User\\OneDrive\\Documents\\Albert\\Appointment-Booking-System-master\\vendor\\laravel\\framework\\src\\Illuminate\\Pipeline\\Pipeline.php(169): Illuminate\\Foundation\\Http\\Kernel->Illuminate\\Foundation\\Http\\{closure}()
#38 C:\\Users\\User\\OneDrive\\Documents\\Albert\\Appointment-Booking-System-master\\vendor\\laravel\\framework\\src\\Illuminate\\Foundation\\Http\\Middleware\\TransformsRequest.php(21): Illuminate\\Pipeline\\Pipeline->Illuminate\\Pipeline\\{closure}()
#39 C:\\Users\\User\\OneDrive\\Documents\\Albert\\Appointment-Booking-System-master\\vendor\\laravel\\framework\\src\\Illuminate\\Foundation\\Http\\Middleware\\ConvertEmptyStringsToNull.php(31): Illuminate\\Foundation\\Http\\Middleware\\TransformsRequest->handle()
#40 C:\\Users\\User\\OneDrive\\Documents\\Albert\\Appointment-Booking-System-master\\vendor\\laravel\\framework\\src\\Illuminate\\Pipeline\\Pipeline.php(208): Illuminate\\Foundation\\Http\\Middleware\\ConvertEmptyStringsToNull->handle()
#41 C:\\Users\\User\\OneDrive\\Documents\\Albert\\Appointment-Booking-System-master\\vendor\\laravel\\framework\\src\\Illuminate\\Foundation\\Http\\Middleware\\TransformsRequest.php(21): Illuminate\\Pipeline\\Pipeline->Illuminate\\Pipeline\\{closure}()
#42 C:\\Users\\User\\OneDrive\\Documents\\Albert\\Appointment-Booking-System-master\\vendor\\laravel\\framework\\src\\Illuminate\\Foundation\\Http\\Middleware\\TrimStrings.php(51): Illuminate\\Foundation\\Http\\Middleware\\TransformsRequest->handle()
#43 C:\\Users\\User\\OneDrive\\Documents\\Albert\\Appointment-Booking-System-master\\vendor\\laravel\\framework\\src\\Illuminate\\Pipeline\\Pipeline.php(208): Illuminate\\Foundation\\Http\\Middleware\\TrimStrings->handle()
#44 C:\\Users\\User\\OneDrive\\Documents\\Albert\\Appointment-Booking-System-master\\vendor\\laravel\\framework\\src\\Illuminate\\Http\\Middleware\\ValidatePostSize.php(27): Illuminate\\Pipeline\\Pipeline->Illuminate\\Pipeline\\{closure}()
#45 C:\\Users\\User\\OneDrive\\Documents\\Albert\\Appointment-Booking-System-master\\vendor\\laravel\\framework\\src\\Illuminate\\Pipeline\\Pipeline.php(208): Illuminate\\Http\\Middleware\\ValidatePostSize->handle()
#46 C:\\Users\\User\\OneDrive\\Documents\\Albert\\Appointment-Booking-System-master\\vendor\\laravel\\framework\\src\\Illuminate\\Foundation\\Http\\Middleware\\PreventRequestsDuringMaintenance.php(109): Illuminate\\Pipeline\\Pipeline->Illuminate\\Pipeline\\{closure}()
#47 C:\\Users\\User\\OneDrive\\Documents\\Albert\\Appointment-Booking-System-master\\vendor\\laravel\\framework\\src\\Illuminate\\Pipeline\\Pipeline.php(208): Illuminate\\Foundation\\Http\\Middleware\\PreventRequestsDuringMaintenance->handle()
#48 C:\\Users\\User\\OneDrive\\Documents\\Albert\\Appointment-Booking-System-master\\vendor\\laravel\\framework\\src\\Illuminate\\Http\\Middleware\\HandleCors.php(48): Illuminate\\Pipeline\\Pipeline->Illuminate\\Pipeline\\{closure}()
#49 C:\\Users\\User\\OneDrive\\Documents\\Albert\\Appointment-Booking-System-master\\vendor\\laravel\\framework\\src\\Illuminate\\Pipeline\\Pipeline.php(208): Illuminate\\Http\\Middleware\\HandleCors->handle()
#50 C:\\Users\\User\\OneDrive\\Documents\\Albert\\Appointment-Booking-System-master\\vendor\\laravel\\framework\\src\\Illuminate\\Http\\Middleware\\TrustProxies.php(58): Illuminate\\Pipeline\\Pipeline->Illuminate\\Pipeline\\{closure}()
#51 C:\\Users\\User\\OneDrive\\Documents\\Albert\\Appointment-Booking-System-master\\vendor\\laravel\\framework\\src\\Illuminate\\Pipeline\\Pipeline.php(208): Illuminate\\Http\\Middleware\\TrustProxies->handle()
#52 C:\\Users\\User\\OneDrive\\Documents\\Albert\\Appointment-Booking-System-master\\vendor\\laravel\\framework\\src\\Illuminate\\Foundation\\Http\\Middleware\\InvokeDeferredCallbacks.php(22): Illuminate\\Pipeline\\Pipeline->Illuminate\\Pipeline\\{closure}()
#53 C:\\Users\\User\\OneDrive\\Documents\\Albert\\Appointment-Booking-System-master\\vendor\\laravel\\framework\\src\\Illuminate\\Pipeline\\Pipeline.php(208): Illuminate\\Foundation\\Http\\Middleware\\InvokeDeferredCallbacks->handle()
#54 C:\\Users\\User\\OneDrive\\Documents\\Albert\\Appointment-Booking-System-master\\vendor\\laravel\\framework\\src\\Illuminate\\Http\\Middleware\\ValidatePathEncoding.php(26): Illuminate\\Pipeline\\Pipeline->Illuminate\\Pipeline\\{closure}()
#55 C:\\Users\\User\\OneDrive\\Documents\\Albert\\Appointment-Booking-System-master\\vendor\\laravel\\framework\\src\\Illuminate\\Pipeline\\Pipeline.php(208): Illuminate\\Http\\Middleware\\ValidatePathEncoding->handle()
#56 C:\\Users\\User\\OneDrive\\Documents\\Albert\\Appointment-Booking-System-master\\vendor\\laravel\\framework\\src\\Illuminate\\Pipeline\\Pipeline.php(126): Illuminate\\Pipeline\\Pipeline->Illuminate\\Pipeline\\{closure}()
#57 C:\\Users\\User\\OneDrive\\Documents\\Albert\\Appointment-Booking-System-master\\vendor\\laravel\\framework\\src\\Illuminate\\Foundation\\Http\\Kernel.php(175): Illuminate\\Pipeline\\Pipeline->then()
#58 C:\\Users\\User\\OneDrive\\Documents\\Albert\\Appointment-Booking-System-master\\vendor\\laravel\\framework\\src\\Illuminate\\Foundation\\Http\\Kernel.php(144): Illuminate\\Foundation\\Http\\Kernel->sendRequestThroughRouter()
#59 C:\\Users\\User\\OneDrive\\Documents\\Albert\\Appointment-Booking-System-master\\vendor\\laravel\\framework\\src\\Illuminate\\Foundation\\Application.php(1219): Illuminate\\Foundation\\Http\\Kernel->handle()
#60 C:\\Users\\User\\OneDrive\\Documents\\Albert\\Appointment-Booking-System-master\\public\\index.php(20): Illuminate\\Foundation\\Application->handleRequest()
#61 C:\\Users\\User\\OneDrive\\Documents\\Albert\\Appointment-Booking-System-master\\vendor\\laravel\\framework\\src\\Illuminate\\Foundation\\resources\\server.php(23): require_once('...')
#62 {main}
"} 
[2026-05-22 11:51:57] local.ERROR: could not find driver (Connection: mysql, SQL: select exists (select 1 from information_schema.tables where table_schema = schema() and table_name = 'migrations' and table_type in ('BASE TABLE', 'SYSTEM VERSIONED')) as `exists`) {"exception":"[object] (Illuminate\\Database\\QueryException(code: 0): could not find driver (Connection: mysql, SQL: select exists (select 1 from information_schema.tables where table_schema = schema() and table_name = 'migrations' and table_type in ('BASE TABLE', 'SYSTEM VERSIONED')) as `exists`) at C:\\Users\\User\\OneDrive\\Documents\\Albert\\Appointment-Booking-System-master\\vendor\\laravel\\framework\\src\\Illuminate\\Database\\Connection.php:822)
[stacktrace]
#0 C:\\Users\\User\\OneDrive\\Documents\\Albert\\Appointment-Booking-System-master\\vendor\\laravel\\framework\\src\\Illuminate\\Database\\Connection.php(776): Illuminate\\Database\\Connection->runQueryCallback()
#1 C:\\Users\\User\\OneDrive\\Documents\\Albert\\Appointment-Booking-System-master\\vendor\\laravel\\framework\\src\\Illuminate\\Database\\Connection.php(395): Illuminate\\Database\\Connection->run()
#2 C:\\Users\\User\\OneDrive\\Documents\\Albert\\Appointment-Booking-System-master\\vendor\\laravel\\framework\\src\\Illuminate\\Database\\Connection.php(341): Illuminate\\Database\\Connection->select()
#3 C:\\Users\\User\\OneDrive\\Documents\\Albert\\Appointment-Booking-System-master\\vendor\\laravel\\framework\\src\\Illuminate\\Database\\Connection.php(358): Illuminate\\Database\\Connection->selectOne()
#4 C:\\Users\\User\\OneDrive\\Documents\\Albert\\Appointment-Booking-System-master\\vendor\\laravel\\framework\\src\\Illuminate\\Database\\Schema\\Builder.php(174): Illuminate\\Database\\Connection->scalar()
#5 C:\\Users\\User\\OneDrive\\Documents\\Albert\\Appointment-Booking-System-master\\vendor\\laravel\\framework\\src\\Illuminate\\Database\\Migrations\\DatabaseMigrationRepository.php(185): Illuminate\\Database\\Schema\\Builder->hasTable()
#6 C:\\Users\\User\\OneDrive\\Documents\\Albert\\Appointment-Booking-System-master\\vendor\\laravel\\framework\\src\\Illuminate\\Database\\Migrations\\Migrator.php(749): Illuminate\\Database\\Migrations\\DatabaseMigrationRepository->repositoryExists()
#7 C:\\Users\\User\\OneDrive\\Documents\\Albert\\Appointment-Booking-System-master\\vendor\\laravel\\framework\\src\\Illuminate\\Database\\Console\\Migrations\\MigrateCommand.php(164): Illuminate\\Database\\Migrations\\Migrator->repositoryExists()
#8 C:\\Users\\User\\OneDrive\\Documents\\Albert\\Appointment-Booking-System-master\\vendor\\laravel\\framework\\src\\Illuminate\\Support\\helpers.php(338): Illuminate\\Database\\Console\\Migrations\\MigrateCommand->Illuminate\\Database\\Console\\Migrations\\{closure}()
#9 C:\\Users\\User\\OneDrive\\Documents\\Albert\\Appointment-Booking-System-master\\vendor\\laravel\\framework\\src\\Illuminate\\Database\\Console\\Migrations\\MigrateCommand.php(164): retry()
#10 C:\\Users\\User\\OneDrive\\Documents\\Albert\\Appointment-Booking-System-master\\vendor\\laravel\\framework\\src\\Illuminate\\Database\\Console\\Migrations\\MigrateCommand.php(140): Illuminate\\Database\\Console\\Migrations\\MigrateCommand->repositoryExists()
#11 C:\\Users\\User\\OneDrive\\Documents\\Albert\\Appointment-Booking-System-master\\vendor\\laravel\\framework\\src\\Illuminate\\Database\\Console\\Migrations\\MigrateCommand.php(110): Illuminate\\Database\\Console\\Migrations\\MigrateCommand->prepareDatabase()
#12 C:\\Users\\User\\OneDrive\\Documents\\Albert\\Appointment-Booking-System-master\\vendor\\laravel\\framework\\src\\Illuminate\\Database\\Migrations\\Migrator.php(665): Illuminate\\Database\\Console\\Migrations\\MigrateCommand->Illuminate\\Database\\Console\\Migrations\\{closure}()
#13 C:\\Users\\User\\OneDrive\\Documents\\Albert\\Appointment-Booking-System-master\\vendor\\laravel\\framework\\src\\Illuminate\\Database\\Console\\Migrations\\MigrateCommand.php(109): Illuminate\\Database\\Migrations\\Migrator->usingConnection()
#14 C:\\Users\\User\\OneDrive\\Documents\\Albert\\Appointment-Booking-System-master\\vendor\\laravel\\framework\\src\\Illuminate\\Database\\Console\\Migrations\\MigrateCommand.php(88): Illuminate\\Database\\Console\\Migrations\\MigrateCommand->runMigrations()
#15 C:\\Users\\User\\OneDrive\\Documents\\Albert\\Appointment-Booking-System-master\\vendor\\laravel\\framework\\src\\Illuminate\\Container\\BoundMethod.php(36): Illuminate\\Database\\Console\\Migrations\\MigrateCommand->handle()
#16 C:\\Users\\User\\OneDrive\\Documents\\Albert\\Appointment-Booking-System-master\\vendor\\laravel\\framework\\src\\Illuminate\\Container\\Util.php(43): Illuminate\\Container\\BoundMethod::Illuminate\\Container\\{closure}()
#17 C:\\Users\\User\\OneDrive\\Documents\\Albert\\Appointment-Booking-System-master\\vendor\\laravel\\framework\\src\\Illuminate\\Container\\BoundMethod.php(96): Illuminate\\Container\\Util::unwrapIfClosure()
#18 C:\\Users\\User\\OneDrive\\Documents\\Albert\\Appointment-Booking-System-master\\vendor\\laravel\\framework\\src\\Illuminate\\Container\\BoundMethod.php(35): Illuminate\\Container\\BoundMethod::callBoundMethod()
#19 C:\\Users\\User\\OneDrive\\Documents\\Albert\\Appointment-Booking-System-master\\vendor\\laravel\\framework\\src\\Illuminate\\Container\\Container.php(754): Illuminate\\Container\\BoundMethod::call()
#20 C:\\Users\\User\\OneDrive\\Documents\\Albert\\Appointment-Booking-System-master\\vendor\\laravel\\framework\\src\\Illuminate\\Console\\Command.php(211): Illuminate\\Container\\Container->call()
#21 C:\\Users\\User\\OneDrive\\Documents\\Albert\\Appointment-Booking-System-master\\vendor\\symfony\\console\\Command\\Command.php(318): Illuminate\\Console\\Command->execute()
#22 C:\\Users\\User\\OneDrive\\Documents\\Albert\\Appointment-Booking-System-master\\vendor\\laravel\\framework\\src\\Illuminate\\Console\\Command.php(180): Symfony\\Component\\Console\\Command\\Command->run()
#23 C:\\Users\\User\\OneDrive\\Documents\\Albert\\Appointment-Booking-System-master\\vendor\\symfony\\console\\Application.php(1092): Illuminate\\Console\\Command->run()
#24 C:\\Users\\User\\OneDrive\\Documents\\Albert\\Appointment-Booking-System-master\\vendor\\symfony\\console\\Application.php(341): Symfony\\Component\\Console\\Application->doRunCommand()
#25 C:\\Users\\User\\OneDrive\\Documents\\Albert\\Appointment-Booking-System-master\\vendor\\symfony\\console\\Application.php(192): Symfony\\Component\\Console\\Application->doRun()
#26 C:\\Users\\User\\OneDrive\\Documents\\Albert\\Appointment-Booking-System-master\\vendor\\laravel\\framework\\src\\Illuminate\\Foundation\\Console\\Kernel.php(197): Symfony\\Component\\Console\\Application->run()
#27 C:\\Users\\User\\OneDrive\\Documents\\Albert\\Appointment-Booking-System-master\\vendor\\laravel\\framework\\src\\Illuminate\\Foundation\\Application.php(1234): Illuminate\\Foundation\\Console\\Kernel->handle()
#28 C:\\Users\\User\\OneDrive\\Documents\\Albert\\Appointment-Booking-System-master\\artisan(16): Illuminate\\Foundation\\Application->handleCommand()
#29 {main}

[previous exception] [object] (PDOException(code: 0): could not find driver at C:\\Users\\User\\OneDrive\\Documents\\Albert\\Appointment-Booking-System-master\\vendor\\laravel\\framework\\src\\Illuminate\\Database\\Connectors\\Connector.php:66)
[stacktrace]
#0 C:\\Users\\User\\OneDrive\\Documents\\Albert\\Appointment-Booking-System-master\\vendor\\laravel\\framework\\src\\Illuminate\\Database\\Connectors\\Connector.php(66): PDO->__construct()
#1 C:\\Users\\User\\OneDrive\\Documents\\Albert\\Appointment-Booking-System-master\\vendor\\laravel\\framework\\src\\Illuminate\\Database\\Connectors\\Connector.php(44): Illuminate\\Database\\Connectors\\Connector->createPdoConnection()
#2 C:\\Users\\User\\OneDrive\\Documents\\Albert\\Appointment-Booking-System-master\\vendor\\laravel\\framework\\src\\Illuminate\\Database\\Connectors\\MySqlConnector.php(24): Illuminate\\Database\\Connectors\\Connector->createConnection()
#3 C:\\Users\\User\\OneDrive\\Documents\\Albert\\Appointment-Booking-System-master\\vendor\\laravel\\framework\\src\\Illuminate\\Database\\Connectors\\ConnectionFactory.php(184): Illuminate\\Database\\Connectors\\MySqlConnector->connect()
#4 [internal function]: Illuminate\\Database\\Connectors\\ConnectionFactory->Illuminate\\Database\\Connectors\\{closure}()
#5 C:\\Users\\User\\OneDrive\\Documents\\Albert\\Appointment-Booking-System-master\\vendor\\laravel\\framework\\src\\Illuminate\\Database\\Connection.php(1228): call_user_func()
#6 C:\\Users\\User\\OneDrive\\Documents\\Albert\\Appointment-Booking-System-master\\vendor\\laravel\\framework\\src\\Illuminate\\Database\\Connection.php(1264): Illuminate\\Database\\Connection->getPdo()
#7 C:\\Users\\User\\OneDrive\\Documents\\Albert\\Appointment-Booking-System-master\\vendor\\laravel\\framework\\src\\Illuminate\\Database\\Connection.php(509): Illuminate\\Database\\Connection->getReadPdo()
#8 C:\\Users\\User\\OneDrive\\Documents\\Albert\\Appointment-Booking-System-master\\vendor\\laravel\\framework\\src\\Illuminate\\Database\\Connection.php(404): Illuminate\\Database\\Connection->getPdoForSelect()
#9 C:\\Users\\User\\OneDrive\\Documents\\Albert\\Appointment-Booking-System-master\\vendor\\laravel\\framework\\src\\Illuminate\\Database\\Connection.php(809): Illuminate\\Database\\Connection->Illuminate\\Database\\{closure}()
#10 C:\\Users\\User\\OneDrive\\Documents\\Albert\\Appointment-Booking-System-master\\vendor\\laravel\\framework\\src\\Illuminate\\Database\\Connection.php(776): Illuminate\\Database\\Connection->runQueryCallback()
#11 C:\\Users\\User\\OneDrive\\Documents\\Albert\\Appointment-Booking-System-master\\vendor\\laravel\\framework\\src\\Illuminate\\Database\\Connection.php(395): Illuminate\\Database\\Connection->run()
#12 C:\\Users\\User\\OneDrive\\Documents\\Albert\\Appointment-Booking-System-master\\vendor\\laravel\\framework\\src\\Illuminate\\Database\\Connection.php(341): Illuminate\\Database\\Connection->select()
#13 C:\\Users\\User\\OneDrive\\Documents\\Albert\\Appointment-Booking-System-master\\vendor\\laravel\\framework\\src\\Illuminate\\Database\\Connection.php(358): Illuminate\\Database\\Connection->selectOne()
#14 C:\\Users\\User\\OneDrive\\Documents\\Albert\\Appointment-Booking-System-master\\vendor\\laravel\\framework\\src\\Illuminate\\Database\\Schema\\Builder.php(174): Illuminate\\Database\\Connection->scalar()
#15 C:\\Users\\User\\OneDrive\\Documents\\Albert\\Appointment-Booking-System-master\\vendor\\laravel\\framework\\src\\Illuminate\\Database\\Migrations\\DatabaseMigrationRepository.php(185): Illuminate\\Database\\Schema\\Builder->hasTable()
#16 C:\\Users\\User\\OneDrive\\Documents\\Albert\\Appointment-Booking-System-master\\vendor\\laravel\\framework\\src\\Illuminate\\Database\\Migrations\\Migrator.php(749): Illuminate\\Database\\Migrations\\DatabaseMigrationRepository->repositoryExists()
#17 C:\\Users\\User\\OneDrive\\Documents\\Albert\\Appointment-Booking-System-master\\vendor\\laravel\\framework\\src\\Illuminate\\Database\\Console\\Migrations\\MigrateCommand.php(164): Illuminate\\Database\\Migrations\\Migrator->repositoryExists()
#18 C:\\Users\\User\\OneDrive\\Documents\\Albert\\Appointment-Booking-System-master\\vendor\\laravel\\framework\\src\\Illuminate\\Support\\helpers.php(338): Illuminate\\Database\\Console\\Migrations\\MigrateCommand->Illuminate\\Database\\Console\\Migrations\\{closure}()
#19 C:\\Users\\User\\OneDrive\\Documents\\Albert\\Appointment-Booking-System-master\\vendor\\laravel\\framework\\src\\Illuminate\\Database\\Console\\Migrations\\MigrateCommand.php(164): retry()
#20 C:\\Users\\User\\OneDrive\\Documents\\Albert\\Appointment-Booking-System-master\\vendor\\laravel\\framework\\src\\Illuminate\\Database\\Console\\Migrations\\MigrateCommand.php(140): Illuminate\\Database\\Console\\Migrations\\MigrateCommand->repositoryExists()
#21 C:\\Users\\User\\OneDrive\\Documents\\Albert\\Appointment-Booking-System-master\\vendor\\laravel\\framework\\src\\Illuminate\\Database\\Console\\Migrations\\MigrateCommand.php(110): Illuminate\\Database\\Console\\Migrations\\MigrateCommand->prepareDatabase()
#22 C:\\Users\\User\\OneDrive\\Documents\\Albert\\Appointment-Booking-System-master\\vendor\\laravel\\framework\\src\\Illuminate\\Database\\Migrations\\Migrator.php(665): Illuminate\\Database\\Console\\Migrations\\MigrateCommand->Illuminate\\Database\\Console\\Migrations\\{closure}()
#23 C:\\Users\\User\\OneDrive\\Documents\\Albert\\Appointment-Booking-System-master\\vendor\\laravel\\framework\\src\\Illuminate\\Database\\Console\\Migrations\\MigrateCommand.php(109): Illuminate\\Database\\Migrations\\Migrator->usingConnection()
#24 C:\\Users\\User\\OneDrive\\Documents\\Albert\\Appointment-Booking-System-master\\vendor\\laravel\\framework\\src\\Illuminate\\Database\\Console\\Migrations\\MigrateCommand.php(88): Illuminate\\Database\\Console\\Migrations\\MigrateCommand->runMigrations()
#25 C:\\Users\\User\\OneDrive\\Documents\\Albert\\Appointment-Booking-System-master\\vendor\\laravel\\framework\\src\\Illuminate\\Container\\BoundMethod.php(36): Illuminate\\Database\\Console\\Migrations\\MigrateCommand->handle()
#26 C:\\Users\\User\\OneDrive\\Documents\\Albert\\Appointment-Booking-System-master\\vendor\\laravel\\framework\\src\\Illuminate\\Container\\Util.php(43): Illuminate\\Container\\BoundMethod::Illuminate\\Container\\{closure}()
#27 C:\\Users\\User\\OneDrive\\Documents\\Albert\\Appointment-Booking-System-master\\vendor\\laravel\\framework\\src\\Illuminate\\Container\\BoundMethod.php(96): Illuminate\\Container\\Util::unwrapIfClosure()
#28 C:\\Users\\User\\OneDrive\\Documents\\Albert\\Appointment-Booking-System-master\\vendor\\laravel\\framework\\src\\Illuminate\\Container\\BoundMethod.php(35): Illuminate\\Container\\BoundMethod::callBoundMethod()
#29 C:\\Users\\User\\OneDrive\\Documents\\Albert\\Appointment-Booking-System-master\\vendor\\laravel\\framework\\src\\Illuminate\\Container\\Container.php(754): Illuminate\\Container\\BoundMethod::call()
#30 C:\\Users\\User\\OneDrive\\Documents\\Albert\\Appointment-Booking-System-master\\vendor\\laravel\\framework\\src\\Illuminate\\Console\\Command.php(211): Illuminate\\Container\\Container->call()
#31 C:\\Users\\User\\OneDrive\\Documents\\Albert\\Appointment-Booking-System-master\\vendor\\symfony\\console\\Command\\Command.php(318): Illuminate\\Console\\Command->execute()
#32 C:\\Users\\User\\OneDrive\\Documents\\Albert\\Appointment-Booking-System-master\\vendor\\laravel\\framework\\src\\Illuminate\\Console\\Command.php(180): Symfony\\Component\\Console\\Command\\Command->run()
#33 C:\\Users\\User\\OneDrive\\Documents\\Albert\\Appointment-Booking-System-master\\vendor\\symfony\\console\\Application.php(1092): Illuminate\\Console\\Command->run()
#34 C:\\Users\\User\\OneDrive\\Documents\\Albert\\Appointment-Booking-System-master\\vendor\\symfony\\console\\Application.php(341): Symfony\\Component\\Console\\Application->doRunCommand()
#35 C:\\Users\\User\\OneDrive\\Documents\\Albert\\Appointment-Booking-System-master\\vendor\\symfony\\console\\Application.php(192): Symfony\\Component\\Console\\Application->doRun()
#36 C:\\Users\\User\\OneDrive\\Documents\\Albert\\Appointment-Booking-System-master\\vendor\\laravel\\framework\\src\\Illuminate\\Foundation\\Console\\Kernel.php(197): Symfony\\Component\\Console\\Application->run()
#37 C:\\Users\\User\\OneDrive\\Documents\\Albert\\Appointment-Booking-System-master\\vendor\\laravel\\framework\\src\\Illuminate\\Foundation\\Application.php(1234): Illuminate\\Foundation\\Console\\Kernel->handle()
#38 C:\\Users\\User\\OneDrive\\Documents\\Albert\\Appointment-Booking-System-master\\artisan(16): Illuminate\\Foundation\\Application->handleCommand()
#39 {main}
"} 
[2026-05-22 16:56:40] testing.ERROR: Target class [App\Http\Middleware\RedirectIfPatientAuthenticated] does not exist. {"exception":"[object] (Illuminate\\Contracts\\Container\\BindingResolutionException(code: 0): Target class [App\\Http\\Middleware\\RedirectIfPatientAuthenticated] does not exist. at C:\\Users\\User\\OneDrive\\Documents\\Albert\\Appointment-Booking-System-master\\vendor\\laravel\\framework\\src\\Illuminate\\Container\\Container.php:1019)
[stacktrace]
#0 C:\\Users\\User\\OneDrive\\Documents\\Albert\\Appointment-Booking-System-master\\vendor\\laravel\\framework\\src\\Illuminate\\Container\\Container.php(890): Illuminate\\Container\\Container->build()
#1 C:\\Users\\User\\OneDrive\\Documents\\Albert\\Appointment-Booking-System-master\\vendor\\laravel\\framework\\src\\Illuminate\\Foundation\\Application.php(1077): Illuminate\\Container\\Container->resolve()
#2 C:\\Users\\User\\OneDrive\\Documents\\Albert\\Appointment-Booking-System-master\\vendor\\laravel\\framework\\src\\Illuminate\\Container\\Container.php(821): Illuminate\\Foundation\\Application->resolve()
#3 C:\\Users\\User\\OneDrive\\Documents\\Albert\\Appointment-Booking-System-master\\vendor\\laravel\\framework\\src\\Illuminate\\Foundation\\Application.php(1057): Illuminate\\Container\\Container->make()
#4 C:\\Users\\User\\OneDrive\\Documents\\Albert\\Appointment-Booking-System-master\\vendor\\laravel\\framework\\src\\Illuminate\\Pipeline\\Pipeline.php(197): Illuminate\\Foundation\\Application->make()
#5 C:\\Users\\User\\OneDrive\\Documents\\Albert\\Appointment-Booking-System-master\\vendor\\laravel\\framework\\src\\Illuminate\\Routing\\Middleware\\SubstituteBindings.php(50): Illuminate\\Pipeline\\Pipeline->Illuminate\\Pipeline\\{closure}()
#6 C:\\Users\\User\\OneDrive\\Documents\\Albert\\Appointment-Booking-System-master\\vendor\\laravel\\framework\\src\\Illuminate\\Pipeline\\Pipeline.php(208): Illuminate\\Routing\\Middleware\\SubstituteBindings->handle()
#7 C:\\Users\\User\\OneDrive\\Documents\\Albert\\Appointment-Booking-System-master\\vendor\\laravel\\framework\\src\\Illuminate\\Foundation\\Http\\Middleware\\VerifyCsrfToken.php(87): Illuminate\\Pipeline\\Pipeline->Illuminate\\Pipeline\\{closure}()
#8 C:\\Users\\User\\OneDrive\\Documents\\Albert\\Appointment-Booking-System-master\\vendor\\laravel\\framework\\src\\Illuminate\\Pipeline\\Pipeline.php(208): Illuminate\\Foundation\\Http\\Middleware\\VerifyCsrfToken->handle()
#9 C:\\Users\\User\\OneDrive\\Documents\\Albert\\Appointment-Booking-System-master\\vendor\\laravel\\framework\\src\\Illuminate\\View\\Middleware\\ShareErrorsFromSession.php(48): Illuminate\\Pipeline\\Pipeline->Illuminate\\Pipeline\\{closure}()
#10 C:\\Users\\User\\OneDrive\\Documents\\Albert\\Appointment-Booking-System-master\\vendor\\laravel\\framework\\src\\Illuminate\\Pipeline\\Pipeline.php(208): Illuminate\\View\\Middleware\\ShareErrorsFromSession->handle()
#11 C:\\Users\\User\\OneDrive\\Documents\\Albert\\Appointment-Booking-System-master\\vendor\\laravel\\framework\\src\\Illuminate\\Session\\Middleware\\StartSession.php(120): Illuminate\\Pipeline\\Pipeline->Illuminate\\Pipeline\\{closure}()
#12 C:\\Users\\User\\OneDrive\\Documents\\Albert\\Appointment-Booking-System-master\\vendor\\laravel\\framework\\src\\Illuminate\\Session\\Middleware\\StartSession.php(63): Illuminate\\Session\\Middleware\\StartSession->handleStatefulRequest()
#13 C:\\Users\\User\\OneDrive\\Documents\\Albert\\Appointment-Booking-System-master\\vendor\\laravel\\framework\\src\\Illuminate\\Pipeline\\Pipeline.php(208): Illuminate\\Session\\Middleware\\StartSession->handle()
#14 C:\\Users\\User\\OneDrive\\Documents\\Albert\\Appointment-Booking-System-master\\vendor\\laravel\\framework\\src\\Illuminate\\Cookie\\Middleware\\AddQueuedCookiesToResponse.php(36): Illuminate\\Pipeline\\Pipeline->Illuminate\\Pipeline\\{closure}()
#15 C:\\Users\\User\\OneDrive\\Documents\\Albert\\Appointment-Booking-System-master\\vendor\\laravel\\framework\\src\\Illuminate\\Pipeline\\Pipeline.php(208): Illuminate\\Cookie\\Middleware\\AddQueuedCookiesToResponse->handle()
#16 C:\\Users\\User\\OneDrive\\Documents\\Albert\\Appointment-Booking-System-master\\vendor\\laravel\\framework\\src\\Illuminate\\Cookie\\Middleware\\EncryptCookies.php(74): Illuminate\\Pipeline\\Pipeline->Illuminate\\Pipeline\\{closure}()
#17 C:\\Users\\User\\OneDrive\\Documents\\Albert\\Appointment-Booking-System-master\\vendor\\laravel\\framework\\src\\Illuminate\\Pipeline\\Pipeline.php(208): Illuminate\\Cookie\\Middleware\\EncryptCookies->handle()
#18 C:\\Users\\User\\OneDrive\\Documents\\Albert\\Appointment-Booking-System-master\\vendor\\laravel\\framework\\src\\Illuminate\\Pipeline\\Pipeline.php(126): Illuminate\\Pipeline\\Pipeline->Illuminate\\Pipeline\\{closure}()
#19 C:\\Users\\User\\OneDrive\\Documents\\Albert\\Appointment-Booking-System-master\\vendor\\laravel\\framework\\src\\Illuminate\\Routing\\Router.php(807): Illuminate\\Pipeline\\Pipeline->then()
#20 C:\\Users\\User\\OneDrive\\Documents\\Albert\\Appointment-Booking-System-master\\vendor\\laravel\\framework\\src\\Illuminate\\Routing\\Router.php(786): Illuminate\\Routing\\Router->runRouteWithinStack()
#21 C:\\Users\\User\\OneDrive\\Documents\\Albert\\Appointment-Booking-System-master\\vendor\\laravel\\framework\\src\\Illuminate\\Routing\\Router.php(750): Illuminate\\Routing\\Router->runRoute()
#22 C:\\Users\\User\\OneDrive\\Documents\\Albert\\Appointment-Booking-System-master\\vendor\\laravel\\framework\\src\\Illuminate\\Routing\\Router.php(739): Illuminate\\Routing\\Router->dispatchToRoute()
#23 C:\\Users\\User\\OneDrive\\Documents\\Albert\\Appointment-Booking-System-master\\vendor\\laravel\\framework\\src\\Illuminate\\Foundation\\Http\\Kernel.php(200): Illuminate\\Routing\\Router->dispatch()
#24 C:\\Users\\User\\OneDrive\\Documents\\Albert\\Appointment-Booking-System-master\\vendor\\laravel\\framework\\src\\Illuminate\\Pipeline\\Pipeline.php(169): Illuminate\\Foundation\\Http\\Kernel->Illuminate\\Foundation\\Http\\{closure}()
#25 C:\\Users\\User\\OneDrive\\Documents\\Albert\\Appointment-Booking-System-master\\vendor\\laravel\\framework\\src\\Illuminate\\Foundation\\Http\\Middleware\\TransformsRequest.php(21): Illuminate\\Pipeline\\Pipeline->Illuminate\\Pipeline\\{closure}()
#26 C:\\Users\\User\\OneDrive\\Documents\\Albert\\Appointment-Booking-System-master\\vendor\\laravel\\framework\\src\\Illuminate\\Foundation\\Http\\Middleware\\ConvertEmptyStringsToNull.php(31): Illuminate\\Foundation\\Http\\Middleware\\TransformsRequest->handle()
#27 C:\\Users\\User\\OneDrive\\Documents\\Albert\\Appointment-Booking-System-master\\vendor\\laravel\\framework\\src\\Illuminate\\Pipeline\\Pipeline.php(208): Illuminate\\Foundation\\Http\\Middleware\\ConvertEmptyStringsToNull->handle()
#28 C:\\Users\\User\\OneDrive\\Documents\\Albert\\Appointment-Booking-System-master\\vendor\\laravel\\framework\\src\\Illuminate\\Foundation\\Http\\Middleware\\TransformsRequest.php(21): Illuminate\\Pipeline\\Pipeline->Illuminate\\Pipeline\\{closure}()
#29 C:\\Users\\User\\OneDrive\\Documents\\Albert\\Appointment-Booking-System-master\\vendor\\laravel\\framework\\src\\Illuminate\\Foundation\\Http\\Middleware\\TrimStrings.php(51): Illuminate\\Foundation\\Http\\Middleware\\TransformsRequest->handle()
#30 C:\\Users\\User\\OneDrive\\Documents\\Albert\\Appointment-Booking-System-master\\vendor\\laravel\\framework\\src\\Illuminate\\Pipeline\\Pipeline.php(208): Illuminate\\Foundation\\Http\\Middleware\\TrimStrings->handle()
#31 C:\\Users\\User\\OneDrive\\Documents\\Albert\\Appointment-Booking-System-master\\vendor\\laravel\\framework\\src\\Illuminate\\Http\\Middleware\\ValidatePostSize.php(27): Illuminate\\Pipeline\\Pipeline->Illuminate\\Pipeline\\{closure}()
#32 C:\\Users\\User\\OneDrive\\Documents\\Albert\\Appointment-Booking-System-master\\vendor\\laravel\\framework\\src\\Illuminate\\Pipeline\\Pipeline.php(208): Illuminate\\Http\\Middleware\\ValidatePostSize->handle()
#33 C:\\Users\\User\\OneDrive\\Documents\\Albert\\Appointment-Booking-System-master\\vendor\\laravel\\framework\\src\\Illuminate\\Foundation\\Http\\Middleware\\PreventRequestsDuringMaintenance.php(109): Illuminate\\Pipeline\\Pipeline->Illuminate\\Pipeline\\{closure}()
#34 C:\\Users\\User\\OneDrive\\Documents\\Albert\\Appointment-Booking-System-master\\vendor\\laravel\\framework\\src\\Illuminate\\Pipeline\\Pipeline.php(208): Illuminate\\Foundation\\Http\\Middleware\\PreventRequestsDuringMaintenance->handle()
#35 C:\\Users\\User\\OneDrive\\Documents\\Albert\\Appointment-Booking-System-master\\vendor\\laravel\\framework\\src\\Illuminate\\Http\\Middleware\\HandleCors.php(48): Illuminate\\Pipeline\\Pipeline->Illuminate\\Pipeline\\{closure}()
#36 C:\\Users\\User\\OneDrive\\Documents\\Albert\\Appointment-Booking-System-master\\vendor\\laravel\\framework\\src\\Illuminate\\Pipeline\\Pipeline.php(208): Illuminate\\Http\\Middleware\\HandleCors->handle()
#37 C:\\Users\\User\\OneDrive\\Documents\\Albert\\Appointment-Booking-System-master\\vendor\\laravel\\framework\\src\\Illuminate\\Http\\Middleware\\TrustProxies.php(58): Illuminate\\Pipeline\\Pipeline->Illuminate\\Pipeline\\{closure}()
#38 C:\\Users\\User\\OneDrive\\Documents\\Albert\\Appointment-Booking-System-master\\vendor\\laravel\\framework\\src\\Illuminate\\Pipeline\\Pipeline.php(208): Illuminate\\Http\\Middleware\\TrustProxies->handle()
#39 C:\\Users\\User\\OneDrive\\Documents\\Albert\\Appointment-Booking-System-master\\vendor\\laravel\\framework\\src\\Illuminate\\Foundation\\Http\\Middleware\\InvokeDeferredCallbacks.php(22): Illuminate\\Pipeline\\Pipeline->Illuminate\\Pipeline\\{closure}()
#40 C:\\Users\\User\\OneDrive\\Documents\\Albert\\Appointment-Booking-System-master\\vendor\\laravel\\framework\\src\\Illuminate\\Pipeline\\Pipeline.php(208): Illuminate\\Foundation\\Http\\Middleware\\InvokeDeferredCallbacks->handle()
#41 C:\\Users\\User\\OneDrive\\Documents\\Albert\\Appointment-Booking-System-master\\vendor\\laravel\\framework\\src\\Illuminate\\Http\\Middleware\\ValidatePathEncoding.php(26): Illuminate\\Pipeline\\Pipeline->Illuminate\\Pipeline\\{closure}()
#42 C:\\Users\\User\\OneDrive\\Documents\\Albert\\Appointment-Booking-System-master\\vendor\\laravel\\framework\\src\\Illuminate\\Pipeline\\Pipeline.php(208): Illuminate\\Http\\Middleware\\ValidatePathEncoding->handle()
#43 C:\\Users\\User\\OneDrive\\Documents\\Albert\\Appointment-Booking-System-master\\vendor\\laravel\\framework\\src\\Illuminate\\Pipeline\\Pipeline.php(126): Illuminate\\Pipeline\\Pipeline->Illuminate\\Pipeline\\{closure}()
#44 C:\\Users\\User\\OneDrive\\Documents\\Albert\\Appointment-Booking-System-master\\vendor\\laravel\\framework\\src\\Illuminate\\Foundation\\Http\\Kernel.php(175): Illuminate\\Pipeline\\Pipeline->then()
#45 C:\\Users\\User\\OneDrive\\Documents\\Albert\\Appointment-Booking-System-master\\vendor\\laravel\\framework\\src\\Illuminate\\Foundation\\Http\\Kernel.php(144): Illuminate\\Foundation\\Http\\Kernel->sendRequestThroughRouter()
#46 C:\\Users\\User\\OneDrive\\Documents\\Albert\\Appointment-Booking-System-master\\vendor\\laravel\\framework\\src\\Illuminate\\Foundation\\Testing\\Concerns\\MakesHttpRequests.php(607): Illuminate\\Foundation\\Http\\Kernel->handle()
#47 C:\\Users\\User\\OneDrive\\Documents\\Albert\\Appointment-Booking-System-master\\vendor\\laravel\\framework\\src\\Illuminate\\Foundation\\Testing\\Concerns\\MakesHttpRequests.php(368): Illuminate\\Foundation\\Testing\\TestCase->call()
#48 C:\\Users\\User\\OneDrive\\Documents\\Albert\\Appointment-Booking-System-master\\tests\\Feature\\Auth\\RegistrationTest.php(14): Illuminate\\Foundation\\Testing\\TestCase->get()
#49 C:\\Users\\User\\OneDrive\\Documents\\Albert\\Appointment-Booking-System-master\\vendor\\phpunit\\phpunit\\src\\Framework\\TestCase.php(1656): Tests\\Feature\\Auth\\RegistrationTest->test_registration_screen_can_be_rendered()
#50 C:\\Users\\User\\OneDrive\\Documents\\Albert\\Appointment-Booking-System-master\\vendor\\phpunit\\phpunit\\src\\Framework\\TestCase.php(514): PHPUnit\\Framework\\TestCase->runTest()
#51 C:\\Users\\User\\OneDrive\\Documents\\Albert\\Appointment-Booking-System-master\\vendor\\phpunit\\phpunit\\src\\Framework\\TestRunner\\TestRunner.php(87): PHPUnit\\Framework\\TestCase->runBare()
#52 C:\\Users\\User\\OneDrive\\Documents\\Albert\\Appointment-Booking-System-master\\vendor\\phpunit\\phpunit\\src\\Framework\\TestCase.php(361): PHPUnit\\Framework\\TestRunner->run()
#53 C:\\Users\\User\\OneDrive\\Documents\\Albert\\Appointment-Booking-System-master\\vendor\\phpunit\\phpunit\\src\\Framework\\TestSuite.php(369): PHPUnit\\Framework\\TestCase->run()
#54 C:\\Users\\User\\OneDrive\\Documents\\Albert\\Appointment-Booking-System-master\\vendor\\phpunit\\phpunit\\src\\Framework\\TestSuite.php(369): PHPUnit\\Framework\\TestSuite->run()
#55 C:\\Users\\User\\OneDrive\\Documents\\Albert\\Appointment-Booking-System-master\\vendor\\phpunit\\phpunit\\src\\Framework\\TestSuite.php(369): PHPUnit\\Framework\\TestSuite->run()
#56 C:\\Users\\User\\OneDrive\\Documents\\Albert\\Appointment-Booking-System-master\\vendor\\phpunit\\phpunit\\src\\TextUI\\TestRunner.php(64): PHPUnit\\Framework\\TestSuite->run()
#57 C:\\Users\\User\\OneDrive\\Documents\\Albert\\Appointment-Booking-System-master\\vendor\\phpunit\\phpunit\\src\\TextUI\\Application.php(210): PHPUnit\\TextUI\\TestRunner->run()
#58 C:\\Users\\User\\OneDrive\\Documents\\Albert\\Appointment-Booking-System-master\\vendor\\phpunit\\phpunit\\phpunit(104): PHPUnit\\TextUI\\Application->run()
#59 C:\\Users\\User\\OneDrive\\Documents\\Albert\\Appointment-Booking-System-master\\vendor\\bin\\phpunit(122): include('...')
#60 {main}

[previous exception] [object] (ReflectionException(code: -1): Class \"App\\Http\\Middleware\\RedirectIfPatientAuthenticated\" does not exist at C:\\Users\\User\\OneDrive\\Documents\\Albert\\Appointment-Booking-System-master\\vendor\\laravel\\framework\\src\\Illuminate\\Container\\Container.php:1017)
[stacktrace]
#0 C:\\Users\\User\\OneDrive\\Documents\\Albert\\Appointment-Booking-System-master\\vendor\\laravel\\framework\\src\\Illuminate\\Container\\Container.php(1017): ReflectionClass->__construct()
#1 C:\\Users\\User\\OneDrive\\Documents\\Albert\\Appointment-Booking-System-master\\vendor\\laravel\\framework\\src\\Illuminate\\Container\\Container.php(890): Illuminate\\Container\\Container->build()
#2 C:\\Users\\User\\OneDrive\\Documents\\Albert\\Appointment-Booking-System-master\\vendor\\laravel\\framework\\src\\Illuminate\\Foundation\\Application.php(1077): Illuminate\\Container\\Container->resolve()
#3 C:\\Users\\User\\OneDrive\\Documents\\Albert\\Appointment-Booking-System-master\\vendor\\laravel\\framework\\src\\Illuminate\\Container\\Container.php(821): Illuminate\\Foundation\\Application->resolve()
#4 C:\\Users\\User\\OneDrive\\Documents\\Albert\\Appointment-Booking-System-master\\vendor\\laravel\\framework\\src\\Illuminate\\Foundation\\Application.php(1057): Illuminate\\Container\\Container->make()
#5 C:\\Users\\User\\OneDrive\\Documents\\Albert\\Appointment-Booking-System-master\\vendor\\laravel\\framework\\src\\Illuminate\\Pipeline\\Pipeline.php(197): Illuminate\\Foundation\\Application->make()
#6 C:\\Users\\User\\OneDrive\\Documents\\Albert\\Appointment-Booking-System-master\\vendor\\laravel\\framework\\src\\Illuminate\\Routing\\Middleware\\SubstituteBindings.php(50): Illuminate\\Pipeline\\Pipeline->Illuminate\\Pipeline\\{closure}()
#7 C:\\Users\\User\\OneDrive\\Documents\\Albert\\Appointment-Booking-System-master\\vendor\\laravel\\framework\\src\\Illuminate\\Pipeline\\Pipeline.php(208): Illuminate\\Routing\\Middleware\\SubstituteBindings->handle()
#8 C:\\Users\\User\\OneDrive\\Documents\\Albert\\Appointment-Booking-System-master\\vendor\\laravel\\framework\\src\\Illuminate\\Foundation\\Http\\Middleware\\VerifyCsrfToken.php(87): Illuminate\\Pipeline\\Pipeline->Illuminate\\Pipeline\\{closure}()
#9 C:\\Users\\User\\OneDrive\\Documents\\Albert\\Appointment-Booking-System-master\\vendor\\laravel\\framework\\src\\Illuminate\\Pipeline\\Pipeline.php(208): Illuminate\\Foundation\\Http\\Middleware\\VerifyCsrfToken->handle()
#10 C:\\Users\\User\\OneDrive\\Documents\\Albert\\Appointment-Booking-System-master\\vendor\\laravel\\framework\\src\\Illuminate\\View\\Middleware\\ShareErrorsFromSession.php(48): Illuminate\\Pipeline\\Pipeline->Illuminate\\Pipeline\\{closure}()
#11 C:\\Users\\User\\OneDrive\\Documents\\Albert\\Appointment-Booking-System-master\\vendor\\laravel\\framework\\src\\Illuminate\\Pipeline\\Pipeline.php(208): Illuminate\\View\\Middleware\\ShareErrorsFromSession->handle()
#12 C:\\Users\\User\\OneDrive\\Documents\\Albert\\Appointment-Booking-System-master\\vendor\\laravel\\framework\\src\\Illuminate\\Session\\Middleware\\StartSession.php(120): Illuminate\\Pipeline\\Pipeline->Illuminate\\Pipeline\\{closure}()
#13 C:\\Users\\User\\OneDrive\\Documents\\Albert\\Appointment-Booking-System-master\\vendor\\laravel\\framework\\src\\Illuminate\\Session\\Middleware\\StartSession.php(63): Illuminate\\Session\\Middleware\\StartSession->handleStatefulRequest()
#14 C:\\Users\\User\\OneDrive\\Documents\\Albert\\Appointment-Booking-System-master\\vendor\\laravel\\framework\\src\\Illuminate\\Pipeline\\Pipeline.php(208): Illuminate\\Session\\Middleware\\StartSession->handle()
#15 C:\\Users\\User\\OneDrive\\Documents\\Albert\\Appointment-Booking-System-master\\vendor\\laravel\\framework\\src\\Illuminate\\Cookie\\Middleware\\AddQueuedCookiesToResponse.php(36): Illuminate\\Pipeline\\Pipeline->Illuminate\\Pipeline\\{closure}()
#16 C:\\Users\\User\\OneDrive\\Documents\\Albert\\Appointment-Booking-System-master\\vendor\\laravel\\framework\\src\\Illuminate\\Pipeline\\Pipeline.php(208): Illuminate\\Cookie\\Middleware\\AddQueuedCookiesToResponse->handle()
#17 C:\\Users\\User\\OneDrive\\Documents\\Albert\\Appointment-Booking-System-master\\vendor\\laravel\\framework\\src\\Illuminate\\Cookie\\Middleware\\EncryptCookies.php(74): Illuminate\\Pipeline\\Pipeline->Illuminate\\Pipeline\\{closure}()
#18 C:\\Users\\User\\OneDrive\\Documents\\Albert\\Appointment-Booking-System-master\\vendor\\laravel\\framework\\src\\Illuminate\\Pipeline\\Pipeline.php(208): Illuminate\\Cookie\\Middleware\\EncryptCookies->handle()
#19 C:\\Users\\User\\OneDrive\\Documents\\Albert\\Appointment-Booking-System-master\\vendor\\laravel\\framework\\src\\Illuminate\\Pipeline\\Pipeline.php(126): Illuminate\\Pipeline\\Pipeline->Illuminate\\Pipeline\\{closure}()
#20 C:\\Users\\User\\OneDrive\\Documents\\Albert\\Appointment-Booking-System-master\\vendor\\laravel\\framework\\src\\Illuminate\\Routing\\Router.php(807): Illuminate\\Pipeline\\Pipeline->then()
#21 C:\\Users\\User\\OneDrive\\Documents\\Albert\\Appointment-Booking-System-master\\vendor\\laravel\\framework\\src\\Illuminate\\Routing\\Router.php(786): Illuminate\\Routing\\Router->runRouteWithinStack()
#22 C:\\Users\\User\\OneDrive\\Documents\\Albert\\Appointment-Booking-System-master\\vendor\\laravel\\framework\\src\\Illuminate\\Routing\\Router.php(750): Illuminate\\Routing\\Router->runRoute()
#23 C:\\Users\\User\\OneDrive\\Documents\\Albert\\Appointment-Booking-System-master\\vendor\\laravel\\framework\\src\\Illuminate\\Routing\\Router.php(739): Illuminate\\Routing\\Router->dispatchToRoute()
#24 C:\\Users\\User\\OneDrive\\Documents\\Albert\\Appointment-Booking-System-master\\vendor\\laravel\\framework\\src\\Illuminate\\Foundation\\Http\\Kernel.php(200): Illuminate\\Routing\\Router->dispatch()
#25 C:\\Users\\User\\OneDrive\\Documents\\Albert\\Appointment-Booking-System-master\\vendor\\laravel\\framework\\src\\Illuminate\\Pipeline\\Pipeline.php(169): Illuminate\\Foundation\\Http\\Kernel->Illuminate\\Foundation\\Http\\{closure}()
#26 C:\\Users\\User\\OneDrive\\Documents\\Albert\\Appointment-Booking-System-master\\vendor\\laravel\\framework\\src\\Illuminate\\Foundation\\Http\\Middleware\\TransformsRequest.php(21): Illuminate\\Pipeline\\Pipeline->Illuminate\\Pipeline\\{closure}()
#27 C:\\Users\\User\\OneDrive\\Documents\\Albert\\Appointment-Booking-System-master\\vendor\\laravel\\framework\\src\\Illuminate\\Foundation\\Http\\Middleware\\ConvertEmptyStringsToNull.php(31): Illuminate\\Foundation\\Http\\Middleware\\TransformsRequest->handle()
#28 C:\\Users\\User\\OneDrive\\Documents\\Albert\\Appointment-Booking-System-master\\vendor\\laravel\\framework\\src\\Illuminate\\Pipeline\\Pipeline.php(208): Illuminate\\Foundation\\Http\\Middleware\\ConvertEmptyStringsToNull->handle()
#29 C:\\Users\\User\\OneDrive\\Documents\\Albert\\Appointment-Booking-System-master\\vendor\\laravel\\framework\\src\\Illuminate\\Foundation\\Http\\Middleware\\TransformsRequest.php(21): Illuminate\\Pipeline\\Pipeline->Illuminate\\Pipeline\\{closure}()
#30 C:\\Users\\User\\OneDrive\\Documents\\Albert\\Appointment-Booking-System-master\\vendor\\laravel\\framework\\src\\Illuminate\\Foundation\\Http\\Middleware\\TrimStrings.php(51): Illuminate\\Foundation\\Http\\Middleware\\TransformsRequest->handle()
#31 C:\\Users\\User\\OneDrive\\Documents\\Albert\\Appointment-Booking-System-master\\vendor\\laravel\\framework\\src\\Illuminate\\Pipeline\\Pipeline.php(208): Illuminate\\Foundation\\Http\\Middleware\\TrimStrings->handle()
#32 C:\\Users\\User\\OneDrive\\Documents\\Albert\\Appointment-Booking-System-master\\vendor\\laravel\\framework\\src\\Illuminate\\Http\\Middleware\\ValidatePostSize.php(27): Illuminate\\Pipeline\\Pipeline->Illuminate\\Pipeline\\{closure}()
#33 C:\\Users\\User\\OneDrive\\Documents\\Albert\\Appointment-Booking-System-master\\vendor\\laravel\\framework\\src\\Illuminate\\Pipeline\\Pipeline.php(208): Illuminate\\Http\\Middleware\\ValidatePostSize->handle()
#34 C:\\Users\\User\\OneDrive\\Documents\\Albert\\Appointment-Booking-System-master\\vendor\\laravel\\framework\\src\\Illuminate\\Foundation\\Http\\Middleware\\PreventRequestsDuringMaintenance.php(109): Illuminate\\Pipeline\\Pipeline->Illuminate\\Pipeline\\{closure}()
#35 C:\\Users\\User\\OneDrive\\Documents\\Albert\\Appointment-Booking-System-master\\vendor\\laravel\\framework\\src\\Illuminate\\Pipeline\\Pipeline.php(208): Illuminate\\Foundation\\Http\\Middleware\\PreventRequestsDuringMaintenance->handle()
#36 C:\\Users\\User\\OneDrive\\Documents\\Albert\\Appointment-Booking-System-master\\vendor\\laravel\\framework\\src\\Illuminate\\Http\\Middleware\\HandleCors.php(48): Illuminate\\Pipeline\\Pipeline->Illuminate\\Pipeline\\{closure}()
#37 C:\\Users\\User\\OneDrive\\Documents\\Albert\\Appointment-Booking-System-master\\vendor\\laravel\\framework\\src\\Illuminate\\Pipeline\\Pipeline.php(208): Illuminate\\Http\\Middleware\\HandleCors->handle()
#38 C:\\Users\\User\\OneDrive\\Documents\\Albert\\Appointment-Booking-System-master\\vendor\\laravel\\framework\\src\\Illuminate\\Http\\Middleware\\TrustProxies.php(58): Illuminate\\Pipeline\\Pipeline->Illuminate\\Pipeline\\{closure}()
#39 C:\\Users\\User\\OneDrive\\Documents\\Albert\\Appointment-Booking-System-master\\vendor\\laravel\\framework\\src\\Illuminate\\Pipeline\\Pipeline.php(208): Illuminate\\Http\\Middleware\\TrustProxies->handle()
#40 C:\\Users\\User\\OneDrive\\Documents\\Albert\\Appointment-Booking-System-master\\vendor\\laravel\\framework\\src\\Illuminate\\Foundation\\Http\\Middleware\\InvokeDeferredCallbacks.php(22): Illuminate\\Pipeline\\Pipeline->Illuminate\\Pipeline\\{closure}()
#41 C:\\Users\\User\\OneDrive\\Documents\\Albert\\Appointment-Booking-System-master\\vendor\\laravel\\framework\\src\\Illuminate\\Pipeline\\Pipeline.php(208): Illuminate\\Foundation\\Http\\Middleware\\InvokeDeferredCallbacks->handle()
#42 C:\\Users\\User\\OneDrive\\Documents\\Albert\\Appointment-Booking-System-master\\vendor\\laravel\\framework\\src\\Illuminate\\Http\\Middleware\\ValidatePathEncoding.php(26): Illuminate\\Pipeline\\Pipeline->Illuminate\\Pipeline\\{closure}()
#43 C:\\Users\\User\\OneDrive\\Documents\\Albert\\Appointment-Booking-System-master\\vendor\\laravel\\framework\\src\\Illuminate\\Pipeline\\Pipeline.php(208): Illuminate\\Http\\Middleware\\ValidatePathEncoding->handle()
#44 C:\\Users\\User\\OneDrive\\Documents\\Albert\\Appointment-Booking-System-master\\vendor\\laravel\\framework\\src\\Illuminate\\Pipeline\\Pipeline.php(126): Illuminate\\Pipeline\\Pipeline->Illuminate\\Pipeline\\{closure}()
#45 C:\\Users\\User\\OneDrive\\Documents\\Albert\\Appointment-Booking-System-master\\vendor\\laravel\\framework\\src\\Illuminate\\Foundation\\Http\\Kernel.php(175): Illuminate\\Pipeline\\Pipeline->then()
#46 C:\\Users\\User\\OneDrive\\Documents\\Albert\\Appointment-Booking-System-master\\vendor\\laravel\\framework\\src\\Illuminate\\Foundation\\Http\\Kernel.php(144): Illuminate\\Foundation\\Http\\Kernel->sendRequestThroughRouter()
#47 C:\\Users\\User\\OneDrive\\Documents\\Albert\\Appointment-Booking-System-master\\vendor\\laravel\\framework\\src\\Illuminate\\Foundation\\Testing\\Concerns\\MakesHttpRequests.php(607): Illuminate\\Foundation\\Http\\Kernel->handle()
#48 C:\\Users\\User\\OneDrive\\Documents\\Albert\\Appointment-Booking-System-master\\vendor\\laravel\\framework\\src\\Illuminate\\Foundation\\Testing\\Concerns\\MakesHttpRequests.php(368): Illuminate\\Foundation\\Testing\\TestCase->call()
#49 C:\\Users\\User\\OneDrive\\Documents\\Albert\\Appointment-Booking-System-master\\tests\\Feature\\Auth\\RegistrationTest.php(14): Illuminate\\Foundation\\Testing\\TestCase->get()
#50 C:\\Users\\User\\OneDrive\\Documents\\Albert\\Appointment-Booking-System-master\\vendor\\phpunit\\phpunit\\src\\Framework\\TestCase.php(1656): Tests\\Feature\\Auth\\RegistrationTest->test_registration_screen_can_be_rendered()
#51 C:\\Users\\User\\OneDrive\\Documents\\Albert\\Appointment-Booking-System-master\\vendor\\phpunit\\phpunit\\src\\Framework\\TestCase.php(514): PHPUnit\\Framework\\TestCase->runTest()
#52 C:\\Users\\User\\OneDrive\\Documents\\Albert\\Appointment-Booking-System-master\\vendor\\phpunit\\phpunit\\src\\Framework\\TestRunner\\TestRunner.php(87): PHPUnit\\Framework\\TestCase->runBare()
#53 C:\\Users\\User\\OneDrive\\Documents\\Albert\\Appointment-Booking-System-master\\vendor\\phpunit\\phpunit\\src\\Framework\\TestCase.php(361): PHPUnit\\Framework\\TestRunner->run()
#54 C:\\Users\\User\\OneDrive\\Documents\\Albert\\Appointment-Booking-System-master\\vendor\\phpunit\\phpunit\\src\\Framework\\TestSuite.php(369): PHPUnit\\Framework\\TestCase->run()
#55 C:\\Users\\User\\OneDrive\\Documents\\Albert\\Appointment-Booking-System-master\\vendor\\phpunit\\phpunit\\src\\Framework\\TestSuite.php(369): PHPUnit\\Framework\\TestSuite->run()
#56 C:\\Users\\User\\OneDrive\\Documents\\Albert\\Appointment-Booking-System-master\\vendor\\phpunit\\phpunit\\src\\Framework\\TestSuite.php(369): PHPUnit\\Framework\\TestSuite->run()
#57 C:\\Users\\User\\OneDrive\\Documents\\Albert\\Appointment-Booking-System-master\\vendor\\phpunit\\phpunit\\src\\TextUI\\TestRunner.php(64): PHPUnit\\Framework\\TestSuite->run()
#58 C:\\Users\\User\\OneDrive\\Documents\\Albert\\Appointment-Booking-System-master\\vendor\\phpunit\\phpunit\\src\\TextUI\\Application.php(210): PHPUnit\\TextUI\\TestRunner->run()
#59 C:\\Users\\User\\OneDrive\\Documents\\Albert\\Appointment-Booking-System-master\\vendor\\phpunit\\phpunit\\phpunit(104): PHPUnit\\TextUI\\Application->run()
#60 C:\\Users\\User\\OneDrive\\Documents\\Albert\\Appointment-Booking-System-master\\vendor\\bin\\phpunit(122): include('...')
#61 {main}
"} 
[2026-05-22 16:56:41] testing.ERROR: Target class [App\Http\Middleware\RedirectIfPatientAuthenticated] does not exist. {"exception":"[object] (Illuminate\\Contracts\\Container\\BindingResolutionException(code: 0): Target class [App\\Http\\Middleware\\RedirectIfPatientAuthenticated] does not exist. at C:\\Users\\User\\OneDrive\\Documents\\Albert\\Appointment-Booking-System-master\\vendor\\laravel\\framework\\src\\Illuminate\\Container\\Container.php:1019)
[stacktrace]
#0 C:\\Users\\User\\OneDrive\\Documents\\Albert\\Appointment-Booking-System-master\\vendor\\laravel\\framework\\src\\Illuminate\\Container\\Container.php(890): Illuminate\\Container\\Container->build()
#1 C:\\Users\\User\\OneDrive\\Documents\\Albert\\Appointment-Booking-System-master\\vendor\\laravel\\framework\\src\\Illuminate\\Foundation\\Application.php(1077): Illuminate\\Container\\Container->resolve()
#2 C:\\Users\\User\\OneDrive\\Documents\\Albert\\Appointment-Booking-System-master\\vendor\\laravel\\framework\\src\\Illuminate\\Container\\Container.php(821): Illuminate\\Foundation\\Application->resolve()
#3 C:\\Users\\User\\OneDrive\\Documents\\Albert\\Appointment-Booking-System-master\\vendor\\laravel\\framework\\src\\Illuminate\\Foundation\\Application.php(1057): Illuminate\\Container\\Container->make()
#4 C:\\Users\\User\\OneDrive\\Documents\\Albert\\Appointment-Booking-System-master\\vendor\\laravel\\framework\\src\\Illuminate\\Pipeline\\Pipeline.php(197): Illuminate\\Foundation\\Application->make()
#5 C:\\Users\\User\\OneDrive\\Documents\\Albert\\Appointment-Booking-System-master\\vendor\\laravel\\framework\\src\\Illuminate\\Routing\\Middleware\\SubstituteBindings.php(50): Illuminate\\Pipeline\\Pipeline->Illuminate\\Pipeline\\{closure}()
#6 C:\\Users\\User\\OneDrive\\Documents\\Albert\\Appointment-Booking-System-master\\vendor\\laravel\\framework\\src\\Illuminate\\Pipeline\\Pipeline.php(208): Illuminate\\Routing\\Middleware\\SubstituteBindings->handle()
#7 C:\\Users\\User\\OneDrive\\Documents\\Albert\\Appointment-Booking-System-master\\vendor\\laravel\\framework\\src\\Illuminate\\Foundation\\Http\\Middleware\\VerifyCsrfToken.php(87): Illuminate\\Pipeline\\Pipeline->Illuminate\\Pipeline\\{closure}()
#8 C:\\Users\\User\\OneDrive\\Documents\\Albert\\Appointment-Booking-System-master\\vendor\\laravel\\framework\\src\\Illuminate\\Pipeline\\Pipeline.php(208): Illuminate\\Foundation\\Http\\Middleware\\VerifyCsrfToken->handle()
#9 C:\\Users\\User\\OneDrive\\Documents\\Albert\\Appointment-Booking-System-master\\vendor\\laravel\\framework\\src\\Illuminate\\View\\Middleware\\ShareErrorsFromSession.php(48): Illuminate\\Pipeline\\Pipeline->Illuminate\\Pipeline\\{closure}()
#10 C:\\Users\\User\\OneDrive\\Documents\\Albert\\Appointment-Booking-System-master\\vendor\\laravel\\framework\\src\\Illuminate\\Pipeline\\Pipeline.php(208): Illuminate\\View\\Middleware\\ShareErrorsFromSession->handle()
#11 C:\\Users\\User\\OneDrive\\Documents\\Albert\\Appointment-Booking-System-master\\vendor\\laravel\\framework\\src\\Illuminate\\Session\\Middleware\\StartSession.php(120): Illuminate\\Pipeline\\Pipeline->Illuminate\\Pipeline\\{closure}()
#12 C:\\Users\\User\\OneDrive\\Documents\\Albert\\Appointment-Booking-System-master\\vendor\\laravel\\framework\\src\\Illuminate\\Session\\Middleware\\StartSession.php(63): Illuminate\\Session\\Middleware\\StartSession->handleStatefulRequest()
#13 C:\\Users\\User\\OneDrive\\Documents\\Albert\\Appointment-Booking-System-master\\vendor\\laravel\\framework\\src\\Illuminate\\Pipeline\\Pipeline.php(208): Illuminate\\Session\\Middleware\\StartSession->handle()
#14 C:\\Users\\User\\OneDrive\\Documents\\Albert\\Appointment-Booking-System-master\\vendor\\laravel\\framework\\src\\Illuminate\\Cookie\\Middleware\\AddQueuedCookiesToResponse.php(36): Illuminate\\Pipeline\\Pipeline->Illuminate\\Pipeline\\{closure}()
#15 C:\\Users\\User\\OneDrive\\Documents\\Albert\\Appointment-Booking-System-master\\vendor\\laravel\\framework\\src\\Illuminate\\Pipeline\\Pipeline.php(208): Illuminate\\Cookie\\Middleware\\AddQueuedCookiesToResponse->handle()
#16 C:\\Users\\User\\OneDrive\\Documents\\Albert\\Appointment-Booking-System-master\\vendor\\laravel\\framework\\src\\Illuminate\\Cookie\\Middleware\\EncryptCookies.php(74): Illuminate\\Pipeline\\Pipeline->Illuminate\\Pipeline\\{closure}()
#17 C:\\Users\\User\\OneDrive\\Documents\\Albert\\Appointment-Booking-System-master\\vendor\\laravel\\framework\\src\\Illuminate\\Pipeline\\Pipeline.php(208): Illuminate\\Cookie\\Middleware\\EncryptCookies->handle()
#18 C:\\Users\\User\\OneDrive\\Documents\\Albert\\Appointment-Booking-System-master\\vendor\\laravel\\framework\\src\\Illuminate\\Pipeline\\Pipeline.php(126): Illuminate\\Pipeline\\Pipeline->Illuminate\\Pipeline\\{closure}()
#19 C:\\Users\\User\\OneDrive\\Documents\\Albert\\Appointment-Booking-System-master\\vendor\\laravel\\framework\\src\\Illuminate\\Routing\\Router.php(807): Illuminate\\Pipeline\\Pipeline->then()
#20 C:\\Users\\User\\OneDrive\\Documents\\Albert\\Appointment-Booking-System-master\\vendor\\laravel\\framework\\src\\Illuminate\\Routing\\Router.php(786): Illuminate\\Routing\\Router->runRouteWithinStack()
#21 C:\\Users\\User\\OneDrive\\Documents\\Albert\\Appointment-Booking-System-master\\vendor\\laravel\\framework\\src\\Illuminate\\Routing\\Router.php(750): Illuminate\\Routing\\Router->runRoute()
#22 C:\\Users\\User\\OneDrive\\Documents\\Albert\\Appointment-Booking-System-master\\vendor\\laravel\\framework\\src\\Illuminate\\Routing\\Router.php(739): Illuminate\\Routing\\Router->dispatchToRoute()
#23 C:\\Users\\User\\OneDrive\\Documents\\Albert\\Appointment-Booking-System-master\\vendor\\laravel\\framework\\src\\Illuminate\\Foundation\\Http\\Kernel.php(200): Illuminate\\Routing\\Router->dispatch()
#24 C:\\Users\\User\\OneDrive\\Documents\\Albert\\Appointment-Booking-System-master\\vendor\\laravel\\framework\\src\\Illuminate\\Pipeline\\Pipeline.php(169): Illuminate\\Foundation\\Http\\Kernel->Illuminate\\Foundation\\Http\\{closure}()
#25 C:\\Users\\User\\OneDrive\\Documents\\Albert\\Appointment-Booking-System-master\\vendor\\laravel\\framework\\src\\Illuminate\\Foundation\\Http\\Middleware\\TransformsRequest.php(21): Illuminate\\Pipeline\\Pipeline->Illuminate\\Pipeline\\{closure}()
#26 C:\\Users\\User\\OneDrive\\Documents\\Albert\\Appointment-Booking-System-master\\vendor\\laravel\\framework\\src\\Illuminate\\Foundation\\Http\\Middleware\\ConvertEmptyStringsToNull.php(31): Illuminate\\Foundation\\Http\\Middleware\\TransformsRequest->handle()
#27 C:\\Users\\User\\OneDrive\\Documents\\Albert\\Appointment-Booking-System-master\\vendor\\laravel\\framework\\src\\Illuminate\\Pipeline\\Pipeline.php(208): Illuminate\\Foundation\\Http\\Middleware\\ConvertEmptyStringsToNull->handle()
#28 C:\\Users\\User\\OneDrive\\Documents\\Albert\\Appointment-Booking-System-master\\vendor\\laravel\\framework\\src\\Illuminate\\Foundation\\Http\\Middleware\\TransformsRequest.php(21): Illuminate\\Pipeline\\Pipeline->Illuminate\\Pipeline\\{closure}()
#29 C:\\Users\\User\\OneDrive\\Documents\\Albert\\Appointment-Booking-System-master\\vendor\\laravel\\framework\\src\\Illuminate\\Foundation\\Http\\Middleware\\TrimStrings.php(51): Illuminate\\Foundation\\Http\\Middleware\\TransformsRequest->handle()
#30 C:\\Users\\User\\OneDrive\\Documents\\Albert\\Appointment-Booking-System-master\\vendor\\laravel\\framework\\src\\Illuminate\\Pipeline\\Pipeline.php(208): Illuminate\\Foundation\\Http\\Middleware\\TrimStrings->handle()
#31 C:\\Users\\User\\OneDrive\\Documents\\Albert\\Appointment-Booking-System-master\\vendor\\laravel\\framework\\src\\Illuminate\\Http\\Middleware\\ValidatePostSize.php(27): Illuminate\\Pipeline\\Pipeline->Illuminate\\Pipeline\\{closure}()
#32 C:\\Users\\User\\OneDrive\\Documents\\Albert\\Appointment-Booking-System-master\\vendor\\laravel\\framework\\src\\Illuminate\\Pipeline\\Pipeline.php(208): Illuminate\\Http\\Middleware\\ValidatePostSize->handle()
#33 C:\\Users\\User\\OneDrive\\Documents\\Albert\\Appointment-Booking-System-master\\vendor\\laravel\\framework\\src\\Illuminate\\Foundation\\Http\\Middleware\\PreventRequestsDuringMaintenance.php(109): Illuminate\\Pipeline\\Pipeline->Illuminate\\Pipeline\\{closure}()
#34 C:\\Users\\User\\OneDrive\\Documents\\Albert\\Appointment-Booking-System-master\\vendor\\laravel\\framework\\src\\Illuminate\\Pipeline\\Pipeline.php(208): Illuminate\\Foundation\\Http\\Middleware\\PreventRequestsDuringMaintenance->handle()
#35 C:\\Users\\User\\OneDrive\\Documents\\Albert\\Appointment-Booking-System-master\\vendor\\laravel\\framework\\src\\Illuminate\\Http\\Middleware\\HandleCors.php(48): Illuminate\\Pipeline\\Pipeline->Illuminate\\Pipeline\\{closure}()
#36 C:\\Users\\User\\OneDrive\\Documents\\Albert\\Appointment-Booking-System-master\\vendor\\laravel\\framework\\src\\Illuminate\\Pipeline\\Pipeline.php(208): Illuminate\\Http\\Middleware\\HandleCors->handle()
#37 C:\\Users\\User\\OneDrive\\Documents\\Albert\\Appointment-Booking-System-master\\vendor\\laravel\\framework\\src\\Illuminate\\Http\\Middleware\\TrustProxies.php(58): Illuminate\\Pipeline\\Pipeline->Illuminate\\Pipeline\\{closure}()
#38 C:\\Users\\User\\OneDrive\\Documents\\Albert\\Appointment-Booking-System-master\\vendor\\laravel\\framework\\src\\Illuminate\\Pipeline\\Pipeline.php(208): Illuminate\\Http\\Middleware\\TrustProxies->handle()
#39 C:\\Users\\User\\OneDrive\\Documents\\Albert\\Appointment-Booking-System-master\\vendor\\laravel\\framework\\src\\Illuminate\\Foundation\\Http\\Middleware\\InvokeDeferredCallbacks.php(22): Illuminate\\Pipeline\\Pipeline->Illuminate\\Pipeline\\{closure}()
#40 C:\\Users\\User\\OneDrive\\Documents\\Albert\\Appointment-Booking-System-master\\vendor\\laravel\\framework\\src\\Illuminate\\Pipeline\\Pipeline.php(208): Illuminate\\Foundation\\Http\\Middleware\\InvokeDeferredCallbacks->handle()
#41 C:\\Users\\User\\OneDrive\\Documents\\Albert\\Appointment-Booking-System-master\\vendor\\laravel\\framework\\src\\Illuminate\\Http\\Middleware\\ValidatePathEncoding.php(26): Illuminate\\Pipeline\\Pipeline->Illuminate\\Pipeline\\{closure}()
#42 C:\\Users\\User\\OneDrive\\Documents\\Albert\\Appointment-Booking-System-master\\vendor\\laravel\\framework\\src\\Illuminate\\Pipeline\\Pipeline.php(208): Illuminate\\Http\\Middleware\\ValidatePathEncoding->handle()
#43 C:\\Users\\User\\OneDrive\\Documents\\Albert\\Appointment-Booking-System-master\\vendor\\laravel\\framework\\src\\Illuminate\\Pipeline\\Pipeline.php(126): Illuminate\\Pipeline\\Pipeline->Illuminate\\Pipeline\\{closure}()
#44 C:\\Users\\User\\OneDrive\\Documents\\Albert\\Appointment-Booking-System-master\\vendor\\laravel\\framework\\src\\Illuminate\\Foundation\\Http\\Kernel.php(175): Illuminate\\Pipeline\\Pipeline->then()
#45 C:\\Users\\User\\OneDrive\\Documents\\Albert\\Appointment-Booking-System-master\\vendor\\laravel\\framework\\src\\Illuminate\\Foundation\\Http\\Kernel.php(144): Illuminate\\Foundation\\Http\\Kernel->sendRequestThroughRouter()
#46 C:\\Users\\User\\OneDrive\\Documents\\Albert\\Appointment-Booking-System-master\\vendor\\laravel\\framework\\src\\Illuminate\\Foundation\\Testing\\Concerns\\MakesHttpRequests.php(607): Illuminate\\Foundation\\Http\\Kernel->handle()
#47 C:\\Users\\User\\OneDrive\\Documents\\Albert\\Appointment-Booking-System-master\\vendor\\laravel\\framework\\src\\Illuminate\\Foundation\\Testing\\Concerns\\MakesHttpRequests.php(397): Illuminate\\Foundation\\Testing\\TestCase->call()
#48 C:\\Users\\User\\OneDrive\\Documents\\Albert\\Appointment-Booking-System-master\\tests\\Feature\\Auth\\RegistrationTest.php(21): Illuminate\\Foundation\\Testing\\TestCase->post()
#49 C:\\Users\\User\\OneDrive\\Documents\\Albert\\Appointment-Booking-System-master\\vendor\\phpunit\\phpunit\\src\\Framework\\TestCase.php(1656): Tests\\Feature\\Auth\\RegistrationTest->test_new_users_can_register()
#50 C:\\Users\\User\\OneDrive\\Documents\\Albert\\Appointment-Booking-System-master\\vendor\\phpunit\\phpunit\\src\\Framework\\TestCase.php(514): PHPUnit\\Framework\\TestCase->runTest()
#51 C:\\Users\\User\\OneDrive\\Documents\\Albert\\Appointment-Booking-System-master\\vendor\\phpunit\\phpunit\\src\\Framework\\TestRunner\\TestRunner.php(87): PHPUnit\\Framework\\TestCase->runBare()
#52 C:\\Users\\User\\OneDrive\\Documents\\Albert\\Appointment-Booking-System-master\\vendor\\phpunit\\phpunit\\src\\Framework\\TestCase.php(361): PHPUnit\\Framework\\TestRunner->run()
#53 C:\\Users\\User\\OneDrive\\Documents\\Albert\\Appointment-Booking-System-master\\vendor\\phpunit\\phpunit\\src\\Framework\\TestSuite.php(369): PHPUnit\\Framework\\TestCase->run()
#54 C:\\Users\\User\\OneDrive\\Documents\\Albert\\Appointment-Booking-System-master\\vendor\\phpunit\\phpunit\\src\\Framework\\TestSuite.php(369): PHPUnit\\Framework\\TestSuite->run()
#55 C:\\Users\\User\\OneDrive\\Documents\\Albert\\Appointment-Booking-System-master\\vendor\\phpunit\\phpunit\\src\\Framework\\TestSuite.php(369): PHPUnit\\Framework\\TestSuite->run()
#56 C:\\Users\\User\\OneDrive\\Documents\\Albert\\Appointment-Booking-System-master\\vendor\\phpunit\\phpunit\\src\\TextUI\\TestRunner.php(64): PHPUnit\\Framework\\TestSuite->run()
#57 C:\\Users\\User\\OneDrive\\Documents\\Albert\\Appointment-Booking-System-master\\vendor\\phpunit\\phpunit\\src\\TextUI\\Application.php(210): PHPUnit\\TextUI\\TestRunner->run()
#58 C:\\Users\\User\\OneDrive\\Documents\\Albert\\Appointment-Booking-System-master\\vendor\\phpunit\\phpunit\\phpunit(104): PHPUnit\\TextUI\\Application->run()
#59 C:\\Users\\User\\OneDrive\\Documents\\Albert\\Appointment-Booking-System-master\\vendor\\bin\\phpunit(122): include('...')
#60 {main}

[previous exception] [object] (ReflectionException(code: -1): Class \"App\\Http\\Middleware\\RedirectIfPatientAuthenticated\" does not exist at C:\\Users\\User\\OneDrive\\Documents\\Albert\\Appointment-Booking-System-master\\vendor\\laravel\\framework\\src\\Illuminate\\Container\\Container.php:1017)
[stacktrace]
#0 C:\\Users\\User\\OneDrive\\Documents\\Albert\\Appointment-Booking-System-master\\vendor\\laravel\\framework\\src\\Illuminate\\Container\\Container.php(1017): ReflectionClass->__construct()
#1 C:\\Users\\User\\OneDrive\\Documents\\Albert\\Appointment-Booking-System-master\\vendor\\laravel\\framework\\src\\Illuminate\\Container\\Container.php(890): Illuminate\\Container\\Container->build()
#2 C:\\Users\\User\\OneDrive\\Documents\\Albert\\Appointment-Booking-System-master\\vendor\\laravel\\framework\\src\\Illuminate\\Foundation\\Application.php(1077): Illuminate\\Container\\Container->resolve()
#3 C:\\Users\\User\\OneDrive\\Documents\\Albert\\Appointment-Booking-System-master\\vendor\\laravel\\framework\\src\\Illuminate\\Container\\Container.php(821): Illuminate\\Foundation\\Application->resolve()
#4 C:\\Users\\User\\OneDrive\\Documents\\Albert\\Appointment-Booking-System-master\\vendor\\laravel\\framework\\src\\Illuminate\\Foundation\\Application.php(1057): Illuminate\\Container\\Container->make()
#5 C:\\Users\\User\\OneDrive\\Documents\\Albert\\Appointment-Booking-System-master\\vendor\\laravel\\framework\\src\\Illuminate\\Pipeline\\Pipeline.php(197): Illuminate\\Foundation\\Application->make()
#6 C:\\Users\\User\\OneDrive\\Documents\\Albert\\Appointment-Booking-System-master\\vendor\\laravel\\framework\\src\\Illuminate\\Routing\\Middleware\\SubstituteBindings.php(50): Illuminate\\Pipeline\\Pipeline->Illuminate\\Pipeline\\{closure}()
#7 C:\\Users\\User\\OneDrive\\Documents\\Albert\\Appointment-Booking-System-master\\vendor\\laravel\\framework\\src\\Illuminate\\Pipeline\\Pipeline.php(208): Illuminate\\Routing\\Middleware\\SubstituteBindings->handle()
#8 C:\\Users\\User\\OneDrive\\Documents\\Albert\\Appointment-Booking-System-master\\vendor\\laravel\\framework\\src\\Illuminate\\Foundation\\Http\\Middleware\\VerifyCsrfToken.php(87): Illuminate\\Pipeline\\Pipeline->Illuminate\\Pipeline\\{closure}()
#9 C:\\Users\\User\\OneDrive\\Documents\\Albert\\Appointment-Booking-System-master\\vendor\\laravel\\framework\\src\\Illuminate\\Pipeline\\Pipeline.php(208): Illuminate\\Foundation\\Http\\Middleware\\VerifyCsrfToken->handle()
#10 C:\\Users\\User\\OneDrive\\Documents\\Albert\\Appointment-Booking-System-master\\vendor\\laravel\\framework\\src\\Illuminate\\View\\Middleware\\ShareErrorsFromSession.php(48): Illuminate\\Pipeline\\Pipeline->Illuminate\\Pipeline\\{closure}()
#11 C:\\Users\\User\\OneDrive\\Documents\\Albert\\Appointment-Booking-System-master\\vendor\\laravel\\framework\\src\\Illuminate\\Pipeline\\Pipeline.php(208): Illuminate\\View\\Middleware\\ShareErrorsFromSession->handle()
#12 C:\\Users\\User\\OneDrive\\Documents\\Albert\\Appointment-Booking-System-master\\vendor\\laravel\\framework\\src\\Illuminate\\Session\\Middleware\\StartSession.php(120): Illuminate\\Pipeline\\Pipeline->Illuminate\\Pipeline\\{closure}()
#13 C:\\Users\\User\\OneDrive\\Documents\\Albert\\Appointment-Booking-System-master\\vendor\\laravel\\framework\\src\\Illuminate\\Session\\Middleware\\StartSession.php(63): Illuminate\\Session\\Middleware\\StartSession->handleStatefulRequest()
#14 C:\\Users\\User\\OneDrive\\Documents\\Albert\\Appointment-Booking-System-master\\vendor\\laravel\\framework\\src\\Illuminate\\Pipeline\\Pipeline.php(208): Illuminate\\Session\\Middleware\\StartSession->handle()
#15 C:\\Users\\User\\OneDrive\\Documents\\Albert\\Appointment-Booking-System-master\\vendor\\laravel\\framework\\src\\Illuminate\\Cookie\\Middleware\\AddQueuedCookiesToResponse.php(36): Illuminate\\Pipeline\\Pipeline->Illuminate\\Pipeline\\{closure}()
#16 C:\\Users\\User\\OneDrive\\Documents\\Albert\\Appointment-Booking-System-master\\vendor\\laravel\\framework\\src\\Illuminate\\Pipeline\\Pipeline.php(208): Illuminate\\Cookie\\Middleware\\AddQueuedCookiesToResponse->handle()
#17 C:\\Users\\User\\OneDrive\\Documents\\Albert\\Appointment-Booking-System-master\\vendor\\laravel\\framework\\src\\Illuminate\\Cookie\\Middleware\\EncryptCookies.php(74): Illuminate\\Pipeline\\Pipeline->Illuminate\\Pipeline\\{closure}()
#18 C:\\Users\\User\\OneDrive\\Documents\\Albert\\Appointment-Booking-System-master\\vendor\\laravel\\framework\\src\\Illuminate\\Pipeline\\Pipeline.php(208): Illuminate\\Cookie\\Middleware\\EncryptCookies->handle()
#19 C:\\Users\\User\\OneDrive\\Documents\\Albert\\Appointment-Booking-System-master\\vendor\\laravel\\framework\\src\\Illuminate\\Pipeline\\Pipeline.php(126): Illuminate\\Pipeline\\Pipeline->Illuminate\\Pipeline\\{closure}()
#20 C:\\Users\\User\\OneDrive\\Documents\\Albert\\Appointment-Booking-System-master\\vendor\\laravel\\framework\\src\\Illuminate\\Routing\\Router.php(807): Illuminate\\Pipeline\\Pipeline->then()
#21 C:\\Users\\User\\OneDrive\\Documents\\Albert\\Appointment-Booking-System-master\\vendor\\laravel\\framework\\src\\Illuminate\\Routing\\Router.php(786): Illuminate\\Routing\\Router->runRouteWithinStack()
#22 C:\\Users\\User\\OneDrive\\Documents\\Albert\\Appointment-Booking-System-master\\vendor\\laravel\\framework\\src\\Illuminate\\Routing\\Router.php(750): Illuminate\\Routing\\Router->runRoute()
#23 C:\\Users\\User\\OneDrive\\Documents\\Albert\\Appointment-Booking-System-master\\vendor\\laravel\\framework\\src\\Illuminate\\Routing\\Router.php(739): Illuminate\\Routing\\Router->dispatchToRoute()
#24 C:\\Users\\User\\OneDrive\\Documents\\Albert\\Appointment-Booking-System-master\\vendor\\laravel\\framework\\src\\Illuminate\\Foundation\\Http\\Kernel.php(200): Illuminate\\Routing\\Router->dispatch()
#25 C:\\Users\\User\\OneDrive\\Documents\\Albert\\Appointment-Booking-System-master\\vendor\\laravel\\framework\\src\\Illuminate\\Pipeline\\Pipeline.php(169): Illuminate\\Foundation\\Http\\Kernel->Illuminate\\Foundation\\Http\\{closure}()
#26 C:\\Users\\User\\OneDrive\\Documents\\Albert\\Appointment-Booking-System-master\\vendor\\laravel\\framework\\src\\Illuminate\\Foundation\\Http\\Middleware\\TransformsRequest.php(21): Illuminate\\Pipeline\\Pipeline->Illuminate\\Pipeline\\{closure}()
#27 C:\\Users\\User\\OneDrive\\Documents\\Albert\\Appointment-Booking-System-master\\vendor\\laravel\\framework\\src\\Illuminate\\Foundation\\Http\\Middleware\\ConvertEmptyStringsToNull.php(31): Illuminate\\Foundation\\Http\\Middleware\\TransformsRequest->handle()
#28 C:\\Users\\User\\OneDrive\\Documents\\Albert\\Appointment-Booking-System-master\\vendor\\laravel\\framework\\src\\Illuminate\\Pipeline\\Pipeline.php(208): Illuminate\\Foundation\\Http\\Middleware\\ConvertEmptyStringsToNull->handle()
#29 C:\\Users\\User\\OneDrive\\Documents\\Albert\\Appointment-Booking-System-master\\vendor\\laravel\\framework\\src\\Illuminate\\Foundation\\Http\\Middleware\\TransformsRequest.php(21): Illuminate\\Pipeline\\Pipeline->Illuminate\\Pipeline\\{closure}()
#30 C:\\Users\\User\\OneDrive\\Documents\\Albert\\Appointment-Booking-System-master\\vendor\\laravel\\framework\\src\\Illuminate\\Foundation\\Http\\Middleware\\TrimStrings.php(51): Illuminate\\Foundation\\Http\\Middleware\\TransformsRequest->handle()
#31 C:\\Users\\User\\OneDrive\\Documents\\Albert\\Appointment-Booking-System-master\\vendor\\laravel\\framework\\src\\Illuminate\\Pipeline\\Pipeline.php(208): Illuminate\\Foundation\\Http\\Middleware\\TrimStrings->handle()
#32 C:\\Users\\User\\OneDrive\\Documents\\Albert\\Appointment-Booking-System-master\\vendor\\laravel\\framework\\src\\Illuminate\\Http\\Middleware\\ValidatePostSize.php(27): Illuminate\\Pipeline\\Pipeline->Illuminate\\Pipeline\\{closure}()
#33 C:\\Users\\User\\OneDrive\\Documents\\Albert\\Appointment-Booking-System-master\\vendor\\laravel\\framework\\src\\Illuminate\\Pipeline\\Pipeline.php(208): Illuminate\\Http\\Middleware\\ValidatePostSize->handle()
#34 C:\\Users\\User\\OneDrive\\Documents\\Albert\\Appointment-Booking-System-master\\vendor\\laravel\\framework\\src\\Illuminate\\Foundation\\Http\\Middleware\\PreventRequestsDuringMaintenance.php(109): Illuminate\\Pipeline\\Pipeline->Illuminate\\Pipeline\\{closure}()
#35 C:\\Users\\User\\OneDrive\\Documents\\Albert\\Appointment-Booking-System-master\\vendor\\laravel\\framework\\src\\Illuminate\\Pipeline\\Pipeline.php(208): Illuminate\\Foundation\\Http\\Middleware\\PreventRequestsDuringMaintenance->handle()
#36 C:\\Users\\User\\OneDrive\\Documents\\Albert\\Appointment-Booking-System-master\\vendor\\laravel\\framework\\src\\Illuminate\\Http\\Middleware\\HandleCors.php(48): Illuminate\\Pipeline\\Pipeline->Illuminate\\Pipeline\\{closure}()
#37 C:\\Users\\User\\OneDrive\\Documents\\Albert\\Appointment-Booking-System-master\\vendor\\laravel\\framework\\src\\Illuminate\\Pipeline\\Pipeline.php(208): Illuminate\\Http\\Middleware\\HandleCors->handle()
#38 C:\\Users\\User\\OneDrive\\Documents\\Albert\\Appointment-Booking-System-master\\vendor\\laravel\\framework\\src\\Illuminate\\Http\\Middleware\\TrustProxies.php(58): Illuminate\\Pipeline\\Pipeline->Illuminate\\Pipeline\\{closure}()
#39 C:\\Users\\User\\OneDrive\\Documents\\Albert\\Appointment-Booking-System-master\\vendor\\laravel\\framework\\src\\Illuminate\\Pipeline\\Pipeline.php(208): Illuminate\\Http\\Middleware\\TrustProxies->handle()
#40 C:\\Users\\User\\OneDrive\\Documents\\Albert\\Appointment-Booking-System-master\\vendor\\laravel\\framework\\src\\Illuminate\\Foundation\\Http\\Middleware\\InvokeDeferredCallbacks.php(22): Illuminate\\Pipeline\\Pipeline->Illuminate\\Pipeline\\{closure}()
#41 C:\\Users\\User\\OneDrive\\Documents\\Albert\\Appointment-Booking-System-master\\vendor\\laravel\\framework\\src\\Illuminate\\Pipeline\\Pipeline.php(208): Illuminate\\Foundation\\Http\\Middleware\\InvokeDeferredCallbacks->handle()
#42 C:\\Users\\User\\OneDrive\\Documents\\Albert\\Appointment-Booking-System-master\\vendor\\laravel\\framework\\src\\Illuminate\\Http\\Middleware\\ValidatePathEncoding.php(26): Illuminate\\Pipeline\\Pipeline->Illuminate\\Pipeline\\{closure}()
#43 C:\\Users\\User\\OneDrive\\Documents\\Albert\\Appointment-Booking-System-master\\vendor\\laravel\\framework\\src\\Illuminate\\Pipeline\\Pipeline.php(208): Illuminate\\Http\\Middleware\\ValidatePathEncoding->handle()
#44 C:\\Users\\User\\OneDrive\\Documents\\Albert\\Appointment-Booking-System-master\\vendor\\laravel\\framework\\src\\Illuminate\\Pipeline\\Pipeline.php(126): Illuminate\\Pipeline\\Pipeline->Illuminate\\Pipeline\\{closure}()
#45 C:\\Users\\User\\OneDrive\\Documents\\Albert\\Appointment-Booking-System-master\\vendor\\laravel\\framework\\src\\Illuminate\\Foundation\\Http\\Kernel.php(175): Illuminate\\Pipeline\\Pipeline->then()
#46 C:\\Users\\User\\OneDrive\\Documents\\Albert\\Appointment-Booking-System-master\\vendor\\laravel\\framework\\src\\Illuminate\\Foundation\\Http\\Kernel.php(144): Illuminate\\Foundation\\Http\\Kernel->sendRequestThroughRouter()
#47 C:\\Users\\User\\OneDrive\\Documents\\Albert\\Appointment-Booking-System-master\\vendor\\laravel\\framework\\src\\Illuminate\\Foundation\\Testing\\Concerns\\MakesHttpRequests.php(607): Illuminate\\Foundation\\Http\\Kernel->handle()
#48 C:\\Users\\User\\OneDrive\\Documents\\Albert\\Appointment-Booking-System-master\\vendor\\laravel\\framework\\src\\Illuminate\\Foundation\\Testing\\Concerns\\MakesHttpRequests.php(397): Illuminate\\Foundation\\Testing\\TestCase->call()
#49 C:\\Users\\User\\OneDrive\\Documents\\Albert\\Appointment-Booking-System-master\\tests\\Feature\\Auth\\RegistrationTest.php(21): Illuminate\\Foundation\\Testing\\TestCase->post()
#50 C:\\Users\\User\\OneDrive\\Documents\\Albert\\Appointment-Booking-System-master\\vendor\\phpunit\\phpunit\\src\\Framework\\TestCase.php(1656): Tests\\Feature\\Auth\\RegistrationTest->test_new_users_can_register()
#51 C:\\Users\\User\\OneDrive\\Documents\\Albert\\Appointment-Booking-System-master\\vendor\\phpunit\\phpunit\\src\\Framework\\TestCase.php(514): PHPUnit\\Framework\\TestCase->runTest()
#52 C:\\Users\\User\\OneDrive\\Documents\\Albert\\Appointment-Booking-System-master\\vendor\\phpunit\\phpunit\\src\\Framework\\TestRunner\\TestRunner.php(87): PHPUnit\\Framework\\TestCase->runBare()
#53 C:\\Users\\User\\OneDrive\\Documents\\Albert\\Appointment-Booking-System-master\\vendor\\phpunit\\phpunit\\src\\Framework\\TestCase.php(361): PHPUnit\\Framework\\TestRunner->run()
#54 C:\\Users\\User\\OneDrive\\Documents\\Albert\\Appointment-Booking-System-master\\vendor\\phpunit\\phpunit\\src\\Framework\\TestSuite.php(369): PHPUnit\\Framework\\TestCase->run()
#55 C:\\Users\\User\\OneDrive\\Documents\\Albert\\Appointment-Booking-System-master\\vendor\\phpunit\\phpunit\\src\\Framework\\TestSuite.php(369): PHPUnit\\Framework\\TestSuite->run()
#56 C:\\Users\\User\\OneDrive\\Documents\\Albert\\Appointment-Booking-System-master\\vendor\\phpunit\\phpunit\\src\\Framework\\TestSuite.php(369): PHPUnit\\Framework\\TestSuite->run()
#57 C:\\Users\\User\\OneDrive\\Documents\\Albert\\Appointment-Booking-System-master\\vendor\\phpunit\\phpunit\\src\\TextUI\\TestRunner.php(64): PHPUnit\\Framework\\TestSuite->run()
#58 C:\\Users\\User\\OneDrive\\Documents\\Albert\\Appointment-Booking-System-master\\vendor\\phpunit\\phpunit\\src\\TextUI\\Application.php(210): PHPUnit\\TextUI\\TestRunner->run()
#59 C:\\Users\\User\\OneDrive\\Documents\\Albert\\Appointment-Booking-System-master\\vendor\\phpunit\\phpunit\\phpunit(104): PHPUnit\\TextUI\\Application->run()
#60 C:\\Users\\User\\OneDrive\\Documents\\Albert\\Appointment-Booking-System-master\\vendor\\bin\\phpunit(122): include('...')
#61 {main}
"} 
[2026-05-22 16:57:17] testing.ERROR: Target class [App\Http\Middleware\RedirectIfPatientAuthenticated] does not exist. {"exception":"[object] (Illuminate\\Contracts\\Container\\BindingResolutionException(code: 0): Target class [App\\Http\\Middleware\\RedirectIfPatientAuthenticated] does not exist. at C:\\Users\\User\\OneDrive\\Documents\\Albert\\Appointment-Booking-System-master\\vendor\\laravel\\framework\\src\\Illuminate\\Container\\Container.php:1019)
[stacktrace]
#0 C:\\Users\\User\\OneDrive\\Documents\\Albert\\Appointment-Booking-System-master\\vendor\\laravel\\framework\\src\\Illuminate\\Container\\Container.php(890): Illuminate\\Container\\Container->build()
#1 C:\\Users\\User\\OneDrive\\Documents\\Albert\\Appointment-Booking-System-master\\vendor\\laravel\\framework\\src\\Illuminate\\Foundation\\Application.php(1077): Illuminate\\Container\\Container->resolve()
#2 C:\\Users\\User\\OneDrive\\Documents\\Albert\\Appointment-Booking-System-master\\vendor\\laravel\\framework\\src\\Illuminate\\Container\\Container.php(821): Illuminate\\Foundation\\Application->resolve()
#3 C:\\Users\\User\\OneDrive\\Documents\\Albert\\Appointment-Booking-System-master\\vendor\\laravel\\framework\\src\\Illuminate\\Foundation\\Application.php(1057): Illuminate\\Container\\Container->make()
#4 C:\\Users\\User\\OneDrive\\Documents\\Albert\\Appointment-Booking-System-master\\vendor\\laravel\\framework\\src\\Illuminate\\Pipeline\\Pipeline.php(197): Illuminate\\Foundation\\Application->make()
#5 C:\\Users\\User\\OneDrive\\Documents\\Albert\\Appointment-Booking-System-master\\vendor\\laravel\\framework\\src\\Illuminate\\Routing\\Middleware\\SubstituteBindings.php(50): Illuminate\\Pipeline\\Pipeline->Illuminate\\Pipeline\\{closure}()
#6 C:\\Users\\User\\OneDrive\\Documents\\Albert\\Appointment-Booking-System-master\\vendor\\laravel\\framework\\src\\Illuminate\\Pipeline\\Pipeline.php(208): Illuminate\\Routing\\Middleware\\SubstituteBindings->handle()
#7 C:\\Users\\User\\OneDrive\\Documents\\Albert\\Appointment-Booking-System-master\\vendor\\laravel\\framework\\src\\Illuminate\\Foundation\\Http\\Middleware\\VerifyCsrfToken.php(87): Illuminate\\Pipeline\\Pipeline->Illuminate\\Pipeline\\{closure}()
#8 C:\\Users\\User\\OneDrive\\Documents\\Albert\\Appointment-Booking-System-master\\vendor\\laravel\\framework\\src\\Illuminate\\Pipeline\\Pipeline.php(208): Illuminate\\Foundation\\Http\\Middleware\\VerifyCsrfToken->handle()
#9 C:\\Users\\User\\OneDrive\\Documents\\Albert\\Appointment-Booking-System-master\\vendor\\laravel\\framework\\src\\Illuminate\\View\\Middleware\\ShareErrorsFromSession.php(48): Illuminate\\Pipeline\\Pipeline->Illuminate\\Pipeline\\{closure}()
#10 C:\\Users\\User\\OneDrive\\Documents\\Albert\\Appointment-Booking-System-master\\vendor\\laravel\\framework\\src\\Illuminate\\Pipeline\\Pipeline.php(208): Illuminate\\View\\Middleware\\ShareErrorsFromSession->handle()
#11 C:\\Users\\User\\OneDrive\\Documents\\Albert\\Appointment-Booking-System-master\\vendor\\laravel\\framework\\src\\Illuminate\\Session\\Middleware\\StartSession.php(120): Illuminate\\Pipeline\\Pipeline->Illuminate\\Pipeline\\{closure}()
#12 C:\\Users\\User\\OneDrive\\Documents\\Albert\\Appointment-Booking-System-master\\vendor\\laravel\\framework\\src\\Illuminate\\Session\\Middleware\\StartSession.php(63): Illuminate\\Session\\Middleware\\StartSession->handleStatefulRequest()
#13 C:\\Users\\User\\OneDrive\\Documents\\Albert\\Appointment-Booking-System-master\\vendor\\laravel\\framework\\src\\Illuminate\\Pipeline\\Pipeline.php(208): Illuminate\\Session\\Middleware\\StartSession->handle()
#14 C:\\Users\\User\\OneDrive\\Documents\\Albert\\Appointment-Booking-System-master\\vendor\\laravel\\framework\\src\\Illuminate\\Cookie\\Middleware\\AddQueuedCookiesToResponse.php(36): Illuminate\\Pipeline\\Pipeline->Illuminate\\Pipeline\\{closure}()
#15 C:\\Users\\User\\OneDrive\\Documents\\Albert\\Appointment-Booking-System-master\\vendor\\laravel\\framework\\src\\Illuminate\\Pipeline\\Pipeline.php(208): Illuminate\\Cookie\\Middleware\\AddQueuedCookiesToResponse->handle()
#16 C:\\Users\\User\\OneDrive\\Documents\\Albert\\Appointment-Booking-System-master\\vendor\\laravel\\framework\\src\\Illuminate\\Cookie\\Middleware\\EncryptCookies.php(74): Illuminate\\Pipeline\\Pipeline->Illuminate\\Pipeline\\{closure}()
#17 C:\\Users\\User\\OneDrive\\Documents\\Albert\\Appointment-Booking-System-master\\vendor\\laravel\\framework\\src\\Illuminate\\Pipeline\\Pipeline.php(208): Illuminate\\Cookie\\Middleware\\EncryptCookies->handle()
#18 C:\\Users\\User\\OneDrive\\Documents\\Albert\\Appointment-Booking-System-master\\vendor\\laravel\\framework\\src\\Illuminate\\Pipeline\\Pipeline.php(126): Illuminate\\Pipeline\\Pipeline->Illuminate\\Pipeline\\{closure}()
#19 C:\\Users\\User\\OneDrive\\Documents\\Albert\\Appointment-Booking-System-master\\vendor\\laravel\\framework\\src\\Illuminate\\Routing\\Router.php(807): Illuminate\\Pipeline\\Pipeline->then()
#20 C:\\Users\\User\\OneDrive\\Documents\\Albert\\Appointment-Booking-System-master\\vendor\\laravel\\framework\\src\\Illuminate\\Routing\\Router.php(786): Illuminate\\Routing\\Router->runRouteWithinStack()
#21 C:\\Users\\User\\OneDrive\\Documents\\Albert\\Appointment-Booking-System-master\\vendor\\laravel\\framework\\src\\Illuminate\\Routing\\Router.php(750): Illuminate\\Routing\\Router->runRoute()
#22 C:\\Users\\User\\OneDrive\\Documents\\Albert\\Appointment-Booking-System-master\\vendor\\laravel\\framework\\src\\Illuminate\\Routing\\Router.php(739): Illuminate\\Routing\\Router->dispatchToRoute()
#23 C:\\Users\\User\\OneDrive\\Documents\\Albert\\Appointment-Booking-System-master\\vendor\\laravel\\framework\\src\\Illuminate\\Foundation\\Http\\Kernel.php(200): Illuminate\\Routing\\Router->dispatch()
#24 C:\\Users\\User\\OneDrive\\Documents\\Albert\\Appointment-Booking-System-master\\vendor\\laravel\\framework\\src\\Illuminate\\Pipeline\\Pipeline.php(169): Illuminate\\Foundation\\Http\\Kernel->Illuminate\\Foundation\\Http\\{closure}()
#25 C:\\Users\\User\\OneDrive\\Documents\\Albert\\Appointment-Booking-System-master\\vendor\\laravel\\framework\\src\\Illuminate\\Foundation\\Http\\Middleware\\TransformsRequest.php(21): Illuminate\\Pipeline\\Pipeline->Illuminate\\Pipeline\\{closure}()
#26 C:\\Users\\User\\OneDrive\\Documents\\Albert\\Appointment-Booking-System-master\\vendor\\laravel\\framework\\src\\Illuminate\\Foundation\\Http\\Middleware\\ConvertEmptyStringsToNull.php(31): Illuminate\\Foundation\\Http\\Middleware\\TransformsRequest->handle()
#27 C:\\Users\\User\\OneDrive\\Documents\\Albert\\Appointment-Booking-System-master\\vendor\\laravel\\framework\\src\\Illuminate\\Pipeline\\Pipeline.php(208): Illuminate\\Foundation\\Http\\Middleware\\ConvertEmptyStringsToNull->handle()
#28 C:\\Users\\User\\OneDrive\\Documents\\Albert\\Appointment-Booking-System-master\\vendor\\laravel\\framework\\src\\Illuminate\\Foundation\\Http\\Middleware\\TransformsRequest.php(21): Illuminate\\Pipeline\\Pipeline->Illuminate\\Pipeline\\{closure}()
#29 C:\\Users\\User\\OneDrive\\Documents\\Albert\\Appointment-Booking-System-master\\vendor\\laravel\\framework\\src\\Illuminate\\Foundation\\Http\\Middleware\\TrimStrings.php(51): Illuminate\\Foundation\\Http\\Middleware\\TransformsRequest->handle()
#30 C:\\Users\\User\\OneDrive\\Documents\\Albert\\Appointment-Booking-System-master\\vendor\\laravel\\framework\\src\\Illuminate\\Pipeline\\Pipeline.php(208): Illuminate\\Foundation\\Http\\Middleware\\TrimStrings->handle()
#31 C:\\Users\\User\\OneDrive\\Documents\\Albert\\Appointment-Booking-System-master\\vendor\\laravel\\framework\\src\\Illuminate\\Http\\Middleware\\ValidatePostSize.php(27): Illuminate\\Pipeline\\Pipeline->Illuminate\\Pipeline\\{closure}()
#32 C:\\Users\\User\\OneDrive\\Documents\\Albert\\Appointment-Booking-System-master\\vendor\\laravel\\framework\\src\\Illuminate\\Pipeline\\Pipeline.php(208): Illuminate\\Http\\Middleware\\ValidatePostSize->handle()
#33 C:\\Users\\User\\OneDrive\\Documents\\Albert\\Appointment-Booking-System-master\\vendor\\laravel\\framework\\src\\Illuminate\\Foundation\\Http\\Middleware\\PreventRequestsDuringMaintenance.php(109): Illuminate\\Pipeline\\Pipeline->Illuminate\\Pipeline\\{closure}()
#34 C:\\Users\\User\\OneDrive\\Documents\\Albert\\Appointment-Booking-System-master\\vendor\\laravel\\framework\\src\\Illuminate\\Pipeline\\Pipeline.php(208): Illuminate\\Foundation\\Http\\Middleware\\PreventRequestsDuringMaintenance->handle()
#35 C:\\Users\\User\\OneDrive\\Documents\\Albert\\Appointment-Booking-System-master\\vendor\\laravel\\framework\\src\\Illuminate\\Http\\Middleware\\HandleCors.php(48): Illuminate\\Pipeline\\Pipeline->Illuminate\\Pipeline\\{closure}()
#36 C:\\Users\\User\\OneDrive\\Documents\\Albert\\Appointment-Booking-System-master\\vendor\\laravel\\framework\\src\\Illuminate\\Pipeline\\Pipeline.php(208): Illuminate\\Http\\Middleware\\HandleCors->handle()
#37 C:\\Users\\User\\OneDrive\\Documents\\Albert\\Appointment-Booking-System-master\\vendor\\laravel\\framework\\src\\Illuminate\\Http\\Middleware\\TrustProxies.php(58): Illuminate\\Pipeline\\Pipeline->Illuminate\\Pipeline\\{closure}()
#38 C:\\Users\\User\\OneDrive\\Documents\\Albert\\Appointment-Booking-System-master\\vendor\\laravel\\framework\\src\\Illuminate\\Pipeline\\Pipeline.php(208): Illuminate\\Http\\Middleware\\TrustProxies->handle()
#39 C:\\Users\\User\\OneDrive\\Documents\\Albert\\Appointment-Booking-System-master\\vendor\\laravel\\framework\\src\\Illuminate\\Foundation\\Http\\Middleware\\InvokeDeferredCallbacks.php(22): Illuminate\\Pipeline\\Pipeline->Illuminate\\Pipeline\\{closure}()
#40 C:\\Users\\User\\OneDrive\\Documents\\Albert\\Appointment-Booking-System-master\\vendor\\laravel\\framework\\src\\Illuminate\\Pipeline\\Pipeline.php(208): Illuminate\\Foundation\\Http\\Middleware\\InvokeDeferredCallbacks->handle()
#41 C:\\Users\\User\\OneDrive\\Documents\\Albert\\Appointment-Booking-System-master\\vendor\\laravel\\framework\\src\\Illuminate\\Http\\Middleware\\ValidatePathEncoding.php(26): Illuminate\\Pipeline\\Pipeline->Illuminate\\Pipeline\\{closure}()
#42 C:\\Users\\User\\OneDrive\\Documents\\Albert\\Appointment-Booking-System-master\\vendor\\laravel\\framework\\src\\Illuminate\\Pipeline\\Pipeline.php(208): Illuminate\\Http\\Middleware\\ValidatePathEncoding->handle()
#43 C:\\Users\\User\\OneDrive\\Documents\\Albert\\Appointment-Booking-System-master\\vendor\\laravel\\framework\\src\\Illuminate\\Pipeline\\Pipeline.php(126): Illuminate\\Pipeline\\Pipeline->Illuminate\\Pipeline\\{closure}()
#44 C:\\Users\\User\\OneDrive\\Documents\\Albert\\Appointment-Booking-System-master\\vendor\\laravel\\framework\\src\\Illuminate\\Foundation\\Http\\Kernel.php(175): Illuminate\\Pipeline\\Pipeline->then()
#45 C:\\Users\\User\\OneDrive\\Documents\\Albert\\Appointment-Booking-System-master\\vendor\\laravel\\framework\\src\\Illuminate\\Foundation\\Http\\Kernel.php(144): Illuminate\\Foundation\\Http\\Kernel->sendRequestThroughRouter()
#46 C:\\Users\\User\\OneDrive\\Documents\\Albert\\Appointment-Booking-System-master\\vendor\\laravel\\framework\\src\\Illuminate\\Foundation\\Testing\\Concerns\\MakesHttpRequests.php(607): Illuminate\\Foundation\\Http\\Kernel->handle()
#47 C:\\Users\\User\\OneDrive\\Documents\\Albert\\Appointment-Booking-System-master\\vendor\\laravel\\framework\\src\\Illuminate\\Foundation\\Testing\\Concerns\\MakesHttpRequests.php(368): Illuminate\\Foundation\\Testing\\TestCase->call()
#48 C:\\Users\\User\\OneDrive\\Documents\\Albert\\Appointment-Booking-System-master\\tests\\Feature\\Auth\\AuthenticationTest.php(15): Illuminate\\Foundation\\Testing\\TestCase->get()
#49 C:\\Users\\User\\OneDrive\\Documents\\Albert\\Appointment-Booking-System-master\\vendor\\phpunit\\phpunit\\src\\Framework\\TestCase.php(1656): Tests\\Feature\\Auth\\AuthenticationTest->test_login_screen_can_be_rendered()
#50 C:\\Users\\User\\OneDrive\\Documents\\Albert\\Appointment-Booking-System-master\\vendor\\phpunit\\phpunit\\src\\Framework\\TestCase.php(514): PHPUnit\\Framework\\TestCase->runTest()
#51 C:\\Users\\User\\OneDrive\\Documents\\Albert\\Appointment-Booking-System-master\\vendor\\phpunit\\phpunit\\src\\Framework\\TestRunner\\TestRunner.php(87): PHPUnit\\Framework\\TestCase->runBare()
#52 C:\\Users\\User\\OneDrive\\Documents\\Albert\\Appointment-Booking-System-master\\vendor\\phpunit\\phpunit\\src\\Framework\\TestCase.php(361): PHPUnit\\Framework\\TestRunner->run()
#53 C:\\Users\\User\\OneDrive\\Documents\\Albert\\Appointment-Booking-System-master\\vendor\\phpunit\\phpunit\\src\\Framework\\TestSuite.php(369): PHPUnit\\Framework\\TestCase->run()
#54 C:\\Users\\User\\OneDrive\\Documents\\Albert\\Appointment-Booking-System-master\\vendor\\phpunit\\phpunit\\src\\Framework\\TestSuite.php(369): PHPUnit\\Framework\\TestSuite->run()
#55 C:\\Users\\User\\OneDrive\\Documents\\Albert\\Appointment-Booking-System-master\\vendor\\phpunit\\phpunit\\src\\Framework\\TestSuite.php(369): PHPUnit\\Framework\\TestSuite->run()
#56 C:\\Users\\User\\OneDrive\\Documents\\Albert\\Appointment-Booking-System-master\\vendor\\phpunit\\phpunit\\src\\TextUI\\TestRunner.php(64): PHPUnit\\Framework\\TestSuite->run()
#57 C:\\Users\\User\\OneDrive\\Documents\\Albert\\Appointment-Booking-System-master\\vendor\\phpunit\\phpunit\\src\\TextUI\\Application.php(210): PHPUnit\\TextUI\\TestRunner->run()
#58 C:\\Users\\User\\OneDrive\\Documents\\Albert\\Appointment-Booking-System-master\\vendor\\phpunit\\phpunit\\phpunit(104): PHPUnit\\TextUI\\Application->run()
#59 C:\\Users\\User\\OneDrive\\Documents\\Albert\\Appointment-Booking-System-master\\vendor\\bin\\phpunit(122): include('...')
#60 {main}

[previous exception] [object] (ReflectionException(code: -1): Class \"App\\Http\\Middleware\\RedirectIfPatientAuthenticated\" does not exist at C:\\Users\\User\\OneDrive\\Documents\\Albert\\Appointment-Booking-System-master\\vendor\\laravel\\framework\\src\\Illuminate\\Container\\Container.php:1017)
[stacktrace]
#0 C:\\Users\\User\\OneDrive\\Documents\\Albert\\Appointment-Booking-System-master\\vendor\\laravel\\framework\\src\\Illuminate\\Container\\Container.php(1017): ReflectionClass->__construct()
#1 C:\\Users\\User\\OneDrive\\Documents\\Albert\\Appointment-Booking-System-master\\vendor\\laravel\\framework\\src\\Illuminate\\Container\\Container.php(890): Illuminate\\Container\\Container->build()
#2 C:\\Users\\User\\OneDrive\\Documents\\Albert\\Appointment-Booking-System-master\\vendor\\laravel\\framework\\src\\Illuminate\\Foundation\\Application.php(1077): Illuminate\\Container\\Container->resolve()
#3 C:\\Users\\User\\OneDrive\\Documents\\Albert\\Appointment-Booking-System-master\\vendor\\laravel\\framework\\src\\Illuminate\\Container\\Container.php(821): Illuminate\\Foundation\\Application->resolve()
#4 C:\\Users\\User\\OneDrive\\Documents\\Albert\\Appointment-Booking-System-master\\vendor\\laravel\\framework\\src\\Illuminate\\Foundation\\Application.php(1057): Illuminate\\Container\\Container->make()
#5 C:\\Users\\User\\OneDrive\\Documents\\Albert\\Appointment-Booking-System-master\\vendor\\laravel\\framework\\src\\Illuminate\\Pipeline\\Pipeline.php(197): Illuminate\\Foundation\\Application->make()
#6 C:\\Users\\User\\OneDrive\\Documents\\Albert\\Appointment-Booking-System-master\\vendor\\laravel\\framework\\src\\Illuminate\\Routing\\Middleware\\SubstituteBindings.php(50): Illuminate\\Pipeline\\Pipeline->Illuminate\\Pipeline\\{closure}()
#7 C:\\Users\\User\\OneDrive\\Documents\\Albert\\Appointment-Booking-System-master\\vendor\\laravel\\framework\\src\\Illuminate\\Pipeline\\Pipeline.php(208): Illuminate\\Routing\\Middleware\\SubstituteBindings->handle()
#8 C:\\Users\\User\\OneDrive\\Documents\\Albert\\Appointment-Booking-System-master\\vendor\\laravel\\framework\\src\\Illuminate\\Foundation\\Http\\Middleware\\VerifyCsrfToken.php(87): Illuminate\\Pipeline\\Pipeline->Illuminate\\Pipeline\\{closure}()
#9 C:\\Users\\User\\OneDrive\\Documents\\Albert\\Appointment-Booking-System-master\\vendor\\laravel\\framework\\src\\Illuminate\\Pipeline\\Pipeline.php(208): Illuminate\\Foundation\\Http\\Middleware\\VerifyCsrfToken->handle()
#10 C:\\Users\\User\\OneDrive\\Documents\\Albert\\Appointment-Booking-System-master\\vendor\\laravel\\framework\\src\\Illuminate\\View\\Middleware\\ShareErrorsFromSession.php(48): Illuminate\\Pipeline\\Pipeline->Illuminate\\Pipeline\\{closure}()
#11 C:\\Users\\User\\OneDrive\\Documents\\Albert\\Appointment-Booking-System-master\\vendor\\laravel\\framework\\src\\Illuminate\\Pipeline\\Pipeline.php(208): Illuminate\\View\\Middleware\\ShareErrorsFromSession->handle()
#12 C:\\Users\\User\\OneDrive\\Documents\\Albert\\Appointment-Booking-System-master\\vendor\\laravel\\framework\\src\\Illuminate\\Session\\Middleware\\StartSession.php(120): Illuminate\\Pipeline\\Pipeline->Illuminate\\Pipeline\\{closure}()
#13 C:\\Users\\User\\OneDrive\\Documents\\Albert\\Appointment-Booking-System-master\\vendor\\laravel\\framework\\src\\Illuminate\\Session\\Middleware\\StartSession.php(63): Illuminate\\Session\\Middleware\\StartSession->handleStatefulRequest()
#14 C:\\Users\\User\\OneDrive\\Documents\\Albert\\Appointment-Booking-System-master\\vendor\\laravel\\framework\\src\\Illuminate\\Pipeline\\Pipeline.php(208): Illuminate\\Session\\Middleware\\StartSession->handle()
#15 C:\\Users\\User\\OneDrive\\Documents\\Albert\\Appointment-Booking-System-master\\vendor\\laravel\\framework\\src\\Illuminate\\Cookie\\Middleware\\AddQueuedCookiesToResponse.php(36): Illuminate\\Pipeline\\Pipeline->Illuminate\\Pipeline\\{closure}()
#16 C:\\Users\\User\\OneDrive\\Documents\\Albert\\Appointment-Booking-System-master\\vendor\\laravel\\framework\\src\\Illuminate\\Pipeline\\Pipeline.php(208): Illuminate\\Cookie\\Middleware\\AddQueuedCookiesToResponse->handle()
#17 C:\\Users\\User\\OneDrive\\Documents\\Albert\\Appointment-Booking-System-master\\vendor\\laravel\\framework\\src\\Illuminate\\Cookie\\Middleware\\EncryptCookies.php(74): Illuminate\\Pipeline\\Pipeline->Illuminate\\Pipeline\\{closure}()
#18 C:\\Users\\User\\OneDrive\\Documents\\Albert\\Appointment-Booking-System-master\\vendor\\laravel\\framework\\src\\Illuminate\\Pipeline\\Pipeline.php(208): Illuminate\\Cookie\\Middleware\\EncryptCookies->handle()
#19 C:\\Users\\User\\OneDrive\\Documents\\Albert\\Appointment-Booking-System-master\\vendor\\laravel\\framework\\src\\Illuminate\\Pipeline\\Pipeline.php(126): Illuminate\\Pipeline\\Pipeline->Illuminate\\Pipeline\\{closure}()
#20 C:\\Users\\User\\OneDrive\\Documents\\Albert\\Appointment-Booking-System-master\\vendor\\laravel\\framework\\src\\Illuminate\\Routing\\Router.php(807): Illuminate\\Pipeline\\Pipeline->then()
#21 C:\\Users\\User\\OneDrive\\Documents\\Albert\\Appointment-Booking-System-master\\vendor\\laravel\\framework\\src\\Illuminate\\Routing\\Router.php(786): Illuminate\\Routing\\Router->runRouteWithinStack()
#22 C:\\Users\\User\\OneDrive\\Documents\\Albert\\Appointment-Booking-System-master\\vendor\\laravel\\framework\\src\\Illuminate\\Routing\\Router.php(750): Illuminate\\Routing\\Router->runRoute()
#23 C:\\Users\\User\\OneDrive\\Documents\\Albert\\Appointment-Booking-System-master\\vendor\\laravel\\framework\\src\\Illuminate\\Routing\\Router.php(739): Illuminate\\Routing\\Router->dispatchToRoute()
#24 C:\\Users\\User\\OneDrive\\Documents\\Albert\\Appointment-Booking-System-master\\vendor\\laravel\\framework\\src\\Illuminate\\Foundation\\Http\\Kernel.php(200): Illuminate\\Routing\\Router->dispatch()
#25 C:\\Users\\User\\OneDrive\\Documents\\Albert\\Appointment-Booking-System-master\\vendor\\laravel\\framework\\src\\Illuminate\\Pipeline\\Pipeline.php(169): Illuminate\\Foundation\\Http\\Kernel->Illuminate\\Foundation\\Http\\{closure}()
#26 C:\\Users\\User\\OneDrive\\Documents\\Albert\\Appointment-Booking-System-master\\vendor\\laravel\\framework\\src\\Illuminate\\Foundation\\Http\\Middleware\\TransformsRequest.php(21): Illuminate\\Pipeline\\Pipeline->Illuminate\\Pipeline\\{closure}()
#27 C:\\Users\\User\\OneDrive\\Documents\\Albert\\Appointment-Booking-System-master\\vendor\\laravel\\framework\\src\\Illuminate\\Foundation\\Http\\Middleware\\ConvertEmptyStringsToNull.php(31): Illuminate\\Foundation\\Http\\Middleware\\TransformsRequest->handle()
#28 C:\\Users\\User\\OneDrive\\Documents\\Albert\\Appointment-Booking-System-master\\vendor\\laravel\\framework\\src\\Illuminate\\Pipeline\\Pipeline.php(208): Illuminate\\Foundation\\Http\\Middleware\\ConvertEmptyStringsToNull->handle()
#29 C:\\Users\\User\\OneDrive\\Documents\\Albert\\Appointment-Booking-System-master\\vendor\\laravel\\framework\\src\\Illuminate\\Foundation\\Http\\Middleware\\TransformsRequest.php(21): Illuminate\\Pipeline\\Pipeline->Illuminate\\Pipeline\\{closure}()
#30 C:\\Users\\User\\OneDrive\\Documents\\Albert\\Appointment-Booking-System-master\\vendor\\laravel\\framework\\src\\Illuminate\\Foundation\\Http\\Middleware\\TrimStrings.php(51): Illuminate\\Foundation\\Http\\Middleware\\TransformsRequest->handle()
#31 C:\\Users\\User\\OneDrive\\Documents\\Albert\\Appointment-Booking-System-master\\vendor\\laravel\\framework\\src\\Illuminate\\Pipeline\\Pipeline.php(208): Illuminate\\Foundation\\Http\\Middleware\\TrimStrings->handle()
#32 C:\\Users\\User\\OneDrive\\Documents\\Albert\\Appointment-Booking-System-master\\vendor\\laravel\\framework\\src\\Illuminate\\Http\\Middleware\\ValidatePostSize.php(27): Illuminate\\Pipeline\\Pipeline->Illuminate\\Pipeline\\{closure}()
#33 C:\\Users\\User\\OneDrive\\Documents\\Albert\\Appointment-Booking-System-master\\vendor\\laravel\\framework\\src\\Illuminate\\Pipeline\\Pipeline.php(208): Illuminate\\Http\\Middleware\\ValidatePostSize->handle()
#34 C:\\Users\\User\\OneDrive\\Documents\\Albert\\Appointment-Booking-System-master\\vendor\\laravel\\framework\\src\\Illuminate\\Foundation\\Http\\Middleware\\PreventRequestsDuringMaintenance.php(109): Illuminate\\Pipeline\\Pipeline->Illuminate\\Pipeline\\{closure}()
#35 C:\\Users\\User\\OneDrive\\Documents\\Albert\\Appointment-Booking-System-master\\vendor\\laravel\\framework\\src\\Illuminate\\Pipeline\\Pipeline.php(208): Illuminate\\Foundation\\Http\\Middleware\\PreventRequestsDuringMaintenance->handle()
#36 C:\\Users\\User\\OneDrive\\Documents\\Albert\\Appointment-Booking-System-master\\vendor\\laravel\\framework\\src\\Illuminate\\Http\\Middleware\\HandleCors.php(48): Illuminate\\Pipeline\\Pipeline->Illuminate\\Pipeline\\{closure}()
#37 C:\\Users\\User\\OneDrive\\Documents\\Albert\\Appointment-Booking-System-master\\vendor\\laravel\\framework\\src\\Illuminate\\Pipeline\\Pipeline.php(208): Illuminate\\Http\\Middleware\\HandleCors->handle()
#38 C:\\Users\\User\\OneDrive\\Documents\\Albert\\Appointment-Booking-System-master\\vendor\\laravel\\framework\\src\\Illuminate\\Http\\Middleware\\TrustProxies.php(58): Illuminate\\Pipeline\\Pipeline->Illuminate\\Pipeline\\{closure}()
#39 C:\\Users\\User\\OneDrive\\Documents\\Albert\\Appointment-Booking-System-master\\vendor\\laravel\\framework\\src\\Illuminate\\Pipeline\\Pipeline.php(208): Illuminate\\Http\\Middleware\\TrustProxies->handle()
#40 C:\\Users\\User\\OneDrive\\Documents\\Albert\\Appointment-Booking-System-master\\vendor\\laravel\\framework\\src\\Illuminate\\Foundation\\Http\\Middleware\\InvokeDeferredCallbacks.php(22): Illuminate\\Pipeline\\Pipeline->Illuminate\\Pipeline\\{closure}()
#41 C:\\Users\\User\\OneDrive\\Documents\\Albert\\Appointment-Booking-System-master\\vendor\\laravel\\framework\\src\\Illuminate\\Pipeline\\Pipeline.php(208): Illuminate\\Foundation\\Http\\Middleware\\InvokeDeferredCallbacks->handle()
#42 C:\\Users\\User\\OneDrive\\Documents\\Albert\\Appointment-Booking-System-master\\vendor\\laravel\\framework\\src\\Illuminate\\Http\\Middleware\\ValidatePathEncoding.php(26): Illuminate\\Pipeline\\Pipeline->Illuminate\\Pipeline\\{closure}()
#43 C:\\Users\\User\\OneDrive\\Documents\\Albert\\Appointment-Booking-System-master\\vendor\\laravel\\framework\\src\\Illuminate\\Pipeline\\Pipeline.php(208): Illuminate\\Http\\Middleware\\ValidatePathEncoding->handle()
#44 C:\\Users\\User\\OneDrive\\Documents\\Albert\\Appointment-Booking-System-master\\vendor\\laravel\\framework\\src\\Illuminate\\Pipeline\\Pipeline.php(126): Illuminate\\Pipeline\\Pipeline->Illuminate\\Pipeline\\{closure}()
#45 C:\\Users\\User\\OneDrive\\Documents\\Albert\\Appointment-Booking-System-master\\vendor\\laravel\\framework\\src\\Illuminate\\Foundation\\Http\\Kernel.php(175): Illuminate\\Pipeline\\Pipeline->then()
#46 C:\\Users\\User\\OneDrive\\Documents\\Albert\\Appointment-Booking-System-master\\vendor\\laravel\\framework\\src\\Illuminate\\Foundation\\Http\\Kernel.php(144): Illuminate\\Foundation\\Http\\Kernel->sendRequestThroughRouter()
#47 C:\\Users\\User\\OneDrive\\Documents\\Albert\\Appointment-Booking-System-master\\vendor\\laravel\\framework\\src\\Illuminate\\Foundation\\Testing\\Concerns\\MakesHttpRequests.php(607): Illuminate\\Foundation\\Http\\Kernel->handle()
#48 C:\\Users\\User\\OneDrive\\Documents\\Albert\\Appointment-Booking-System-master\\vendor\\laravel\\framework\\src\\Illuminate\\Foundation\\Testing\\Concerns\\MakesHttpRequests.php(368): Illuminate\\Foundation\\Testing\\TestCase->call()
#49 C:\\Users\\User\\OneDrive\\Documents\\Albert\\Appointment-Booking-System-master\\tests\\Feature\\Auth\\AuthenticationTest.php(15): Illuminate\\Foundation\\Testing\\TestCase->get()
#50 C:\\Users\\User\\OneDrive\\Documents\\Albert\\Appointment-Booking-System-master\\vendor\\phpunit\\phpunit\\src\\Framework\\TestCase.php(1656): Tests\\Feature\\Auth\\AuthenticationTest->test_login_screen_can_be_rendered()
#51 C:\\Users\\User\\OneDrive\\Documents\\Albert\\Appointment-Booking-System-master\\vendor\\phpunit\\phpunit\\src\\Framework\\TestCase.php(514): PHPUnit\\Framework\\TestCase->runTest()
#52 C:\\Users\\User\\OneDrive\\Documents\\Albert\\Appointment-Booking-System-master\\vendor\\phpunit\\phpunit\\src\\Framework\\TestRunner\\TestRunner.php(87): PHPUnit\\Framework\\TestCase->runBare()
#53 C:\\Users\\User\\OneDrive\\Documents\\Albert\\Appointment-Booking-System-master\\vendor\\phpunit\\phpunit\\src\\Framework\\TestCase.php(361): PHPUnit\\Framework\\TestRunner->run()
#54 C:\\Users\\User\\OneDrive\\Documents\\Albert\\Appointment-Booking-System-master\\vendor\\phpunit\\phpunit\\src\\Framework\\TestSuite.php(369): PHPUnit\\Framework\\TestCase->run()
#55 C:\\Users\\User\\OneDrive\\Documents\\Albert\\Appointment-Booking-System-master\\vendor\\phpunit\\phpunit\\src\\Framework\\TestSuite.php(369): PHPUnit\\Framework\\TestSuite->run()
#56 C:\\Users\\User\\OneDrive\\Documents\\Albert\\Appointment-Booking-System-master\\vendor\\phpunit\\phpunit\\src\\Framework\\TestSuite.php(369): PHPUnit\\Framework\\TestSuite->run()
#57 C:\\Users\\User\\OneDrive\\Documents\\Albert\\Appointment-Booking-System-master\\vendor\\phpunit\\phpunit\\src\\TextUI\\TestRunner.php(64): PHPUnit\\Framework\\TestSuite->run()
#58 C:\\Users\\User\\OneDrive\\Documents\\Albert\\Appointment-Booking-System-master\\vendor\\phpunit\\phpunit\\src\\TextUI\\Application.php(210): PHPUnit\\TextUI\\TestRunner->run()
#59 C:\\Users\\User\\OneDrive\\Documents\\Albert\\Appointment-Booking-System-master\\vendor\\phpunit\\phpunit\\phpunit(104): PHPUnit\\TextUI\\Application->run()
#60 C:\\Users\\User\\OneDrive\\Documents\\Albert\\Appointment-Booking-System-master\\vendor\\bin\\phpunit(122): include('...')
#61 {main}
"} 
[2026-05-22 16:57:18] testing.ERROR: Target class [App\Http\Middleware\RedirectIfPatientAuthenticated] does not exist. {"exception":"[object] (Illuminate\\Contracts\\Container\\BindingResolutionException(code: 0): Target class [App\\Http\\Middleware\\RedirectIfPatientAuthenticated] does not exist. at C:\\Users\\User\\OneDrive\\Documents\\Albert\\Appointment-Booking-System-master\\vendor\\laravel\\framework\\src\\Illuminate\\Container\\Container.php:1019)
[stacktrace]
#0 C:\\Users\\User\\OneDrive\\Documents\\Albert\\Appointment-Booking-System-master\\vendor\\laravel\\framework\\src\\Illuminate\\Container\\Container.php(890): Illuminate\\Container\\Container->build()
#1 C:\\Users\\User\\OneDrive\\Documents\\Albert\\Appointment-Booking-System-master\\vendor\\laravel\\framework\\src\\Illuminate\\Foundation\\Application.php(1077): Illuminate\\Container\\Container->resolve()
#2 C:\\Users\\User\\OneDrive\\Documents\\Albert\\Appointment-Booking-System-master\\vendor\\laravel\\framework\\src\\Illuminate\\Container\\Container.php(821): Illuminate\\Foundation\\Application->resolve()
#3 C:\\Users\\User\\OneDrive\\Documents\\Albert\\Appointment-Booking-System-master\\vendor\\laravel\\framework\\src\\Illuminate\\Foundation\\Application.php(1057): Illuminate\\Container\\Container->make()
#4 C:\\Users\\User\\OneDrive\\Documents\\Albert\\Appointment-Booking-System-master\\vendor\\laravel\\framework\\src\\Illuminate\\Pipeline\\Pipeline.php(197): Illuminate\\Foundation\\Application->make()
#5 C:\\Users\\User\\OneDrive\\Documents\\Albert\\Appointment-Booking-System-master\\vendor\\laravel\\framework\\src\\Illuminate\\Routing\\Middleware\\SubstituteBindings.php(50): Illuminate\\Pipeline\\Pipeline->Illuminate\\Pipeline\\{closure}()
#6 C:\\Users\\User\\OneDrive\\Documents\\Albert\\Appointment-Booking-System-master\\vendor\\laravel\\framework\\src\\Illuminate\\Pipeline\\Pipeline.php(208): Illuminate\\Routing\\Middleware\\SubstituteBindings->handle()
#7 C:\\Users\\User\\OneDrive\\Documents\\Albert\\Appointment-Booking-System-master\\vendor\\laravel\\framework\\src\\Illuminate\\Foundation\\Http\\Middleware\\VerifyCsrfToken.php(87): Illuminate\\Pipeline\\Pipeline->Illuminate\\Pipeline\\{closure}()
#8 C:\\Users\\User\\OneDrive\\Documents\\Albert\\Appointment-Booking-System-master\\vendor\\laravel\\framework\\src\\Illuminate\\Pipeline\\Pipeline.php(208): Illuminate\\Foundation\\Http\\Middleware\\VerifyCsrfToken->handle()
#9 C:\\Users\\User\\OneDrive\\Documents\\Albert\\Appointment-Booking-System-master\\vendor\\laravel\\framework\\src\\Illuminate\\View\\Middleware\\ShareErrorsFromSession.php(48): Illuminate\\Pipeline\\Pipeline->Illuminate\\Pipeline\\{closure}()
#10 C:\\Users\\User\\OneDrive\\Documents\\Albert\\Appointment-Booking-System-master\\vendor\\laravel\\framework\\src\\Illuminate\\Pipeline\\Pipeline.php(208): Illuminate\\View\\Middleware\\ShareErrorsFromSession->handle()
#11 C:\\Users\\User\\OneDrive\\Documents\\Albert\\Appointment-Booking-System-master\\vendor\\laravel\\framework\\src\\Illuminate\\Session\\Middleware\\StartSession.php(120): Illuminate\\Pipeline\\Pipeline->Illuminate\\Pipeline\\{closure}()
#12 C:\\Users\\User\\OneDrive\\Documents\\Albert\\Appointment-Booking-System-master\\vendor\\laravel\\framework\\src\\Illuminate\\Session\\Middleware\\StartSession.php(63): Illuminate\\Session\\Middleware\\StartSession->handleStatefulRequest()
#13 C:\\Users\\User\\OneDrive\\Documents\\Albert\\Appointment-Booking-System-master\\vendor\\laravel\\framework\\src\\Illuminate\\Pipeline\\Pipeline.php(208): Illuminate\\Session\\Middleware\\StartSession->handle()
#14 C:\\Users\\User\\OneDrive\\Documents\\Albert\\Appointment-Booking-System-master\\vendor\\laravel\\framework\\src\\Illuminate\\Cookie\\Middleware\\AddQueuedCookiesToResponse.php(36): Illuminate\\Pipeline\\Pipeline->Illuminate\\Pipeline\\{closure}()
#15 C:\\Users\\User\\OneDrive\\Documents\\Albert\\Appointment-Booking-System-master\\vendor\\laravel\\framework\\src\\Illuminate\\Pipeline\\Pipeline.php(208): Illuminate\\Cookie\\Middleware\\AddQueuedCookiesToResponse->handle()
#16 C:\\Users\\User\\OneDrive\\Documents\\Albert\\Appointment-Booking-System-master\\vendor\\laravel\\framework\\src\\Illuminate\\Cookie\\Middleware\\EncryptCookies.php(74): Illuminate\\Pipeline\\Pipeline->Illuminate\\Pipeline\\{closure}()
#17 C:\\Users\\User\\OneDrive\\Documents\\Albert\\Appointment-Booking-System-master\\vendor\\laravel\\framework\\src\\Illuminate\\Pipeline\\Pipeline.php(208): Illuminate\\Cookie\\Middleware\\EncryptCookies->handle()
#18 C:\\Users\\User\\OneDrive\\Documents\\Albert\\Appointment-Booking-System-master\\vendor\\laravel\\framework\\src\\Illuminate\\Pipeline\\Pipeline.php(126): Illuminate\\Pipeline\\Pipeline->Illuminate\\Pipeline\\{closure}()
#19 C:\\Users\\User\\OneDrive\\Documents\\Albert\\Appointment-Booking-System-master\\vendor\\laravel\\framework\\src\\Illuminate\\Routing\\Router.php(807): Illuminate\\Pipeline\\Pipeline->then()
#20 C:\\Users\\User\\OneDrive\\Documents\\Albert\\Appointment-Booking-System-master\\vendor\\laravel\\framework\\src\\Illuminate\\Routing\\Router.php(786): Illuminate\\Routing\\Router->runRouteWithinStack()
#21 C:\\Users\\User\\OneDrive\\Documents\\Albert\\Appointment-Booking-System-master\\vendor\\laravel\\framework\\src\\Illuminate\\Routing\\Router.php(750): Illuminate\\Routing\\Router->runRoute()
#22 C:\\Users\\User\\OneDrive\\Documents\\Albert\\Appointment-Booking-System-master\\vendor\\laravel\\framework\\src\\Illuminate\\Routing\\Router.php(739): Illuminate\\Routing\\Router->dispatchToRoute()
#23 C:\\Users\\User\\OneDrive\\Documents\\Albert\\Appointment-Booking-System-master\\vendor\\laravel\\framework\\src\\Illuminate\\Foundation\\Http\\Kernel.php(200): Illuminate\\Routing\\Router->dispatch()
#24 C:\\Users\\User\\OneDrive\\Documents\\Albert\\Appointment-Booking-System-master\\vendor\\laravel\\framework\\src\\Illuminate\\Pipeline\\Pipeline.php(169): Illuminate\\Foundation\\Http\\Kernel->Illuminate\\Foundation\\Http\\{closure}()
#25 C:\\Users\\User\\OneDrive\\Documents\\Albert\\Appointment-Booking-System-master\\vendor\\laravel\\framework\\src\\Illuminate\\Foundation\\Http\\Middleware\\TransformsRequest.php(21): Illuminate\\Pipeline\\Pipeline->Illuminate\\Pipeline\\{closure}()
#26 C:\\Users\\User\\OneDrive\\Documents\\Albert\\Appointment-Booking-System-master\\vendor\\laravel\\framework\\src\\Illuminate\\Foundation\\Http\\Middleware\\ConvertEmptyStringsToNull.php(31): Illuminate\\Foundation\\Http\\Middleware\\TransformsRequest->handle()
#27 C:\\Users\\User\\OneDrive\\Documents\\Albert\\Appointment-Booking-System-master\\vendor\\laravel\\framework\\src\\Illuminate\\Pipeline\\Pipeline.php(208): Illuminate\\Foundation\\Http\\Middleware\\ConvertEmptyStringsToNull->handle()
#28 C:\\Users\\User\\OneDrive\\Documents\\Albert\\Appointment-Booking-System-master\\vendor\\laravel\\framework\\src\\Illuminate\\Foundation\\Http\\Middleware\\TransformsRequest.php(21): Illuminate\\Pipeline\\Pipeline->Illuminate\\Pipeline\\{closure}()
#29 C:\\Users\\User\\OneDrive\\Documents\\Albert\\Appointment-Booking-System-master\\vendor\\laravel\\framework\\src\\Illuminate\\Foundation\\Http\\Middleware\\TrimStrings.php(51): Illuminate\\Foundation\\Http\\Middleware\\TransformsRequest->handle()
#30 C:\\Users\\User\\OneDrive\\Documents\\Albert\\Appointment-Booking-System-master\\vendor\\laravel\\framework\\src\\Illuminate\\Pipeline\\Pipeline.php(208): Illuminate\\Foundation\\Http\\Middleware\\TrimStrings->handle()
#31 C:\\Users\\User\\OneDrive\\Documents\\Albert\\Appointment-Booking-System-master\\vendor\\laravel\\framework\\src\\Illuminate\\Http\\Middleware\\ValidatePostSize.php(27): Illuminate\\Pipeline\\Pipeline->Illuminate\\Pipeline\\{closure}()
#32 C:\\Users\\User\\OneDrive\\Documents\\Albert\\Appointment-Booking-System-master\\vendor\\laravel\\framework\\src\\Illuminate\\Pipeline\\Pipeline.php(208): Illuminate\\Http\\Middleware\\ValidatePostSize->handle()
#33 C:\\Users\\User\\OneDrive\\Documents\\Albert\\Appointment-Booking-System-master\\vendor\\laravel\\framework\\src\\Illuminate\\Foundation\\Http\\Middleware\\PreventRequestsDuringMaintenance.php(109): Illuminate\\Pipeline\\Pipeline->Illuminate\\Pipeline\\{closure}()
#34 C:\\Users\\User\\OneDrive\\Documents\\Albert\\Appointment-Booking-System-master\\vendor\\laravel\\framework\\src\\Illuminate\\Pipeline\\Pipeline.php(208): Illuminate\\Foundation\\Http\\Middleware\\PreventRequestsDuringMaintenance->handle()
#35 C:\\Users\\User\\OneDrive\\Documents\\Albert\\Appointment-Booking-System-master\\vendor\\laravel\\framework\\src\\Illuminate\\Http\\Middleware\\HandleCors.php(48): Illuminate\\Pipeline\\Pipeline->Illuminate\\Pipeline\\{closure}()
#36 C:\\Users\\User\\OneDrive\\Documents\\Albert\\Appointment-Booking-System-master\\vendor\\laravel\\framework\\src\\Illuminate\\Pipeline\\Pipeline.php(208): Illuminate\\Http\\Middleware\\HandleCors->handle()
#37 C:\\Users\\User\\OneDrive\\Documents\\Albert\\Appointment-Booking-System-master\\vendor\\laravel\\framework\\src\\Illuminate\\Http\\Middleware\\TrustProxies.php(58): Illuminate\\Pipeline\\Pipeline->Illuminate\\Pipeline\\{closure}()
#38 C:\\Users\\User\\OneDrive\\Documents\\Albert\\Appointment-Booking-System-master\\vendor\\laravel\\framework\\src\\Illuminate\\Pipeline\\Pipeline.php(208): Illuminate\\Http\\Middleware\\TrustProxies->handle()
#39 C:\\Users\\User\\OneDrive\\Documents\\Albert\\Appointment-Booking-System-master\\vendor\\laravel\\framework\\src\\Illuminate\\Foundation\\Http\\Middleware\\InvokeDeferredCallbacks.php(22): Illuminate\\Pipeline\\Pipeline->Illuminate\\Pipeline\\{closure}()
#40 C:\\Users\\User\\OneDrive\\Documents\\Albert\\Appointment-Booking-System-master\\vendor\\laravel\\framework\\src\\Illuminate\\Pipeline\\Pipeline.php(208): Illuminate\\Foundation\\Http\\Middleware\\InvokeDeferredCallbacks->handle()
#41 C:\\Users\\User\\OneDrive\\Documents\\Albert\\Appointment-Booking-System-master\\vendor\\laravel\\framework\\src\\Illuminate\\Http\\Middleware\\ValidatePathEncoding.php(26): Illuminate\\Pipeline\\Pipeline->Illuminate\\Pipeline\\{closure}()
#42 C:\\Users\\User\\OneDrive\\Documents\\Albert\\Appointment-Booking-System-master\\vendor\\laravel\\framework\\src\\Illuminate\\Pipeline\\Pipeline.php(208): Illuminate\\Http\\Middleware\\ValidatePathEncoding->handle()
#43 C:\\Users\\User\\OneDrive\\Documents\\Albert\\Appointment-Booking-System-master\\vendor\\laravel\\framework\\src\\Illuminate\\Pipeline\\Pipeline.php(126): Illuminate\\Pipeline\\Pipeline->Illuminate\\Pipeline\\{closure}()
#44 C:\\Users\\User\\OneDrive\\Documents\\Albert\\Appointment-Booking-System-master\\vendor\\laravel\\framework\\src\\Illuminate\\Foundation\\Http\\Kernel.php(175): Illuminate\\Pipeline\\Pipeline->then()
#45 C:\\Users\\User\\OneDrive\\Documents\\Albert\\Appointment-Booking-System-master\\vendor\\laravel\\framework\\src\\Illuminate\\Foundation\\Http\\Kernel.php(144): Illuminate\\Foundation\\Http\\Kernel->sendRequestThroughRouter()
#46 C:\\Users\\User\\OneDrive\\Documents\\Albert\\Appointment-Booking-System-master\\vendor\\laravel\\framework\\src\\Illuminate\\Foundation\\Testing\\Concerns\\MakesHttpRequests.php(607): Illuminate\\Foundation\\Http\\Kernel->handle()
#47 C:\\Users\\User\\OneDrive\\Documents\\Albert\\Appointment-Booking-System-master\\vendor\\laravel\\framework\\src\\Illuminate\\Foundation\\Testing\\Concerns\\MakesHttpRequests.php(368): Illuminate\\Foundation\\Testing\\TestCase->call()
#48 C:\\Users\\User\\OneDrive\\Documents\\Albert\\Appointment-Booking-System-master\\tests\\Feature\\Auth\\RegistrationTest.php(14): Illuminate\\Foundation\\Testing\\TestCase->get()
#49 C:\\Users\\User\\OneDrive\\Documents\\Albert\\Appointment-Booking-System-master\\vendor\\phpunit\\phpunit\\src\\Framework\\TestCase.php(1656): Tests\\Feature\\Auth\\RegistrationTest->test_registration_screen_can_be_rendered()
#50 C:\\Users\\User\\OneDrive\\Documents\\Albert\\Appointment-Booking-System-master\\vendor\\phpunit\\phpunit\\src\\Framework\\TestCase.php(514): PHPUnit\\Framework\\TestCase->runTest()
#51 C:\\Users\\User\\OneDrive\\Documents\\Albert\\Appointment-Booking-System-master\\vendor\\phpunit\\phpunit\\src\\Framework\\TestRunner\\TestRunner.php(87): PHPUnit\\Framework\\TestCase->runBare()
#52 C:\\Users\\User\\OneDrive\\Documents\\Albert\\Appointment-Booking-System-master\\vendor\\phpunit\\phpunit\\src\\Framework\\TestCase.php(361): PHPUnit\\Framework\\TestRunner->run()
#53 C:\\Users\\User\\OneDrive\\Documents\\Albert\\Appointment-Booking-System-master\\vendor\\phpunit\\phpunit\\src\\Framework\\TestSuite.php(369): PHPUnit\\Framework\\TestCase->run()
#54 C:\\Users\\User\\OneDrive\\Documents\\Albert\\Appointment-Booking-System-master\\vendor\\phpunit\\phpunit\\src\\Framework\\TestSuite.php(369): PHPUnit\\Framework\\TestSuite->run()
#55 C:\\Users\\User\\OneDrive\\Documents\\Albert\\Appointment-Booking-System-master\\vendor\\phpunit\\phpunit\\src\\Framework\\TestSuite.php(369): PHPUnit\\Framework\\TestSuite->run()
#56 C:\\Users\\User\\OneDrive\\Documents\\Albert\\Appointment-Booking-System-master\\vendor\\phpunit\\phpunit\\src\\TextUI\\TestRunner.php(64): PHPUnit\\Framework\\TestSuite->run()
#57 C:\\Users\\User\\OneDrive\\Documents\\Albert\\Appointment-Booking-System-master\\vendor\\phpunit\\phpunit\\src\\TextUI\\Application.php(210): PHPUnit\\TextUI\\TestRunner->run()
#58 C:\\Users\\User\\OneDrive\\Documents\\Albert\\Appointment-Booking-System-master\\vendor\\phpunit\\phpunit\\phpunit(104): PHPUnit\\TextUI\\Application->run()
#59 C:\\Users\\User\\OneDrive\\Documents\\Albert\\Appointment-Booking-System-master\\vendor\\bin\\phpunit(122): include('...')
#60 {main}

[previous exception] [object] (ReflectionException(code: -1): Class \"App\\Http\\Middleware\\RedirectIfPatientAuthenticated\" does not exist at C:\\Users\\User\\OneDrive\\Documents\\Albert\\Appointment-Booking-System-master\\vendor\\laravel\\framework\\src\\Illuminate\\Container\\Container.php:1017)
[stacktrace]
#0 C:\\Users\\User\\OneDrive\\Documents\\Albert\\Appointment-Booking-System-master\\vendor\\laravel\\framework\\src\\Illuminate\\Container\\Container.php(1017): ReflectionClass->__construct()
#1 C:\\Users\\User\\OneDrive\\Documents\\Albert\\Appointment-Booking-System-master\\vendor\\laravel\\framework\\src\\Illuminate\\Container\\Container.php(890): Illuminate\\Container\\Container->build()
#2 C:\\Users\\User\\OneDrive\\Documents\\Albert\\Appointment-Booking-System-master\\vendor\\laravel\\framework\\src\\Illuminate\\Foundation\\Application.php(1077): Illuminate\\Container\\Container->resolve()
#3 C:\\Users\\User\\OneDrive\\Documents\\Albert\\Appointment-Booking-System-master\\vendor\\laravel\\framework\\src\\Illuminate\\Container\\Container.php(821): Illuminate\\Foundation\\Application->resolve()
#4 C:\\Users\\User\\OneDrive\\Documents\\Albert\\Appointment-Booking-System-master\\vendor\\laravel\\framework\\src\\Illuminate\\Foundation\\Application.php(1057): Illuminate\\Container\\Container->make()
#5 C:\\Users\\User\\OneDrive\\Documents\\Albert\\Appointment-Booking-System-master\\vendor\\laravel\\framework\\src\\Illuminate\\Pipeline\\Pipeline.php(197): Illuminate\\Foundation\\Application->make()
#6 C:\\Users\\User\\OneDrive\\Documents\\Albert\\Appointment-Booking-System-master\\vendor\\laravel\\framework\\src\\Illuminate\\Routing\\Middleware\\SubstituteBindings.php(50): Illuminate\\Pipeline\\Pipeline->Illuminate\\Pipeline\\{closure}()
#7 C:\\Users\\User\\OneDrive\\Documents\\Albert\\Appointment-Booking-System-master\\vendor\\laravel\\framework\\src\\Illuminate\\Pipeline\\Pipeline.php(208): Illuminate\\Routing\\Middleware\\SubstituteBindings->handle()
#8 C:\\Users\\User\\OneDrive\\Documents\\Albert\\Appointment-Booking-System-master\\vendor\\laravel\\framework\\src\\Illuminate\\Foundation\\Http\\Middleware\\VerifyCsrfToken.php(87): Illuminate\\Pipeline\\Pipeline->Illuminate\\Pipeline\\{closure}()
#9 C:\\Users\\User\\OneDrive\\Documents\\Albert\\Appointment-Booking-System-master\\vendor\\laravel\\framework\\src\\Illuminate\\Pipeline\\Pipeline.php(208): Illuminate\\Foundation\\Http\\Middleware\\VerifyCsrfToken->handle()
#10 C:\\Users\\User\\OneDrive\\Documents\\Albert\\Appointment-Booking-System-master\\vendor\\laravel\\framework\\src\\Illuminate\\View\\Middleware\\ShareErrorsFromSession.php(48): Illuminate\\Pipeline\\Pipeline->Illuminate\\Pipeline\\{closure}()
#11 C:\\Users\\User\\OneDrive\\Documents\\Albert\\Appointment-Booking-System-master\\vendor\\laravel\\framework\\src\\Illuminate\\Pipeline\\Pipeline.php(208): Illuminate\\View\\Middleware\\ShareErrorsFromSession->handle()
#12 C:\\Users\\User\\OneDrive\\Documents\\Albert\\Appointment-Booking-System-master\\vendor\\laravel\\framework\\src\\Illuminate\\Session\\Middleware\\StartSession.php(120): Illuminate\\Pipeline\\Pipeline->Illuminate\\Pipeline\\{closure}()
#13 C:\\Users\\User\\OneDrive\\Documents\\Albert\\Appointment-Booking-System-master\\vendor\\laravel\\framework\\src\\Illuminate\\Session\\Middleware\\StartSession.php(63): Illuminate\\Session\\Middleware\\StartSession->handleStatefulRequest()
#14 C:\\Users\\User\\OneDrive\\Documents\\Albert\\Appointment-Booking-System-master\\vendor\\laravel\\framework\\src\\Illuminate\\Pipeline\\Pipeline.php(208): Illuminate\\Session\\Middleware\\StartSession->handle()
#15 C:\\Users\\User\\OneDrive\\Documents\\Albert\\Appointment-Booking-System-master\\vendor\\laravel\\framework\\src\\Illuminate\\Cookie\\Middleware\\AddQueuedCookiesToResponse.php(36): Illuminate\\Pipeline\\Pipeline->Illuminate\\Pipeline\\{closure}()
#16 C:\\Users\\User\\OneDrive\\Documents\\Albert\\Appointment-Booking-System-master\\vendor\\laravel\\framework\\src\\Illuminate\\Pipeline\\Pipeline.php(208): Illuminate\\Cookie\\Middleware\\AddQueuedCookiesToResponse->handle()
#17 C:\\Users\\User\\OneDrive\\Documents\\Albert\\Appointment-Booking-System-master\\vendor\\laravel\\framework\\src\\Illuminate\\Cookie\\Middleware\\EncryptCookies.php(74): Illuminate\\Pipeline\\Pipeline->Illuminate\\Pipeline\\{closure}()
#18 C:\\Users\\User\\OneDrive\\Documents\\Albert\\Appointment-Booking-System-master\\vendor\\laravel\\framework\\src\\Illuminate\\Pipeline\\Pipeline.php(208): Illuminate\\Cookie\\Middleware\\EncryptCookies->handle()
#19 C:\\Users\\User\\OneDrive\\Documents\\Albert\\Appointment-Booking-System-master\\vendor\\laravel\\framework\\src\\Illuminate\\Pipeline\\Pipeline.php(126): Illuminate\\Pipeline\\Pipeline->Illuminate\\Pipeline\\{closure}()
#20 C:\\Users\\User\\OneDrive\\Documents\\Albert\\Appointment-Booking-System-master\\vendor\\laravel\\framework\\src\\Illuminate\\Routing\\Router.php(807): Illuminate\\Pipeline\\Pipeline->then()
#21 C:\\Users\\User\\OneDrive\\Documents\\Albert\\Appointment-Booking-System-master\\vendor\\laravel\\framework\\src\\Illuminate\\Routing\\Router.php(786): Illuminate\\Routing\\Router->runRouteWithinStack()
#22 C:\\Users\\User\\OneDrive\\Documents\\Albert\\Appointment-Booking-System-master\\vendor\\laravel\\framework\\src\\Illuminate\\Routing\\Router.php(750): Illuminate\\Routing\\Router->runRoute()
#23 C:\\Users\\User\\OneDrive\\Documents\\Albert\\Appointment-Booking-System-master\\vendor\\laravel\\framework\\src\\Illuminate\\Routing\\Router.php(739): Illuminate\\Routing\\Router->dispatchToRoute()
#24 C:\\Users\\User\\OneDrive\\Documents\\Albert\\Appointment-Booking-System-master\\vendor\\laravel\\framework\\src\\Illuminate\\Foundation\\Http\\Kernel.php(200): Illuminate\\Routing\\Router->dispatch()
#25 C:\\Users\\User\\OneDrive\\Documents\\Albert\\Appointment-Booking-System-master\\vendor\\laravel\\framework\\src\\Illuminate\\Pipeline\\Pipeline.php(169): Illuminate\\Foundation\\Http\\Kernel->Illuminate\\Foundation\\Http\\{closure}()
#26 C:\\Users\\User\\OneDrive\\Documents\\Albert\\Appointment-Booking-System-master\\vendor\\laravel\\framework\\src\\Illuminate\\Foundation\\Http\\Middleware\\TransformsRequest.php(21): Illuminate\\Pipeline\\Pipeline->Illuminate\\Pipeline\\{closure}()
#27 C:\\Users\\User\\OneDrive\\Documents\\Albert\\Appointment-Booking-System-master\\vendor\\laravel\\framework\\src\\Illuminate\\Foundation\\Http\\Middleware\\ConvertEmptyStringsToNull.php(31): Illuminate\\Foundation\\Http\\Middleware\\TransformsRequest->handle()
#28 C:\\Users\\User\\OneDrive\\Documents\\Albert\\Appointment-Booking-System-master\\vendor\\laravel\\framework\\src\\Illuminate\\Pipeline\\Pipeline.php(208): Illuminate\\Foundation\\Http\\Middleware\\ConvertEmptyStringsToNull->handle()
#29 C:\\Users\\User\\OneDrive\\Documents\\Albert\\Appointment-Booking-System-master\\vendor\\laravel\\framework\\src\\Illuminate\\Foundation\\Http\\Middleware\\TransformsRequest.php(21): Illuminate\\Pipeline\\Pipeline->Illuminate\\Pipeline\\{closure}()
#30 C:\\Users\\User\\OneDrive\\Documents\\Albert\\Appointment-Booking-System-master\\vendor\\laravel\\framework\\src\\Illuminate\\Foundation\\Http\\Middleware\\TrimStrings.php(51): Illuminate\\Foundation\\Http\\Middleware\\TransformsRequest->handle()
#31 C:\\Users\\User\\OneDrive\\Documents\\Albert\\Appointment-Booking-System-master\\vendor\\laravel\\framework\\src\\Illuminate\\Pipeline\\Pipeline.php(208): Illuminate\\Foundation\\Http\\Middleware\\TrimStrings->handle()
#32 C:\\Users\\User\\OneDrive\\Documents\\Albert\\Appointment-Booking-System-master\\vendor\\laravel\\framework\\src\\Illuminate\\Http\\Middleware\\ValidatePostSize.php(27): Illuminate\\Pipeline\\Pipeline->Illuminate\\Pipeline\\{closure}()
#33 C:\\Users\\User\\OneDrive\\Documents\\Albert\\Appointment-Booking-System-master\\vendor\\laravel\\framework\\src\\Illuminate\\Pipeline\\Pipeline.php(208): Illuminate\\Http\\Middleware\\ValidatePostSize->handle()
#34 C:\\Users\\User\\OneDrive\\Documents\\Albert\\Appointment-Booking-System-master\\vendor\\laravel\\framework\\src\\Illuminate\\Foundation\\Http\\Middleware\\PreventRequestsDuringMaintenance.php(109): Illuminate\\Pipeline\\Pipeline->Illuminate\\Pipeline\\{closure}()
#35 C:\\Users\\User\\OneDrive\\Documents\\Albert\\Appointment-Booking-System-master\\vendor\\laravel\\framework\\src\\Illuminate\\Pipeline\\Pipeline.php(208): Illuminate\\Foundation\\Http\\Middleware\\PreventRequestsDuringMaintenance->handle()
#36 C:\\Users\\User\\OneDrive\\Documents\\Albert\\Appointment-Booking-System-master\\vendor\\laravel\\framework\\src\\Illuminate\\Http\\Middleware\\HandleCors.php(48): Illuminate\\Pipeline\\Pipeline->Illuminate\\Pipeline\\{closure}()
#37 C:\\Users\\User\\OneDrive\\Documents\\Albert\\Appointment-Booking-System-master\\vendor\\laravel\\framework\\src\\Illuminate\\Pipeline\\Pipeline.php(208): Illuminate\\Http\\Middleware\\HandleCors->handle()
#38 C:\\Users\\User\\OneDrive\\Documents\\Albert\\Appointment-Booking-System-master\\vendor\\laravel\\framework\\src\\Illuminate\\Http\\Middleware\\TrustProxies.php(58): Illuminate\\Pipeline\\Pipeline->Illuminate\\Pipeline\\{closure}()
#39 C:\\Users\\User\\OneDrive\\Documents\\Albert\\Appointment-Booking-System-master\\vendor\\laravel\\framework\\src\\Illuminate\\Pipeline\\Pipeline.php(208): Illuminate\\Http\\Middleware\\TrustProxies->handle()
#40 C:\\Users\\User\\OneDrive\\Documents\\Albert\\Appointment-Booking-System-master\\vendor\\laravel\\framework\\src\\Illuminate\\Foundation\\Http\\Middleware\\InvokeDeferredCallbacks.php(22): Illuminate\\Pipeline\\Pipeline->Illuminate\\Pipeline\\{closure}()
#41 C:\\Users\\User\\OneDrive\\Documents\\Albert\\Appointment-Booking-System-master\\vendor\\laravel\\framework\\src\\Illuminate\\Pipeline\\Pipeline.php(208): Illuminate\\Foundation\\Http\\Middleware\\InvokeDeferredCallbacks->handle()
#42 C:\\Users\\User\\OneDrive\\Documents\\Albert\\Appointment-Booking-System-master\\vendor\\laravel\\framework\\src\\Illuminate\\Http\\Middleware\\ValidatePathEncoding.php(26): Illuminate\\Pipeline\\Pipeline->Illuminate\\Pipeline\\{closure}()
#43 C:\\Users\\User\\OneDrive\\Documents\\Albert\\Appointment-Booking-System-master\\vendor\\laravel\\framework\\src\\Illuminate\\Pipeline\\Pipeline.php(208): Illuminate\\Http\\Middleware\\ValidatePathEncoding->handle()
#44 C:\\Users\\User\\OneDrive\\Documents\\Albert\\Appointment-Booking-System-master\\vendor\\laravel\\framework\\src\\Illuminate\\Pipeline\\Pipeline.php(126): Illuminate\\Pipeline\\Pipeline->Illuminate\\Pipeline\\{closure}()
#45 C:\\Users\\User\\OneDrive\\Documents\\Albert\\Appointment-Booking-System-master\\vendor\\laravel\\framework\\src\\Illuminate\\Foundation\\Http\\Kernel.php(175): Illuminate\\Pipeline\\Pipeline->then()
#46 C:\\Users\\User\\OneDrive\\Documents\\Albert\\Appointment-Booking-System-master\\vendor\\laravel\\framework\\src\\Illuminate\\Foundation\\Http\\Kernel.php(144): Illuminate\\Foundation\\Http\\Kernel->sendRequestThroughRouter()
#47 C:\\Users\\User\\OneDrive\\Documents\\Albert\\Appointment-Booking-System-master\\vendor\\laravel\\framework\\src\\Illuminate\\Foundation\\Testing\\Concerns\\MakesHttpRequests.php(607): Illuminate\\Foundation\\Http\\Kernel->handle()
#48 C:\\Users\\User\\OneDrive\\Documents\\Albert\\Appointment-Booking-System-master\\vendor\\laravel\\framework\\src\\Illuminate\\Foundation\\Testing\\Concerns\\MakesHttpRequests.php(368): Illuminate\\Foundation\\Testing\\TestCase->call()
#49 C:\\Users\\User\\OneDrive\\Documents\\Albert\\Appointment-Booking-System-master\\tests\\Feature\\Auth\\RegistrationTest.php(14): Illuminate\\Foundation\\Testing\\TestCase->get()
#50 C:\\Users\\User\\OneDrive\\Documents\\Albert\\Appointment-Booking-System-master\\vendor\\phpunit\\phpunit\\src\\Framework\\TestCase.php(1656): Tests\\Feature\\Auth\\RegistrationTest->test_registration_screen_can_be_rendered()
#51 C:\\Users\\User\\OneDrive\\Documents\\Albert\\Appointment-Booking-System-master\\vendor\\phpunit\\phpunit\\src\\Framework\\TestCase.php(514): PHPUnit\\Framework\\TestCase->runTest()
#52 C:\\Users\\User\\OneDrive\\Documents\\Albert\\Appointment-Booking-System-master\\vendor\\phpunit\\phpunit\\src\\Framework\\TestRunner\\TestRunner.php(87): PHPUnit\\Framework\\TestCase->runBare()
#53 C:\\Users\\User\\OneDrive\\Documents\\Albert\\Appointment-Booking-System-master\\vendor\\phpunit\\phpunit\\src\\Framework\\TestCase.php(361): PHPUnit\\Framework\\TestRunner->run()
#54 C:\\Users\\User\\OneDrive\\Documents\\Albert\\Appointment-Booking-System-master\\vendor\\phpunit\\phpunit\\src\\Framework\\TestSuite.php(369): PHPUnit\\Framework\\TestCase->run()
#55 C:\\Users\\User\\OneDrive\\Documents\\Albert\\Appointment-Booking-System-master\\vendor\\phpunit\\phpunit\\src\\Framework\\TestSuite.php(369): PHPUnit\\Framework\\TestSuite->run()
#56 C:\\Users\\User\\OneDrive\\Documents\\Albert\\Appointment-Booking-System-master\\vendor\\phpunit\\phpunit\\src\\Framework\\TestSuite.php(369): PHPUnit\\Framework\\TestSuite->run()
#57 C:\\Users\\User\\OneDrive\\Documents\\Albert\\Appointment-Booking-System-master\\vendor\\phpunit\\phpunit\\src\\TextUI\\TestRunner.php(64): PHPUnit\\Framework\\TestSuite->run()
#58 C:\\Users\\User\\OneDrive\\Documents\\Albert\\Appointment-Booking-System-master\\vendor\\phpunit\\phpunit\\src\\TextUI\\Application.php(210): PHPUnit\\TextUI\\TestRunner->run()
#59 C:\\Users\\User\\OneDrive\\Documents\\Albert\\Appointment-Booking-System-master\\vendor\\phpunit\\phpunit\\phpunit(104): PHPUnit\\TextUI\\Application->run()
#60 C:\\Users\\User\\OneDrive\\Documents\\Albert\\Appointment-Booking-System-master\\vendor\\bin\\phpunit(122): include('...')
#61 {main}
"} 
[2026-05-22 16:57:19] testing.ERROR: Target class [App\Http\Middleware\RedirectIfPatientAuthenticated] does not exist. {"exception":"[object] (Illuminate\\Contracts\\Container\\BindingResolutionException(code: 0): Target class [App\\Http\\Middleware\\RedirectIfPatientAuthenticated] does not exist. at C:\\Users\\User\\OneDrive\\Documents\\Albert\\Appointment-Booking-System-master\\vendor\\laravel\\framework\\src\\Illuminate\\Container\\Container.php:1019)
[stacktrace]
#0 C:\\Users\\User\\OneDrive\\Documents\\Albert\\Appointment-Booking-System-master\\vendor\\laravel\\framework\\src\\Illuminate\\Container\\Container.php(890): Illuminate\\Container\\Container->build()
#1 C:\\Users\\User\\OneDrive\\Documents\\Albert\\Appointment-Booking-System-master\\vendor\\laravel\\framework\\src\\Illuminate\\Foundation\\Application.php(1077): Illuminate\\Container\\Container->resolve()
#2 C:\\Users\\User\\OneDrive\\Documents\\Albert\\Appointment-Booking-System-master\\vendor\\laravel\\framework\\src\\Illuminate\\Container\\Container.php(821): Illuminate\\Foundation\\Application->resolve()
#3 C:\\Users\\User\\OneDrive\\Documents\\Albert\\Appointment-Booking-System-master\\vendor\\laravel\\framework\\src\\Illuminate\\Foundation\\Application.php(1057): Illuminate\\Container\\Container->make()
#4 C:\\Users\\User\\OneDrive\\Documents\\Albert\\Appointment-Booking-System-master\\vendor\\laravel\\framework\\src\\Illuminate\\Pipeline\\Pipeline.php(197): Illuminate\\Foundation\\Application->make()
#5 C:\\Users\\User\\OneDrive\\Documents\\Albert\\Appointment-Booking-System-master\\vendor\\laravel\\framework\\src\\Illuminate\\Routing\\Middleware\\SubstituteBindings.php(50): Illuminate\\Pipeline\\Pipeline->Illuminate\\Pipeline\\{closure}()
#6 C:\\Users\\User\\OneDrive\\Documents\\Albert\\Appointment-Booking-System-master\\vendor\\laravel\\framework\\src\\Illuminate\\Pipeline\\Pipeline.php(208): Illuminate\\Routing\\Middleware\\SubstituteBindings->handle()
#7 C:\\Users\\User\\OneDrive\\Documents\\Albert\\Appointment-Booking-System-master\\vendor\\laravel\\framework\\src\\Illuminate\\Foundation\\Http\\Middleware\\VerifyCsrfToken.php(87): Illuminate\\Pipeline\\Pipeline->Illuminate\\Pipeline\\{closure}()
#8 C:\\Users\\User\\OneDrive\\Documents\\Albert\\Appointment-Booking-System-master\\vendor\\laravel\\framework\\src\\Illuminate\\Pipeline\\Pipeline.php(208): Illuminate\\Foundation\\Http\\Middleware\\VerifyCsrfToken->handle()
#9 C:\\Users\\User\\OneDrive\\Documents\\Albert\\Appointment-Booking-System-master\\vendor\\laravel\\framework\\src\\Illuminate\\View\\Middleware\\ShareErrorsFromSession.php(48): Illuminate\\Pipeline\\Pipeline->Illuminate\\Pipeline\\{closure}()
#10 C:\\Users\\User\\OneDrive\\Documents\\Albert\\Appointment-Booking-System-master\\vendor\\laravel\\framework\\src\\Illuminate\\Pipeline\\Pipeline.php(208): Illuminate\\View\\Middleware\\ShareErrorsFromSession->handle()
#11 C:\\Users\\User\\OneDrive\\Documents\\Albert\\Appointment-Booking-System-master\\vendor\\laravel\\framework\\src\\Illuminate\\Session\\Middleware\\StartSession.php(120): Illuminate\\Pipeline\\Pipeline->Illuminate\\Pipeline\\{closure}()
#12 C:\\Users\\User\\OneDrive\\Documents\\Albert\\Appointment-Booking-System-master\\vendor\\laravel\\framework\\src\\Illuminate\\Session\\Middleware\\StartSession.php(63): Illuminate\\Session\\Middleware\\StartSession->handleStatefulRequest()
#13 C:\\Users\\User\\OneDrive\\Documents\\Albert\\Appointment-Booking-System-master\\vendor\\laravel\\framework\\src\\Illuminate\\Pipeline\\Pipeline.php(208): Illuminate\\Session\\Middleware\\StartSession->handle()
#14 C:\\Users\\User\\OneDrive\\Documents\\Albert\\Appointment-Booking-System-master\\vendor\\laravel\\framework\\src\\Illuminate\\Cookie\\Middleware\\AddQueuedCookiesToResponse.php(36): Illuminate\\Pipeline\\Pipeline->Illuminate\\Pipeline\\{closure}()
#15 C:\\Users\\User\\OneDrive\\Documents\\Albert\\Appointment-Booking-System-master\\vendor\\laravel\\framework\\src\\Illuminate\\Pipeline\\Pipeline.php(208): Illuminate\\Cookie\\Middleware\\AddQueuedCookiesToResponse->handle()
#16 C:\\Users\\User\\OneDrive\\Documents\\Albert\\Appointment-Booking-System-master\\vendor\\laravel\\framework\\src\\Illuminate\\Cookie\\Middleware\\EncryptCookies.php(74): Illuminate\\Pipeline\\Pipeline->Illuminate\\Pipeline\\{closure}()
#17 C:\\Users\\User\\OneDrive\\Documents\\Albert\\Appointment-Booking-System-master\\vendor\\laravel\\framework\\src\\Illuminate\\Pipeline\\Pipeline.php(208): Illuminate\\Cookie\\Middleware\\EncryptCookies->handle()
#18 C:\\Users\\User\\OneDrive\\Documents\\Albert\\Appointment-Booking-System-master\\vendor\\laravel\\framework\\src\\Illuminate\\Pipeline\\Pipeline.php(126): Illuminate\\Pipeline\\Pipeline->Illuminate\\Pipeline\\{closure}()
#19 C:\\Users\\User\\OneDrive\\Documents\\Albert\\Appointment-Booking-System-master\\vendor\\laravel\\framework\\src\\Illuminate\\Routing\\Router.php(807): Illuminate\\Pipeline\\Pipeline->then()
#20 C:\\Users\\User\\OneDrive\\Documents\\Albert\\Appointment-Booking-System-master\\vendor\\laravel\\framework\\src\\Illuminate\\Routing\\Router.php(786): Illuminate\\Routing\\Router->runRouteWithinStack()
#21 C:\\Users\\User\\OneDrive\\Documents\\Albert\\Appointment-Booking-System-master\\vendor\\laravel\\framework\\src\\Illuminate\\Routing\\Router.php(750): Illuminate\\Routing\\Router->runRoute()
#22 C:\\Users\\User\\OneDrive\\Documents\\Albert\\Appointment-Booking-System-master\\vendor\\laravel\\framework\\src\\Illuminate\\Routing\\Router.php(739): Illuminate\\Routing\\Router->dispatchToRoute()
#23 C:\\Users\\User\\OneDrive\\Documents\\Albert\\Appointment-Booking-System-master\\vendor\\laravel\\framework\\src\\Illuminate\\Foundation\\Http\\Kernel.php(200): Illuminate\\Routing\\Router->dispatch()
#24 C:\\Users\\User\\OneDrive\\Documents\\Albert\\Appointment-Booking-System-master\\vendor\\laravel\\framework\\src\\Illuminate\\Pipeline\\Pipeline.php(169): Illuminate\\Foundation\\Http\\Kernel->Illuminate\\Foundation\\Http\\{closure}()
#25 C:\\Users\\User\\OneDrive\\Documents\\Albert\\Appointment-Booking-System-master\\vendor\\laravel\\framework\\src\\Illuminate\\Foundation\\Http\\Middleware\\TransformsRequest.php(21): Illuminate\\Pipeline\\Pipeline->Illuminate\\Pipeline\\{closure}()
#26 C:\\Users\\User\\OneDrive\\Documents\\Albert\\Appointment-Booking-System-master\\vendor\\laravel\\framework\\src\\Illuminate\\Foundation\\Http\\Middleware\\ConvertEmptyStringsToNull.php(31): Illuminate\\Foundation\\Http\\Middleware\\TransformsRequest->handle()
#27 C:\\Users\\User\\OneDrive\\Documents\\Albert\\Appointment-Booking-System-master\\vendor\\laravel\\framework\\src\\Illuminate\\Pipeline\\Pipeline.php(208): Illuminate\\Foundation\\Http\\Middleware\\ConvertEmptyStringsToNull->handle()
#28 C:\\Users\\User\\OneDrive\\Documents\\Albert\\Appointment-Booking-System-master\\vendor\\laravel\\framework\\src\\Illuminate\\Foundation\\Http\\Middleware\\TransformsRequest.php(21): Illuminate\\Pipeline\\Pipeline->Illuminate\\Pipeline\\{closure}()
#29 C:\\Users\\User\\OneDrive\\Documents\\Albert\\Appointment-Booking-System-master\\vendor\\laravel\\framework\\src\\Illuminate\\Foundation\\Http\\Middleware\\TrimStrings.php(51): Illuminate\\Foundation\\Http\\Middleware\\TransformsRequest->handle()
#30 C:\\Users\\User\\OneDrive\\Documents\\Albert\\Appointment-Booking-System-master\\vendor\\laravel\\framework\\src\\Illuminate\\Pipeline\\Pipeline.php(208): Illuminate\\Foundation\\Http\\Middleware\\TrimStrings->handle()
#31 C:\\Users\\User\\OneDrive\\Documents\\Albert\\Appointment-Booking-System-master\\vendor\\laravel\\framework\\src\\Illuminate\\Http\\Middleware\\ValidatePostSize.php(27): Illuminate\\Pipeline\\Pipeline->Illuminate\\Pipeline\\{closure}()
#32 C:\\Users\\User\\OneDrive\\Documents\\Albert\\Appointment-Booking-System-master\\vendor\\laravel\\framework\\src\\Illuminate\\Pipeline\\Pipeline.php(208): Illuminate\\Http\\Middleware\\ValidatePostSize->handle()
#33 C:\\Users\\User\\OneDrive\\Documents\\Albert\\Appointment-Booking-System-master\\vendor\\laravel\\framework\\src\\Illuminate\\Foundation\\Http\\Middleware\\PreventRequestsDuringMaintenance.php(109): Illuminate\\Pipeline\\Pipeline->Illuminate\\Pipeline\\{closure}()
#34 C:\\Users\\User\\OneDrive\\Documents\\Albert\\Appointment-Booking-System-master\\vendor\\laravel\\framework\\src\\Illuminate\\Pipeline\\Pipeline.php(208): Illuminate\\Foundation\\Http\\Middleware\\PreventRequestsDuringMaintenance->handle()
#35 C:\\Users\\User\\OneDrive\\Documents\\Albert\\Appointment-Booking-System-master\\vendor\\laravel\\framework\\src\\Illuminate\\Http\\Middleware\\HandleCors.php(48): Illuminate\\Pipeline\\Pipeline->Illuminate\\Pipeline\\{closure}()
#36 C:\\Users\\User\\OneDrive\\Documents\\Albert\\Appointment-Booking-System-master\\vendor\\laravel\\framework\\src\\Illuminate\\Pipeline\\Pipeline.php(208): Illuminate\\Http\\Middleware\\HandleCors->handle()
#37 C:\\Users\\User\\OneDrive\\Documents\\Albert\\Appointment-Booking-System-master\\vendor\\laravel\\framework\\src\\Illuminate\\Http\\Middleware\\TrustProxies.php(58): Illuminate\\Pipeline\\Pipeline->Illuminate\\Pipeline\\{closure}()
#38 C:\\Users\\User\\OneDrive\\Documents\\Albert\\Appointment-Booking-System-master\\vendor\\laravel\\framework\\src\\Illuminate\\Pipeline\\Pipeline.php(208): Illuminate\\Http\\Middleware\\TrustProxies->handle()
#39 C:\\Users\\User\\OneDrive\\Documents\\Albert\\Appointment-Booking-System-master\\vendor\\laravel\\framework\\src\\Illuminate\\Foundation\\Http\\Middleware\\InvokeDeferredCallbacks.php(22): Illuminate\\Pipeline\\Pipeline->Illuminate\\Pipeline\\{closure}()
#40 C:\\Users\\User\\OneDrive\\Documents\\Albert\\Appointment-Booking-System-master\\vendor\\laravel\\framework\\src\\Illuminate\\Pipeline\\Pipeline.php(208): Illuminate\\Foundation\\Http\\Middleware\\InvokeDeferredCallbacks->handle()
#41 C:\\Users\\User\\OneDrive\\Documents\\Albert\\Appointment-Booking-System-master\\vendor\\laravel\\framework\\src\\Illuminate\\Http\\Middleware\\ValidatePathEncoding.php(26): Illuminate\\Pipeline\\Pipeline->Illuminate\\Pipeline\\{closure}()
#42 C:\\Users\\User\\OneDrive\\Documents\\Albert\\Appointment-Booking-System-master\\vendor\\laravel\\framework\\src\\Illuminate\\Pipeline\\Pipeline.php(208): Illuminate\\Http\\Middleware\\ValidatePathEncoding->handle()
#43 C:\\Users\\User\\OneDrive\\Documents\\Albert\\Appointment-Booking-System-master\\vendor\\laravel\\framework\\src\\Illuminate\\Pipeline\\Pipeline.php(126): Illuminate\\Pipeline\\Pipeline->Illuminate\\Pipeline\\{closure}()
#44 C:\\Users\\User\\OneDrive\\Documents\\Albert\\Appointment-Booking-System-master\\vendor\\laravel\\framework\\src\\Illuminate\\Foundation\\Http\\Kernel.php(175): Illuminate\\Pipeline\\Pipeline->then()
#45 C:\\Users\\User\\OneDrive\\Documents\\Albert\\Appointment-Booking-System-master\\vendor\\laravel\\framework\\src\\Illuminate\\Foundation\\Http\\Kernel.php(144): Illuminate\\Foundation\\Http\\Kernel->sendRequestThroughRouter()
#46 C:\\Users\\User\\OneDrive\\Documents\\Albert\\Appointment-Booking-System-master\\vendor\\laravel\\framework\\src\\Illuminate\\Foundation\\Testing\\Concerns\\MakesHttpRequests.php(607): Illuminate\\Foundation\\Http\\Kernel->handle()
#47 C:\\Users\\User\\OneDrive\\Documents\\Albert\\Appointment-Booking-System-master\\vendor\\laravel\\framework\\src\\Illuminate\\Foundation\\Testing\\Concerns\\MakesHttpRequests.php(397): Illuminate\\Foundation\\Testing\\TestCase->call()
#48 C:\\Users\\User\\OneDrive\\Documents\\Albert\\Appointment-Booking-System-master\\tests\\Feature\\Auth\\RegistrationTest.php(21): Illuminate\\Foundation\\Testing\\TestCase->post()
#49 C:\\Users\\User\\OneDrive\\Documents\\Albert\\Appointment-Booking-System-master\\vendor\\phpunit\\phpunit\\src\\Framework\\TestCase.php(1656): Tests\\Feature\\Auth\\RegistrationTest->test_new_users_can_register()
#50 C:\\Users\\User\\OneDrive\\Documents\\Albert\\Appointment-Booking-System-master\\vendor\\phpunit\\phpunit\\src\\Framework\\TestCase.php(514): PHPUnit\\Framework\\TestCase->runTest()
#51 C:\\Users\\User\\OneDrive\\Documents\\Albert\\Appointment-Booking-System-master\\vendor\\phpunit\\phpunit\\src\\Framework\\TestRunner\\TestRunner.php(87): PHPUnit\\Framework\\TestCase->runBare()
#52 C:\\Users\\User\\OneDrive\\Documents\\Albert\\Appointment-Booking-System-master\\vendor\\phpunit\\phpunit\\src\\Framework\\TestCase.php(361): PHPUnit\\Framework\\TestRunner->run()
#53 C:\\Users\\User\\OneDrive\\Documents\\Albert\\Appointment-Booking-System-master\\vendor\\phpunit\\phpunit\\src\\Framework\\TestSuite.php(369): PHPUnit\\Framework\\TestCase->run()
#54 C:\\Users\\User\\OneDrive\\Documents\\Albert\\Appointment-Booking-System-master\\vendor\\phpunit\\phpunit\\src\\Framework\\TestSuite.php(369): PHPUnit\\Framework\\TestSuite->run()
#55 C:\\Users\\User\\OneDrive\\Documents\\Albert\\Appointment-Booking-System-master\\vendor\\phpunit\\phpunit\\src\\Framework\\TestSuite.php(369): PHPUnit\\Framework\\TestSuite->run()
#56 C:\\Users\\User\\OneDrive\\Documents\\Albert\\Appointment-Booking-System-master\\vendor\\phpunit\\phpunit\\src\\TextUI\\TestRunner.php(64): PHPUnit\\Framework\\TestSuite->run()
#57 C:\\Users\\User\\OneDrive\\Documents\\Albert\\Appointment-Booking-System-master\\vendor\\phpunit\\phpunit\\src\\TextUI\\Application.php(210): PHPUnit\\TextUI\\TestRunner->run()
#58 C:\\Users\\User\\OneDrive\\Documents\\Albert\\Appointment-Booking-System-master\\vendor\\phpunit\\phpunit\\phpunit(104): PHPUnit\\TextUI\\Application->run()
#59 C:\\Users\\User\\OneDrive\\Documents\\Albert\\Appointment-Booking-System-master\\vendor\\bin\\phpunit(122): include('...')
#60 {main}

[previous exception] [object] (ReflectionException(code: -1): Class \"App\\Http\\Middleware\\RedirectIfPatientAuthenticated\" does not exist at C:\\Users\\User\\OneDrive\\Documents\\Albert\\Appointment-Booking-System-master\\vendor\\laravel\\framework\\src\\Illuminate\\Container\\Container.php:1017)
[stacktrace]
#0 C:\\Users\\User\\OneDrive\\Documents\\Albert\\Appointment-Booking-System-master\\vendor\\laravel\\framework\\src\\Illuminate\\Container\\Container.php(1017): ReflectionClass->__construct()
#1 C:\\Users\\User\\OneDrive\\Documents\\Albert\\Appointment-Booking-System-master\\vendor\\laravel\\framework\\src\\Illuminate\\Container\\Container.php(890): Illuminate\\Container\\Container->build()
#2 C:\\Users\\User\\OneDrive\\Documents\\Albert\\Appointment-Booking-System-master\\vendor\\laravel\\framework\\src\\Illuminate\\Foundation\\Application.php(1077): Illuminate\\Container\\Container->resolve()
#3 C:\\Users\\User\\OneDrive\\Documents\\Albert\\Appointment-Booking-System-master\\vendor\\laravel\\framework\\src\\Illuminate\\Container\\Container.php(821): Illuminate\\Foundation\\Application->resolve()
#4 C:\\Users\\User\\OneDrive\\Documents\\Albert\\Appointment-Booking-System-master\\vendor\\laravel\\framework\\src\\Illuminate\\Foundation\\Application.php(1057): Illuminate\\Container\\Container->make()
#5 C:\\Users\\User\\OneDrive\\Documents\\Albert\\Appointment-Booking-System-master\\vendor\\laravel\\framework\\src\\Illuminate\\Pipeline\\Pipeline.php(197): Illuminate\\Foundation\\Application->make()
#6 C:\\Users\\User\\OneDrive\\Documents\\Albert\\Appointment-Booking-System-master\\vendor\\laravel\\framework\\src\\Illuminate\\Routing\\Middleware\\SubstituteBindings.php(50): Illuminate\\Pipeline\\Pipeline->Illuminate\\Pipeline\\{closure}()
#7 C:\\Users\\User\\OneDrive\\Documents\\Albert\\Appointment-Booking-System-master\\vendor\\laravel\\framework\\src\\Illuminate\\Pipeline\\Pipeline.php(208): Illuminate\\Routing\\Middleware\\SubstituteBindings->handle()
#8 C:\\Users\\User\\OneDrive\\Documents\\Albert\\Appointment-Booking-System-master\\vendor\\laravel\\framework\\src\\Illuminate\\Foundation\\Http\\Middleware\\VerifyCsrfToken.php(87): Illuminate\\Pipeline\\Pipeline->Illuminate\\Pipeline\\{closure}()
#9 C:\\Users\\User\\OneDrive\\Documents\\Albert\\Appointment-Booking-System-master\\vendor\\laravel\\framework\\src\\Illuminate\\Pipeline\\Pipeline.php(208): Illuminate\\Foundation\\Http\\Middleware\\VerifyCsrfToken->handle()
#10 C:\\Users\\User\\OneDrive\\Documents\\Albert\\Appointment-Booking-System-master\\vendor\\laravel\\framework\\src\\Illuminate\\View\\Middleware\\ShareErrorsFromSession.php(48): Illuminate\\Pipeline\\Pipeline->Illuminate\\Pipeline\\{closure}()
#11 C:\\Users\\User\\OneDrive\\Documents\\Albert\\Appointment-Booking-System-master\\vendor\\laravel\\framework\\src\\Illuminate\\Pipeline\\Pipeline.php(208): Illuminate\\View\\Middleware\\ShareErrorsFromSession->handle()
#12 C:\\Users\\User\\OneDrive\\Documents\\Albert\\Appointment-Booking-System-master\\vendor\\laravel\\framework\\src\\Illuminate\\Session\\Middleware\\StartSession.php(120): Illuminate\\Pipeline\\Pipeline->Illuminate\\Pipeline\\{closure}()
#13 C:\\Users\\User\\OneDrive\\Documents\\Albert\\Appointment-Booking-System-master\\vendor\\laravel\\framework\\src\\Illuminate\\Session\\Middleware\\StartSession.php(63): Illuminate\\Session\\Middleware\\StartSession->handleStatefulRequest()
#14 C:\\Users\\User\\OneDrive\\Documents\\Albert\\Appointment-Booking-System-master\\vendor\\laravel\\framework\\src\\Illuminate\\Pipeline\\Pipeline.php(208): Illuminate\\Session\\Middleware\\StartSession->handle()
#15 C:\\Users\\User\\OneDrive\\Documents\\Albert\\Appointment-Booking-System-master\\vendor\\laravel\\framework\\src\\Illuminate\\Cookie\\Middleware\\AddQueuedCookiesToResponse.php(36): Illuminate\\Pipeline\\Pipeline->Illuminate\\Pipeline\\{closure}()
#16 C:\\Users\\User\\OneDrive\\Documents\\Albert\\Appointment-Booking-System-master\\vendor\\laravel\\framework\\src\\Illuminate\\Pipeline\\Pipeline.php(208): Illuminate\\Cookie\\Middleware\\AddQueuedCookiesToResponse->handle()
#17 C:\\Users\\User\\OneDrive\\Documents\\Albert\\Appointment-Booking-System-master\\vendor\\laravel\\framework\\src\\Illuminate\\Cookie\\Middleware\\EncryptCookies.php(74): Illuminate\\Pipeline\\Pipeline->Illuminate\\Pipeline\\{closure}()
#18 C:\\Users\\User\\OneDrive\\Documents\\Albert\\Appointment-Booking-System-master\\vendor\\laravel\\framework\\src\\Illuminate\\Pipeline\\Pipeline.php(208): Illuminate\\Cookie\\Middleware\\EncryptCookies->handle()
#19 C:\\Users\\User\\OneDrive\\Documents\\Albert\\Appointment-Booking-System-master\\vendor\\laravel\\framework\\src\\Illuminate\\Pipeline\\Pipeline.php(126): Illuminate\\Pipeline\\Pipeline->Illuminate\\Pipeline\\{closure}()
#20 C:\\Users\\User\\OneDrive\\Documents\\Albert\\Appointment-Booking-System-master\\vendor\\laravel\\framework\\src\\Illuminate\\Routing\\Router.php(807): Illuminate\\Pipeline\\Pipeline->then()
#21 C:\\Users\\User\\OneDrive\\Documents\\Albert\\Appointment-Booking-System-master\\vendor\\laravel\\framework\\src\\Illuminate\\Routing\\Router.php(786): Illuminate\\Routing\\Router->runRouteWithinStack()
#22 C:\\Users\\User\\OneDrive\\Documents\\Albert\\Appointment-Booking-System-master\\vendor\\laravel\\framework\\src\\Illuminate\\Routing\\Router.php(750): Illuminate\\Routing\\Router->runRoute()
#23 C:\\Users\\User\\OneDrive\\Documents\\Albert\\Appointment-Booking-System-master\\vendor\\laravel\\framework\\src\\Illuminate\\Routing\\Router.php(739): Illuminate\\Routing\\Router->dispatchToRoute()
#24 C:\\Users\\User\\OneDrive\\Documents\\Albert\\Appointment-Booking-System-master\\vendor\\laravel\\framework\\src\\Illuminate\\Foundation\\Http\\Kernel.php(200): Illuminate\\Routing\\Router->dispatch()
#25 C:\\Users\\User\\OneDrive\\Documents\\Albert\\Appointment-Booking-System-master\\vendor\\laravel\\framework\\src\\Illuminate\\Pipeline\\Pipeline.php(169): Illuminate\\Foundation\\Http\\Kernel->Illuminate\\Foundation\\Http\\{closure}()
#26 C:\\Users\\User\\OneDrive\\Documents\\Albert\\Appointment-Booking-System-master\\vendor\\laravel\\framework\\src\\Illuminate\\Foundation\\Http\\Middleware\\TransformsRequest.php(21): Illuminate\\Pipeline\\Pipeline->Illuminate\\Pipeline\\{closure}()
#27 C:\\Users\\User\\OneDrive\\Documents\\Albert\\Appointment-Booking-System-master\\vendor\\laravel\\framework\\src\\Illuminate\\Foundation\\Http\\Middleware\\ConvertEmptyStringsToNull.php(31): Illuminate\\Foundation\\Http\\Middleware\\TransformsRequest->handle()
#28 C:\\Users\\User\\OneDrive\\Documents\\Albert\\Appointment-Booking-System-master\\vendor\\laravel\\framework\\src\\Illuminate\\Pipeline\\Pipeline.php(208): Illuminate\\Foundation\\Http\\Middleware\\ConvertEmptyStringsToNull->handle()
#29 C:\\Users\\User\\OneDrive\\Documents\\Albert\\Appointment-Booking-System-master\\vendor\\laravel\\framework\\src\\Illuminate\\Foundation\\Http\\Middleware\\TransformsRequest.php(21): Illuminate\\Pipeline\\Pipeline->Illuminate\\Pipeline\\{closure}()
#30 C:\\Users\\User\\OneDrive\\Documents\\Albert\\Appointment-Booking-System-master\\vendor\\laravel\\framework\\src\\Illuminate\\Foundation\\Http\\Middleware\\TrimStrings.php(51): Illuminate\\Foundation\\Http\\Middleware\\TransformsRequest->handle()
#31 C:\\Users\\User\\OneDrive\\Documents\\Albert\\Appointment-Booking-System-master\\vendor\\laravel\\framework\\src\\Illuminate\\Pipeline\\Pipeline.php(208): Illuminate\\Foundation\\Http\\Middleware\\TrimStrings->handle()
#32 C:\\Users\\User\\OneDrive\\Documents\\Albert\\Appointment-Booking-System-master\\vendor\\laravel\\framework\\src\\Illuminate\\Http\\Middleware\\ValidatePostSize.php(27): Illuminate\\Pipeline\\Pipeline->Illuminate\\Pipeline\\{closure}()
#33 C:\\Users\\User\\OneDrive\\Documents\\Albert\\Appointment-Booking-System-master\\vendor\\laravel\\framework\\src\\Illuminate\\Pipeline\\Pipeline.php(208): Illuminate\\Http\\Middleware\\ValidatePostSize->handle()
#34 C:\\Users\\User\\OneDrive\\Documents\\Albert\\Appointment-Booking-System-master\\vendor\\laravel\\framework\\src\\Illuminate\\Foundation\\Http\\Middleware\\PreventRequestsDuringMaintenance.php(109): Illuminate\\Pipeline\\Pipeline->Illuminate\\Pipeline\\{closure}()
#35 C:\\Users\\User\\OneDrive\\Documents\\Albert\\Appointment-Booking-System-master\\vendor\\laravel\\framework\\src\\Illuminate\\Pipeline\\Pipeline.php(208): Illuminate\\Foundation\\Http\\Middleware\\PreventRequestsDuringMaintenance->handle()
#36 C:\\Users\\User\\OneDrive\\Documents\\Albert\\Appointment-Booking-System-master\\vendor\\laravel\\framework\\src\\Illuminate\\Http\\Middleware\\HandleCors.php(48): Illuminate\\Pipeline\\Pipeline->Illuminate\\Pipeline\\{closure}()
#37 C:\\Users\\User\\OneDrive\\Documents\\Albert\\Appointment-Booking-System-master\\vendor\\laravel\\framework\\src\\Illuminate\\Pipeline\\Pipeline.php(208): Illuminate\\Http\\Middleware\\HandleCors->handle()
#38 C:\\Users\\User\\OneDrive\\Documents\\Albert\\Appointment-Booking-System-master\\vendor\\laravel\\framework\\src\\Illuminate\\Http\\Middleware\\TrustProxies.php(58): Illuminate\\Pipeline\\Pipeline->Illuminate\\Pipeline\\{closure}()
#39 C:\\Users\\User\\OneDrive\\Documents\\Albert\\Appointment-Booking-System-master\\vendor\\laravel\\framework\\src\\Illuminate\\Pipeline\\Pipeline.php(208): Illuminate\\Http\\Middleware\\TrustProxies->handle()
#40 C:\\Users\\User\\OneDrive\\Documents\\Albert\\Appointment-Booking-System-master\\vendor\\laravel\\framework\\src\\Illuminate\\Foundation\\Http\\Middleware\\InvokeDeferredCallbacks.php(22): Illuminate\\Pipeline\\Pipeline->Illuminate\\Pipeline\\{closure}()
#41 C:\\Users\\User\\OneDrive\\Documents\\Albert\\Appointment-Booking-System-master\\vendor\\laravel\\framework\\src\\Illuminate\\Pipeline\\Pipeline.php(208): Illuminate\\Foundation\\Http\\Middleware\\InvokeDeferredCallbacks->handle()
#42 C:\\Users\\User\\OneDrive\\Documents\\Albert\\Appointment-Booking-System-master\\vendor\\laravel\\framework\\src\\Illuminate\\Http\\Middleware\\ValidatePathEncoding.php(26): Illuminate\\Pipeline\\Pipeline->Illuminate\\Pipeline\\{closure}()
#43 C:\\Users\\User\\OneDrive\\Documents\\Albert\\Appointment-Booking-System-master\\vendor\\laravel\\framework\\src\\Illuminate\\Pipeline\\Pipeline.php(208): Illuminate\\Http\\Middleware\\ValidatePathEncoding->handle()
#44 C:\\Users\\User\\OneDrive\\Documents\\Albert\\Appointment-Booking-System-master\\vendor\\laravel\\framework\\src\\Illuminate\\Pipeline\\Pipeline.php(126): Illuminate\\Pipeline\\Pipeline->Illuminate\\Pipeline\\{closure}()
#45 C:\\Users\\User\\OneDrive\\Documents\\Albert\\Appointment-Booking-System-master\\vendor\\laravel\\framework\\src\\Illuminate\\Foundation\\Http\\Kernel.php(175): Illuminate\\Pipeline\\Pipeline->then()
#46 C:\\Users\\User\\OneDrive\\Documents\\Albert\\Appointment-Booking-System-master\\vendor\\laravel\\framework\\src\\Illuminate\\Foundation\\Http\\Kernel.php(144): Illuminate\\Foundation\\Http\\Kernel->sendRequestThroughRouter()
#47 C:\\Users\\User\\OneDrive\\Documents\\Albert\\Appointment-Booking-System-master\\vendor\\laravel\\framework\\src\\Illuminate\\Foundation\\Testing\\Concerns\\MakesHttpRequests.php(607): Illuminate\\Foundation\\Http\\Kernel->handle()
#48 C:\\Users\\User\\OneDrive\\Documents\\Albert\\Appointment-Booking-System-master\\vendor\\laravel\\framework\\src\\Illuminate\\Foundation\\Testing\\Concerns\\MakesHttpRequests.php(397): Illuminate\\Foundation\\Testing\\TestCase->call()
#49 C:\\Users\\User\\OneDrive\\Documents\\Albert\\Appointment-Booking-System-master\\tests\\Feature\\Auth\\RegistrationTest.php(21): Illuminate\\Foundation\\Testing\\TestCase->post()
#50 C:\\Users\\User\\OneDrive\\Documents\\Albert\\Appointment-Booking-System-master\\vendor\\phpunit\\phpunit\\src\\Framework\\TestCase.php(1656): Tests\\Feature\\Auth\\RegistrationTest->test_new_users_can_register()
#51 C:\\Users\\User\\OneDrive\\Documents\\Albert\\Appointment-Booking-System-master\\vendor\\phpunit\\phpunit\\src\\Framework\\TestCase.php(514): PHPUnit\\Framework\\TestCase->runTest()
#52 C:\\Users\\User\\OneDrive\\Documents\\Albert\\Appointment-Booking-System-master\\vendor\\phpunit\\phpunit\\src\\Framework\\TestRunner\\TestRunner.php(87): PHPUnit\\Framework\\TestCase->runBare()
#53 C:\\Users\\User\\OneDrive\\Documents\\Albert\\Appointment-Booking-System-master\\vendor\\phpunit\\phpunit\\src\\Framework\\TestCase.php(361): PHPUnit\\Framework\\TestRunner->run()
#54 C:\\Users\\User\\OneDrive\\Documents\\Albert\\Appointment-Booking-System-master\\vendor\\phpunit\\phpunit\\src\\Framework\\TestSuite.php(369): PHPUnit\\Framework\\TestCase->run()
#55 C:\\Users\\User\\OneDrive\\Documents\\Albert\\Appointment-Booking-System-master\\vendor\\phpunit\\phpunit\\src\\Framework\\TestSuite.php(369): PHPUnit\\Framework\\TestSuite->run()
#56 C:\\Users\\User\\OneDrive\\Documents\\Albert\\Appointment-Booking-System-master\\vendor\\phpunit\\phpunit\\src\\Framework\\TestSuite.php(369): PHPUnit\\Framework\\TestSuite->run()
#57 C:\\Users\\User\\OneDrive\\Documents\\Albert\\Appointment-Booking-System-master\\vendor\\phpunit\\phpunit\\src\\TextUI\\TestRunner.php(64): PHPUnit\\Framework\\TestSuite->run()
#58 C:\\Users\\User\\OneDrive\\Documents\\Albert\\Appointment-Booking-System-master\\vendor\\phpunit\\phpunit\\src\\TextUI\\Application.php(210): PHPUnit\\TextUI\\TestRunner->run()
#59 C:\\Users\\User\\OneDrive\\Documents\\Albert\\Appointment-Booking-System-master\\vendor\\phpunit\\phpunit\\phpunit(104): PHPUnit\\TextUI\\Application->run()
#60 C:\\Users\\User\\OneDrive\\Documents\\Albert\\Appointment-Booking-System-master\\vendor\\bin\\phpunit(122): include('...')
#61 {main}
"} 
[2026-05-22 17:04:28] testing.ERROR: Target class [App\Http\Middleware\RedirectIfPatientAuthenticated] does not exist. {"exception":"[object] (Illuminate\\Contracts\\Container\\BindingResolutionException(code: 0): Target class [App\\Http\\Middleware\\RedirectIfPatientAuthenticated] does not exist. at C:\\Users\\User\\OneDrive\\Documents\\Albert\\Appointment-Booking-System-master\\vendor\\laravel\\framework\\src\\Illuminate\\Container\\Container.php:1019)
[stacktrace]
#0 C:\\Users\\User\\OneDrive\\Documents\\Albert\\Appointment-Booking-System-master\\vendor\\laravel\\framework\\src\\Illuminate\\Container\\Container.php(890): Illuminate\\Container\\Container->build()
#1 C:\\Users\\User\\OneDrive\\Documents\\Albert\\Appointment-Booking-System-master\\vendor\\laravel\\framework\\src\\Illuminate\\Foundation\\Application.php(1077): Illuminate\\Container\\Container->resolve()
#2 C:\\Users\\User\\OneDrive\\Documents\\Albert\\Appointment-Booking-System-master\\vendor\\laravel\\framework\\src\\Illuminate\\Container\\Container.php(821): Illuminate\\Foundation\\Application->resolve()
#3 C:\\Users\\User\\OneDrive\\Documents\\Albert\\Appointment-Booking-System-master\\vendor\\laravel\\framework\\src\\Illuminate\\Foundation\\Application.php(1057): Illuminate\\Container\\Container->make()
#4 C:\\Users\\User\\OneDrive\\Documents\\Albert\\Appointment-Booking-System-master\\vendor\\laravel\\framework\\src\\Illuminate\\Pipeline\\Pipeline.php(197): Illuminate\\Foundation\\Application->make()
#5 C:\\Users\\User\\OneDrive\\Documents\\Albert\\Appointment-Booking-System-master\\vendor\\laravel\\framework\\src\\Illuminate\\Routing\\Middleware\\SubstituteBindings.php(50): Illuminate\\Pipeline\\Pipeline->Illuminate\\Pipeline\\{closure}()
#6 C:\\Users\\User\\OneDrive\\Documents\\Albert\\Appointment-Booking-System-master\\vendor\\laravel\\framework\\src\\Illuminate\\Pipeline\\Pipeline.php(208): Illuminate\\Routing\\Middleware\\SubstituteBindings->handle()
#7 C:\\Users\\User\\OneDrive\\Documents\\Albert\\Appointment-Booking-System-master\\vendor\\laravel\\framework\\src\\Illuminate\\Foundation\\Http\\Middleware\\VerifyCsrfToken.php(87): Illuminate\\Pipeline\\Pipeline->Illuminate\\Pipeline\\{closure}()
#8 C:\\Users\\User\\OneDrive\\Documents\\Albert\\Appointment-Booking-System-master\\vendor\\laravel\\framework\\src\\Illuminate\\Pipeline\\Pipeline.php(208): Illuminate\\Foundation\\Http\\Middleware\\VerifyCsrfToken->handle()
#9 C:\\Users\\User\\OneDrive\\Documents\\Albert\\Appointment-Booking-System-master\\vendor\\laravel\\framework\\src\\Illuminate\\View\\Middleware\\ShareErrorsFromSession.php(48): Illuminate\\Pipeline\\Pipeline->Illuminate\\Pipeline\\{closure}()
#10 C:\\Users\\User\\OneDrive\\Documents\\Albert\\Appointment-Booking-System-master\\vendor\\laravel\\framework\\src\\Illuminate\\Pipeline\\Pipeline.php(208): Illuminate\\View\\Middleware\\ShareErrorsFromSession->handle()
#11 C:\\Users\\User\\OneDrive\\Documents\\Albert\\Appointment-Booking-System-master\\vendor\\laravel\\framework\\src\\Illuminate\\Session\\Middleware\\StartSession.php(120): Illuminate\\Pipeline\\Pipeline->Illuminate\\Pipeline\\{closure}()
#12 C:\\Users\\User\\OneDrive\\Documents\\Albert\\Appointment-Booking-System-master\\vendor\\laravel\\framework\\src\\Illuminate\\Session\\Middleware\\StartSession.php(63): Illuminate\\Session\\Middleware\\StartSession->handleStatefulRequest()
#13 C:\\Users\\User\\OneDrive\\Documents\\Albert\\Appointment-Booking-System-master\\vendor\\laravel\\framework\\src\\Illuminate\\Pipeline\\Pipeline.php(208): Illuminate\\Session\\Middleware\\StartSession->handle()
#14 C:\\Users\\User\\OneDrive\\Documents\\Albert\\Appointment-Booking-System-master\\vendor\\laravel\\framework\\src\\Illuminate\\Cookie\\Middleware\\AddQueuedCookiesToResponse.php(36): Illuminate\\Pipeline\\Pipeline->Illuminate\\Pipeline\\{closure}()
#15 C:\\Users\\User\\OneDrive\\Documents\\Albert\\Appointment-Booking-System-master\\vendor\\laravel\\framework\\src\\Illuminate\\Pipeline\\Pipeline.php(208): Illuminate\\Cookie\\Middleware\\AddQueuedCookiesToResponse->handle()
#16 C:\\Users\\User\\OneDrive\\Documents\\Albert\\Appointment-Booking-System-master\\vendor\\laravel\\framework\\src\\Illuminate\\Cookie\\Middleware\\EncryptCookies.php(74): Illuminate\\Pipeline\\Pipeline->Illuminate\\Pipeline\\{closure}()
#17 C:\\Users\\User\\OneDrive\\Documents\\Albert\\Appointment-Booking-System-master\\vendor\\laravel\\framework\\src\\Illuminate\\Pipeline\\Pipeline.php(208): Illuminate\\Cookie\\Middleware\\EncryptCookies->handle()
#18 C:\\Users\\User\\OneDrive\\Documents\\Albert\\Appointment-Booking-System-master\\vendor\\laravel\\framework\\src\\Illuminate\\Pipeline\\Pipeline.php(126): Illuminate\\Pipeline\\Pipeline->Illuminate\\Pipeline\\{closure}()
#19 C:\\Users\\User\\OneDrive\\Documents\\Albert\\Appointment-Booking-System-master\\vendor\\laravel\\framework\\src\\Illuminate\\Routing\\Router.php(807): Illuminate\\Pipeline\\Pipeline->then()
#20 C:\\Users\\User\\OneDrive\\Documents\\Albert\\Appointment-Booking-System-master\\vendor\\laravel\\framework\\src\\Illuminate\\Routing\\Router.php(786): Illuminate\\Routing\\Router->runRouteWithinStack()
#21 C:\\Users\\User\\OneDrive\\Documents\\Albert\\Appointment-Booking-System-master\\vendor\\laravel\\framework\\src\\Illuminate\\Routing\\Router.php(750): Illuminate\\Routing\\Router->runRoute()
#22 C:\\Users\\User\\OneDrive\\Documents\\Albert\\Appointment-Booking-System-master\\vendor\\laravel\\framework\\src\\Illuminate\\Routing\\Router.php(739): Illuminate\\Routing\\Router->dispatchToRoute()
#23 C:\\Users\\User\\OneDrive\\Documents\\Albert\\Appointment-Booking-System-master\\vendor\\laravel\\framework\\src\\Illuminate\\Foundation\\Http\\Kernel.php(200): Illuminate\\Routing\\Router->dispatch()
#24 C:\\Users\\User\\OneDrive\\Documents\\Albert\\Appointment-Booking-System-master\\vendor\\laravel\\framework\\src\\Illuminate\\Pipeline\\Pipeline.php(169): Illuminate\\Foundation\\Http\\Kernel->Illuminate\\Foundation\\Http\\{closure}()
#25 C:\\Users\\User\\OneDrive\\Documents\\Albert\\Appointment-Booking-System-master\\vendor\\laravel\\framework\\src\\Illuminate\\Foundation\\Http\\Middleware\\TransformsRequest.php(21): Illuminate\\Pipeline\\Pipeline->Illuminate\\Pipeline\\{closure}()
#26 C:\\Users\\User\\OneDrive\\Documents\\Albert\\Appointment-Booking-System-master\\vendor\\laravel\\framework\\src\\Illuminate\\Foundation\\Http\\Middleware\\ConvertEmptyStringsToNull.php(31): Illuminate\\Foundation\\Http\\Middleware\\TransformsRequest->handle()
#27 C:\\Users\\User\\OneDrive\\Documents\\Albert\\Appointment-Booking-System-master\\vendor\\laravel\\framework\\src\\Illuminate\\Pipeline\\Pipeline.php(208): Illuminate\\Foundation\\Http\\Middleware\\ConvertEmptyStringsToNull->handle()
#28 C:\\Users\\User\\OneDrive\\Documents\\Albert\\Appointment-Booking-System-master\\vendor\\laravel\\framework\\src\\Illuminate\\Foundation\\Http\\Middleware\\TransformsRequest.php(21): Illuminate\\Pipeline\\Pipeline->Illuminate\\Pipeline\\{closure}()
#29 C:\\Users\\User\\OneDrive\\Documents\\Albert\\Appointment-Booking-System-master\\vendor\\laravel\\framework\\src\\Illuminate\\Foundation\\Http\\Middleware\\TrimStrings.php(51): Illuminate\\Foundation\\Http\\Middleware\\TransformsRequest->handle()
#30 C:\\Users\\User\\OneDrive\\Documents\\Albert\\Appointment-Booking-System-master\\vendor\\laravel\\framework\\src\\Illuminate\\Pipeline\\Pipeline.php(208): Illuminate\\Foundation\\Http\\Middleware\\TrimStrings->handle()
#31 C:\\Users\\User\\OneDrive\\Documents\\Albert\\Appointment-Booking-System-master\\vendor\\laravel\\framework\\src\\Illuminate\\Http\\Middleware\\ValidatePostSize.php(27): Illuminate\\Pipeline\\Pipeline->Illuminate\\Pipeline\\{closure}()
#32 C:\\Users\\User\\OneDrive\\Documents\\Albert\\Appointment-Booking-System-master\\vendor\\laravel\\framework\\src\\Illuminate\\Pipeline\\Pipeline.php(208): Illuminate\\Http\\Middleware\\ValidatePostSize->handle()
#33 C:\\Users\\User\\OneDrive\\Documents\\Albert\\Appointment-Booking-System-master\\vendor\\laravel\\framework\\src\\Illuminate\\Foundation\\Http\\Middleware\\PreventRequestsDuringMaintenance.php(109): Illuminate\\Pipeline\\Pipeline->Illuminate\\Pipeline\\{closure}()
#34 C:\\Users\\User\\OneDrive\\Documents\\Albert\\Appointment-Booking-System-master\\vendor\\laravel\\framework\\src\\Illuminate\\Pipeline\\Pipeline.php(208): Illuminate\\Foundation\\Http\\Middleware\\PreventRequestsDuringMaintenance->handle()
#35 C:\\Users\\User\\OneDrive\\Documents\\Albert\\Appointment-Booking-System-master\\vendor\\laravel\\framework\\src\\Illuminate\\Http\\Middleware\\HandleCors.php(48): Illuminate\\Pipeline\\Pipeline->Illuminate\\Pipeline\\{closure}()
#36 C:\\Users\\User\\OneDrive\\Documents\\Albert\\Appointment-Booking-System-master\\vendor\\laravel\\framework\\src\\Illuminate\\Pipeline\\Pipeline.php(208): Illuminate\\Http\\Middleware\\HandleCors->handle()
#37 C:\\Users\\User\\OneDrive\\Documents\\Albert\\Appointment-Booking-System-master\\vendor\\laravel\\framework\\src\\Illuminate\\Http\\Middleware\\TrustProxies.php(58): Illuminate\\Pipeline\\Pipeline->Illuminate\\Pipeline\\{closure}()
#38 C:\\Users\\User\\OneDrive\\Documents\\Albert\\Appointment-Booking-System-master\\vendor\\laravel\\framework\\src\\Illuminate\\Pipeline\\Pipeline.php(208): Illuminate\\Http\\Middleware\\TrustProxies->handle()
#39 C:\\Users\\User\\OneDrive\\Documents\\Albert\\Appointment-Booking-System-master\\vendor\\laravel\\framework\\src\\Illuminate\\Foundation\\Http\\Middleware\\InvokeDeferredCallbacks.php(22): Illuminate\\Pipeline\\Pipeline->Illuminate\\Pipeline\\{closure}()
#40 C:\\Users\\User\\OneDrive\\Documents\\Albert\\Appointment-Booking-System-master\\vendor\\laravel\\framework\\src\\Illuminate\\Pipeline\\Pipeline.php(208): Illuminate\\Foundation\\Http\\Middleware\\InvokeDeferredCallbacks->handle()
#41 C:\\Users\\User\\OneDrive\\Documents\\Albert\\Appointment-Booking-System-master\\vendor\\laravel\\framework\\src\\Illuminate\\Http\\Middleware\\ValidatePathEncoding.php(26): Illuminate\\Pipeline\\Pipeline->Illuminate\\Pipeline\\{closure}()
#42 C:\\Users\\User\\OneDrive\\Documents\\Albert\\Appointment-Booking-System-master\\vendor\\laravel\\framework\\src\\Illuminate\\Pipeline\\Pipeline.php(208): Illuminate\\Http\\Middleware\\ValidatePathEncoding->handle()
#43 C:\\Users\\User\\OneDrive\\Documents\\Albert\\Appointment-Booking-System-master\\vendor\\laravel\\framework\\src\\Illuminate\\Pipeline\\Pipeline.php(126): Illuminate\\Pipeline\\Pipeline->Illuminate\\Pipeline\\{closure}()
#44 C:\\Users\\User\\OneDrive\\Documents\\Albert\\Appointment-Booking-System-master\\vendor\\laravel\\framework\\src\\Illuminate\\Foundation\\Http\\Kernel.php(175): Illuminate\\Pipeline\\Pipeline->then()
#45 C:\\Users\\User\\OneDrive\\Documents\\Albert\\Appointment-Booking-System-master\\vendor\\laravel\\framework\\src\\Illuminate\\Foundation\\Http\\Kernel.php(144): Illuminate\\Foundation\\Http\\Kernel->sendRequestThroughRouter()
#46 C:\\Users\\User\\OneDrive\\Documents\\Albert\\Appointment-Booking-System-master\\vendor\\laravel\\framework\\src\\Illuminate\\Foundation\\Testing\\Concerns\\MakesHttpRequests.php(607): Illuminate\\Foundation\\Http\\Kernel->handle()
#47 C:\\Users\\User\\OneDrive\\Documents\\Albert\\Appointment-Booking-System-master\\vendor\\laravel\\framework\\src\\Illuminate\\Foundation\\Testing\\Concerns\\MakesHttpRequests.php(368): Illuminate\\Foundation\\Testing\\TestCase->call()
#48 C:\\Users\\User\\OneDrive\\Documents\\Albert\\Appointment-Booking-System-master\\tests\\Feature\\Auth\\AuthenticationTest.php(15): Illuminate\\Foundation\\Testing\\TestCase->get()
#49 C:\\Users\\User\\OneDrive\\Documents\\Albert\\Appointment-Booking-System-master\\vendor\\phpunit\\phpunit\\src\\Framework\\TestCase.php(1656): Tests\\Feature\\Auth\\AuthenticationTest->test_login_screen_can_be_rendered()
#50 C:\\Users\\User\\OneDrive\\Documents\\Albert\\Appointment-Booking-System-master\\vendor\\phpunit\\phpunit\\src\\Framework\\TestCase.php(514): PHPUnit\\Framework\\TestCase->runTest()
#51 C:\\Users\\User\\OneDrive\\Documents\\Albert\\Appointment-Booking-System-master\\vendor\\phpunit\\phpunit\\src\\Framework\\TestRunner\\TestRunner.php(87): PHPUnit\\Framework\\TestCase->runBare()
#52 C:\\Users\\User\\OneDrive\\Documents\\Albert\\Appointment-Booking-System-master\\vendor\\phpunit\\phpunit\\src\\Framework\\TestCase.php(361): PHPUnit\\Framework\\TestRunner->run()
#53 C:\\Users\\User\\OneDrive\\Documents\\Albert\\Appointment-Booking-System-master\\vendor\\phpunit\\phpunit\\src\\Framework\\TestSuite.php(369): PHPUnit\\Framework\\TestCase->run()
#54 C:\\Users\\User\\OneDrive\\Documents\\Albert\\Appointment-Booking-System-master\\vendor\\phpunit\\phpunit\\src\\Framework\\TestSuite.php(369): PHPUnit\\Framework\\TestSuite->run()
#55 C:\\Users\\User\\OneDrive\\Documents\\Albert\\Appointment-Booking-System-master\\vendor\\phpunit\\phpunit\\src\\Framework\\TestSuite.php(369): PHPUnit\\Framework\\TestSuite->run()
#56 C:\\Users\\User\\OneDrive\\Documents\\Albert\\Appointment-Booking-System-master\\vendor\\phpunit\\phpunit\\src\\TextUI\\TestRunner.php(64): PHPUnit\\Framework\\TestSuite->run()
#57 C:\\Users\\User\\OneDrive\\Documents\\Albert\\Appointment-Booking-System-master\\vendor\\phpunit\\phpunit\\src\\TextUI\\Application.php(210): PHPUnit\\TextUI\\TestRunner->run()
#58 C:\\Users\\User\\OneDrive\\Documents\\Albert\\Appointment-Booking-System-master\\vendor\\phpunit\\phpunit\\phpunit(104): PHPUnit\\TextUI\\Application->run()
#59 C:\\Users\\User\\OneDrive\\Documents\\Albert\\Appointment-Booking-System-master\\vendor\\bin\\phpunit(122): include('...')
#60 {main}

[previous exception] [object] (ReflectionException(code: -1): Class \"App\\Http\\Middleware\\RedirectIfPatientAuthenticated\" does not exist at C:\\Users\\User\\OneDrive\\Documents\\Albert\\Appointment-Booking-System-master\\vendor\\laravel\\framework\\src\\Illuminate\\Container\\Container.php:1017)
[stacktrace]
#0 C:\\Users\\User\\OneDrive\\Documents\\Albert\\Appointment-Booking-System-master\\vendor\\laravel\\framework\\src\\Illuminate\\Container\\Container.php(1017): ReflectionClass->__construct()
#1 C:\\Users\\User\\OneDrive\\Documents\\Albert\\Appointment-Booking-System-master\\vendor\\laravel\\framework\\src\\Illuminate\\Container\\Container.php(890): Illuminate\\Container\\Container->build()
#2 C:\\Users\\User\\OneDrive\\Documents\\Albert\\Appointment-Booking-System-master\\vendor\\laravel\\framework\\src\\Illuminate\\Foundation\\Application.php(1077): Illuminate\\Container\\Container->resolve()
#3 C:\\Users\\User\\OneDrive\\Documents\\Albert\\Appointment-Booking-System-master\\vendor\\laravel\\framework\\src\\Illuminate\\Container\\Container.php(821): Illuminate\\Foundation\\Application->resolve()
#4 C:\\Users\\User\\OneDrive\\Documents\\Albert\\Appointment-Booking-System-master\\vendor\\laravel\\framework\\src\\Illuminate\\Foundation\\Application.php(1057): Illuminate\\Container\\Container->make()
#5 C:\\Users\\User\\OneDrive\\Documents\\Albert\\Appointment-Booking-System-master\\vendor\\laravel\\framework\\src\\Illuminate\\Pipeline\\Pipeline.php(197): Illuminate\\Foundation\\Application->make()
#6 C:\\Users\\User\\OneDrive\\Documents\\Albert\\Appointment-Booking-System-master\\vendor\\laravel\\framework\\src\\Illuminate\\Routing\\Middleware\\SubstituteBindings.php(50): Illuminate\\Pipeline\\Pipeline->Illuminate\\Pipeline\\{closure}()
#7 C:\\Users\\User\\OneDrive\\Documents\\Albert\\Appointment-Booking-System-master\\vendor\\laravel\\framework\\src\\Illuminate\\Pipeline\\Pipeline.php(208): Illuminate\\Routing\\Middleware\\SubstituteBindings->handle()
#8 C:\\Users\\User\\OneDrive\\Documents\\Albert\\Appointment-Booking-System-master\\vendor\\laravel\\framework\\src\\Illuminate\\Foundation\\Http\\Middleware\\VerifyCsrfToken.php(87): Illuminate\\Pipeline\\Pipeline->Illuminate\\Pipeline\\{closure}()
#9 C:\\Users\\User\\OneDrive\\Documents\\Albert\\Appointment-Booking-System-master\\vendor\\laravel\\framework\\src\\Illuminate\\Pipeline\\Pipeline.php(208): Illuminate\\Foundation\\Http\\Middleware\\VerifyCsrfToken->handle()
#10 C:\\Users\\User\\OneDrive\\Documents\\Albert\\Appointment-Booking-System-master\\vendor\\laravel\\framework\\src\\Illuminate\\View\\Middleware\\ShareErrorsFromSession.php(48): Illuminate\\Pipeline\\Pipeline->Illuminate\\Pipeline\\{closure}()
#11 C:\\Users\\User\\OneDrive\\Documents\\Albert\\Appointment-Booking-System-master\\vendor\\laravel\\framework\\src\\Illuminate\\Pipeline\\Pipeline.php(208): Illuminate\\View\\Middleware\\ShareErrorsFromSession->handle()
#12 C:\\Users\\User\\OneDrive\\Documents\\Albert\\Appointment-Booking-System-master\\vendor\\laravel\\framework\\src\\Illuminate\\Session\\Middleware\\StartSession.php(120): Illuminate\\Pipeline\\Pipeline->Illuminate\\Pipeline\\{closure}()
#13 C:\\Users\\User\\OneDrive\\Documents\\Albert\\Appointment-Booking-System-master\\vendor\\laravel\\framework\\src\\Illuminate\\Session\\Middleware\\StartSession.php(63): Illuminate\\Session\\Middleware\\StartSession->handleStatefulRequest()
#14 C:\\Users\\User\\OneDrive\\Documents\\Albert\\Appointment-Booking-System-master\\vendor\\laravel\\framework\\src\\Illuminate\\Pipeline\\Pipeline.php(208): Illuminate\\Session\\Middleware\\StartSession->handle()
#15 C:\\Users\\User\\OneDrive\\Documents\\Albert\\Appointment-Booking-System-master\\vendor\\laravel\\framework\\src\\Illuminate\\Cookie\\Middleware\\AddQueuedCookiesToResponse.php(36): Illuminate\\Pipeline\\Pipeline->Illuminate\\Pipeline\\{closure}()
#16 C:\\Users\\User\\OneDrive\\Documents\\Albert\\Appointment-Booking-System-master\\vendor\\laravel\\framework\\src\\Illuminate\\Pipeline\\Pipeline.php(208): Illuminate\\Cookie\\Middleware\\AddQueuedCookiesToResponse->handle()
#17 C:\\Users\\User\\OneDrive\\Documents\\Albert\\Appointment-Booking-System-master\\vendor\\laravel\\framework\\src\\Illuminate\\Cookie\\Middleware\\EncryptCookies.php(74): Illuminate\\Pipeline\\Pipeline->Illuminate\\Pipeline\\{closure}()
#18 C:\\Users\\User\\OneDrive\\Documents\\Albert\\Appointment-Booking-System-master\\vendor\\laravel\\framework\\src\\Illuminate\\Pipeline\\Pipeline.php(208): Illuminate\\Cookie\\Middleware\\EncryptCookies->handle()
#19 C:\\Users\\User\\OneDrive\\Documents\\Albert\\Appointment-Booking-System-master\\vendor\\laravel\\framework\\src\\Illuminate\\Pipeline\\Pipeline.php(126): Illuminate\\Pipeline\\Pipeline->Illuminate\\Pipeline\\{closure}()
#20 C:\\Users\\User\\OneDrive\\Documents\\Albert\\Appointment-Booking-System-master\\vendor\\laravel\\framework\\src\\Illuminate\\Routing\\Router.php(807): Illuminate\\Pipeline\\Pipeline->then()
#21 C:\\Users\\User\\OneDrive\\Documents\\Albert\\Appointment-Booking-System-master\\vendor\\laravel\\framework\\src\\Illuminate\\Routing\\Router.php(786): Illuminate\\Routing\\Router->runRouteWithinStack()
#22 C:\\Users\\User\\OneDrive\\Documents\\Albert\\Appointment-Booking-System-master\\vendor\\laravel\\framework\\src\\Illuminate\\Routing\\Router.php(750): Illuminate\\Routing\\Router->runRoute()
#23 C:\\Users\\User\\OneDrive\\Documents\\Albert\\Appointment-Booking-System-master\\vendor\\laravel\\framework\\src\\Illuminate\\Routing\\Router.php(739): Illuminate\\Routing\\Router->dispatchToRoute()
#24 C:\\Users\\User\\OneDrive\\Documents\\Albert\\Appointment-Booking-System-master\\vendor\\laravel\\framework\\src\\Illuminate\\Foundation\\Http\\Kernel.php(200): Illuminate\\Routing\\Router->dispatch()
#25 C:\\Users\\User\\OneDrive\\Documents\\Albert\\Appointment-Booking-System-master\\vendor\\laravel\\framework\\src\\Illuminate\\Pipeline\\Pipeline.php(169): Illuminate\\Foundation\\Http\\Kernel->Illuminate\\Foundation\\Http\\{closure}()
#26 C:\\Users\\User\\OneDrive\\Documents\\Albert\\Appointment-Booking-System-master\\vendor\\laravel\\framework\\src\\Illuminate\\Foundation\\Http\\Middleware\\TransformsRequest.php(21): Illuminate\\Pipeline\\Pipeline->Illuminate\\Pipeline\\{closure}()
#27 C:\\Users\\User\\OneDrive\\Documents\\Albert\\Appointment-Booking-System-master\\vendor\\laravel\\framework\\src\\Illuminate\\Foundation\\Http\\Middleware\\ConvertEmptyStringsToNull.php(31): Illuminate\\Foundation\\Http\\Middleware\\TransformsRequest->handle()
#28 C:\\Users\\User\\OneDrive\\Documents\\Albert\\Appointment-Booking-System-master\\vendor\\laravel\\framework\\src\\Illuminate\\Pipeline\\Pipeline.php(208): Illuminate\\Foundation\\Http\\Middleware\\ConvertEmptyStringsToNull->handle()
#29 C:\\Users\\User\\OneDrive\\Documents\\Albert\\Appointment-Booking-System-master\\vendor\\laravel\\framework\\src\\Illuminate\\Foundation\\Http\\Middleware\\TransformsRequest.php(21): Illuminate\\Pipeline\\Pipeline->Illuminate\\Pipeline\\{closure}()
#30 C:\\Users\\User\\OneDrive\\Documents\\Albert\\Appointment-Booking-System-master\\vendor\\laravel\\framework\\src\\Illuminate\\Foundation\\Http\\Middleware\\TrimStrings.php(51): Illuminate\\Foundation\\Http\\Middleware\\TransformsRequest->handle()
#31 C:\\Users\\User\\OneDrive\\Documents\\Albert\\Appointment-Booking-System-master\\vendor\\laravel\\framework\\src\\Illuminate\\Pipeline\\Pipeline.php(208): Illuminate\\Foundation\\Http\\Middleware\\TrimStrings->handle()
#32 C:\\Users\\User\\OneDrive\\Documents\\Albert\\Appointment-Booking-System-master\\vendor\\laravel\\framework\\src\\Illuminate\\Http\\Middleware\\ValidatePostSize.php(27): Illuminate\\Pipeline\\Pipeline->Illuminate\\Pipeline\\{closure}()
#33 C:\\Users\\User\\OneDrive\\Documents\\Albert\\Appointment-Booking-System-master\\vendor\\laravel\\framework\\src\\Illuminate\\Pipeline\\Pipeline.php(208): Illuminate\\Http\\Middleware\\ValidatePostSize->handle()
#34 C:\\Users\\User\\OneDrive\\Documents\\Albert\\Appointment-Booking-System-master\\vendor\\laravel\\framework\\src\\Illuminate\\Foundation\\Http\\Middleware\\PreventRequestsDuringMaintenance.php(109): Illuminate\\Pipeline\\Pipeline->Illuminate\\Pipeline\\{closure}()
#35 C:\\Users\\User\\OneDrive\\Documents\\Albert\\Appointment-Booking-System-master\\vendor\\laravel\\framework\\src\\Illuminate\\Pipeline\\Pipeline.php(208): Illuminate\\Foundation\\Http\\Middleware\\PreventRequestsDuringMaintenance->handle()
#36 C:\\Users\\User\\OneDrive\\Documents\\Albert\\Appointment-Booking-System-master\\vendor\\laravel\\framework\\src\\Illuminate\\Http\\Middleware\\HandleCors.php(48): Illuminate\\Pipeline\\Pipeline->Illuminate\\Pipeline\\{closure}()
#37 C:\\Users\\User\\OneDrive\\Documents\\Albert\\Appointment-Booking-System-master\\vendor\\laravel\\framework\\src\\Illuminate\\Pipeline\\Pipeline.php(208): Illuminate\\Http\\Middleware\\HandleCors->handle()
#38 C:\\Users\\User\\OneDrive\\Documents\\Albert\\Appointment-Booking-System-master\\vendor\\laravel\\framework\\src\\Illuminate\\Http\\Middleware\\TrustProxies.php(58): Illuminate\\Pipeline\\Pipeline->Illuminate\\Pipeline\\{closure}()
#39 C:\\Users\\User\\OneDrive\\Documents\\Albert\\Appointment-Booking-System-master\\vendor\\laravel\\framework\\src\\Illuminate\\Pipeline\\Pipeline.php(208): Illuminate\\Http\\Middleware\\TrustProxies->handle()
#40 C:\\Users\\User\\OneDrive\\Documents\\Albert\\Appointment-Booking-System-master\\vendor\\laravel\\framework\\src\\Illuminate\\Foundation\\Http\\Middleware\\InvokeDeferredCallbacks.php(22): Illuminate\\Pipeline\\Pipeline->Illuminate\\Pipeline\\{closure}()
#41 C:\\Users\\User\\OneDrive\\Documents\\Albert\\Appointment-Booking-System-master\\vendor\\laravel\\framework\\src\\Illuminate\\Pipeline\\Pipeline.php(208): Illuminate\\Foundation\\Http\\Middleware\\InvokeDeferredCallbacks->handle()
#42 C:\\Users\\User\\OneDrive\\Documents\\Albert\\Appointment-Booking-System-master\\vendor\\laravel\\framework\\src\\Illuminate\\Http\\Middleware\\ValidatePathEncoding.php(26): Illuminate\\Pipeline\\Pipeline->Illuminate\\Pipeline\\{closure}()
#43 C:\\Users\\User\\OneDrive\\Documents\\Albert\\Appointment-Booking-System-master\\vendor\\laravel\\framework\\src\\Illuminate\\Pipeline\\Pipeline.php(208): Illuminate\\Http\\Middleware\\ValidatePathEncoding->handle()
#44 C:\\Users\\User\\OneDrive\\Documents\\Albert\\Appointment-Booking-System-master\\vendor\\laravel\\framework\\src\\Illuminate\\Pipeline\\Pipeline.php(126): Illuminate\\Pipeline\\Pipeline->Illuminate\\Pipeline\\{closure}()
#45 C:\\Users\\User\\OneDrive\\Documents\\Albert\\Appointment-Booking-System-master\\vendor\\laravel\\framework\\src\\Illuminate\\Foundation\\Http\\Kernel.php(175): Illuminate\\Pipeline\\Pipeline->then()
#46 C:\\Users\\User\\OneDrive\\Documents\\Albert\\Appointment-Booking-System-master\\vendor\\laravel\\framework\\src\\Illuminate\\Foundation\\Http\\Kernel.php(144): Illuminate\\Foundation\\Http\\Kernel->sendRequestThroughRouter()
#47 C:\\Users\\User\\OneDrive\\Documents\\Albert\\Appointment-Booking-System-master\\vendor\\laravel\\framework\\src\\Illuminate\\Foundation\\Testing\\Concerns\\MakesHttpRequests.php(607): Illuminate\\Foundation\\Http\\Kernel->handle()
#48 C:\\Users\\User\\OneDrive\\Documents\\Albert\\Appointment-Booking-System-master\\vendor\\laravel\\framework\\src\\Illuminate\\Foundation\\Testing\\Concerns\\MakesHttpRequests.php(368): Illuminate\\Foundation\\Testing\\TestCase->call()
#49 C:\\Users\\User\\OneDrive\\Documents\\Albert\\Appointment-Booking-System-master\\tests\\Feature\\Auth\\AuthenticationTest.php(15): Illuminate\\Foundation\\Testing\\TestCase->get()
#50 C:\\Users\\User\\OneDrive\\Documents\\Albert\\Appointment-Booking-System-master\\vendor\\phpunit\\phpunit\\src\\Framework\\TestCase.php(1656): Tests\\Feature\\Auth\\AuthenticationTest->test_login_screen_can_be_rendered()
#51 C:\\Users\\User\\OneDrive\\Documents\\Albert\\Appointment-Booking-System-master\\vendor\\phpunit\\phpunit\\src\\Framework\\TestCase.php(514): PHPUnit\\Framework\\TestCase->runTest()
#52 C:\\Users\\User\\OneDrive\\Documents\\Albert\\Appointment-Booking-System-master\\vendor\\phpunit\\phpunit\\src\\Framework\\TestRunner\\TestRunner.php(87): PHPUnit\\Framework\\TestCase->runBare()
#53 C:\\Users\\User\\OneDrive\\Documents\\Albert\\Appointment-Booking-System-master\\vendor\\phpunit\\phpunit\\src\\Framework\\TestCase.php(361): PHPUnit\\Framework\\TestRunner->run()
#54 C:\\Users\\User\\OneDrive\\Documents\\Albert\\Appointment-Booking-System-master\\vendor\\phpunit\\phpunit\\src\\Framework\\TestSuite.php(369): PHPUnit\\Framework\\TestCase->run()
#55 C:\\Users\\User\\OneDrive\\Documents\\Albert\\Appointment-Booking-System-master\\vendor\\phpunit\\phpunit\\src\\Framework\\TestSuite.php(369): PHPUnit\\Framework\\TestSuite->run()
#56 C:\\Users\\User\\OneDrive\\Documents\\Albert\\Appointment-Booking-System-master\\vendor\\phpunit\\phpunit\\src\\Framework\\TestSuite.php(369): PHPUnit\\Framework\\TestSuite->run()
#57 C:\\Users\\User\\OneDrive\\Documents\\Albert\\Appointment-Booking-System-master\\vendor\\phpunit\\phpunit\\src\\TextUI\\TestRunner.php(64): PHPUnit\\Framework\\TestSuite->run()
#58 C:\\Users\\User\\OneDrive\\Documents\\Albert\\Appointment-Booking-System-master\\vendor\\phpunit\\phpunit\\src\\TextUI\\Application.php(210): PHPUnit\\TextUI\\TestRunner->run()
#59 C:\\Users\\User\\OneDrive\\Documents\\Albert\\Appointment-Booking-System-master\\vendor\\phpunit\\phpunit\\phpunit(104): PHPUnit\\TextUI\\Application->run()
#60 C:\\Users\\User\\OneDrive\\Documents\\Albert\\Appointment-Booking-System-master\\vendor\\bin\\phpunit(122): include('...')
#61 {main}
"} 
[2026-05-22 17:04:30] testing.ERROR: Target class [App\Http\Middleware\RedirectIfPatientAuthenticated] does not exist. {"exception":"[object] (Illuminate\\Contracts\\Container\\BindingResolutionException(code: 0): Target class [App\\Http\\Middleware\\RedirectIfPatientAuthenticated] does not exist. at C:\\Users\\User\\OneDrive\\Documents\\Albert\\Appointment-Booking-System-master\\vendor\\laravel\\framework\\src\\Illuminate\\Container\\Container.php:1019)
[stacktrace]
#0 C:\\Users\\User\\OneDrive\\Documents\\Albert\\Appointment-Booking-System-master\\vendor\\laravel\\framework\\src\\Illuminate\\Container\\Container.php(890): Illuminate\\Container\\Container->build()
#1 C:\\Users\\User\\OneDrive\\Documents\\Albert\\Appointment-Booking-System-master\\vendor\\laravel\\framework\\src\\Illuminate\\Foundation\\Application.php(1077): Illuminate\\Container\\Container->resolve()
#2 C:\\Users\\User\\OneDrive\\Documents\\Albert\\Appointment-Booking-System-master\\vendor\\laravel\\framework\\src\\Illuminate\\Container\\Container.php(821): Illuminate\\Foundation\\Application->resolve()
#3 C:\\Users\\User\\OneDrive\\Documents\\Albert\\Appointment-Booking-System-master\\vendor\\laravel\\framework\\src\\Illuminate\\Foundation\\Application.php(1057): Illuminate\\Container\\Container->make()
#4 C:\\Users\\User\\OneDrive\\Documents\\Albert\\Appointment-Booking-System-master\\vendor\\laravel\\framework\\src\\Illuminate\\Pipeline\\Pipeline.php(197): Illuminate\\Foundation\\Application->make()
#5 C:\\Users\\User\\OneDrive\\Documents\\Albert\\Appointment-Booking-System-master\\vendor\\laravel\\framework\\src\\Illuminate\\Routing\\Middleware\\SubstituteBindings.php(50): Illuminate\\Pipeline\\Pipeline->Illuminate\\Pipeline\\{closure}()
#6 C:\\Users\\User\\OneDrive\\Documents\\Albert\\Appointment-Booking-System-master\\vendor\\laravel\\framework\\src\\Illuminate\\Pipeline\\Pipeline.php(208): Illuminate\\Routing\\Middleware\\SubstituteBindings->handle()
#7 C:\\Users\\User\\OneDrive\\Documents\\Albert\\Appointment-Booking-System-master\\vendor\\laravel\\framework\\src\\Illuminate\\Foundation\\Http\\Middleware\\VerifyCsrfToken.php(87): Illuminate\\Pipeline\\Pipeline->Illuminate\\Pipeline\\{closure}()
#8 C:\\Users\\User\\OneDrive\\Documents\\Albert\\Appointment-Booking-System-master\\vendor\\laravel\\framework\\src\\Illuminate\\Pipeline\\Pipeline.php(208): Illuminate\\Foundation\\Http\\Middleware\\VerifyCsrfToken->handle()
#9 C:\\Users\\User\\OneDrive\\Documents\\Albert\\Appointment-Booking-System-master\\vendor\\laravel\\framework\\src\\Illuminate\\View\\Middleware\\ShareErrorsFromSession.php(48): Illuminate\\Pipeline\\Pipeline->Illuminate\\Pipeline\\{closure}()
#10 C:\\Users\\User\\OneDrive\\Documents\\Albert\\Appointment-Booking-System-master\\vendor\\laravel\\framework\\src\\Illuminate\\Pipeline\\Pipeline.php(208): Illuminate\\View\\Middleware\\ShareErrorsFromSession->handle()
#11 C:\\Users\\User\\OneDrive\\Documents\\Albert\\Appointment-Booking-System-master\\vendor\\laravel\\framework\\src\\Illuminate\\Session\\Middleware\\StartSession.php(120): Illuminate\\Pipeline\\Pipeline->Illuminate\\Pipeline\\{closure}()
#12 C:\\Users\\User\\OneDrive\\Documents\\Albert\\Appointment-Booking-System-master\\vendor\\laravel\\framework\\src\\Illuminate\\Session\\Middleware\\StartSession.php(63): Illuminate\\Session\\Middleware\\StartSession->handleStatefulRequest()
#13 C:\\Users\\User\\OneDrive\\Documents\\Albert\\Appointment-Booking-System-master\\vendor\\laravel\\framework\\src\\Illuminate\\Pipeline\\Pipeline.php(208): Illuminate\\Session\\Middleware\\StartSession->handle()
#14 C:\\Users\\User\\OneDrive\\Documents\\Albert\\Appointment-Booking-System-master\\vendor\\laravel\\framework\\src\\Illuminate\\Cookie\\Middleware\\AddQueuedCookiesToResponse.php(36): Illuminate\\Pipeline\\Pipeline->Illuminate\\Pipeline\\{closure}()
#15 C:\\Users\\User\\OneDrive\\Documents\\Albert\\Appointment-Booking-System-master\\vendor\\laravel\\framework\\src\\Illuminate\\Pipeline\\Pipeline.php(208): Illuminate\\Cookie\\Middleware\\AddQueuedCookiesToResponse->handle()
#16 C:\\Users\\User\\OneDrive\\Documents\\Albert\\Appointment-Booking-System-master\\vendor\\laravel\\framework\\src\\Illuminate\\Cookie\\Middleware\\EncryptCookies.php(74): Illuminate\\Pipeline\\Pipeline->Illuminate\\Pipeline\\{closure}()
#17 C:\\Users\\User\\OneDrive\\Documents\\Albert\\Appointment-Booking-System-master\\vendor\\laravel\\framework\\src\\Illuminate\\Pipeline\\Pipeline.php(208): Illuminate\\Cookie\\Middleware\\EncryptCookies->handle()
#18 C:\\Users\\User\\OneDrive\\Documents\\Albert\\Appointment-Booking-System-master\\vendor\\laravel\\framework\\src\\Illuminate\\Pipeline\\Pipeline.php(126): Illuminate\\Pipeline\\Pipeline->Illuminate\\Pipeline\\{closure}()
#19 C:\\Users\\User\\OneDrive\\Documents\\Albert\\Appointment-Booking-System-master\\vendor\\laravel\\framework\\src\\Illuminate\\Routing\\Router.php(807): Illuminate\\Pipeline\\Pipeline->then()
#20 C:\\Users\\User\\OneDrive\\Documents\\Albert\\Appointment-Booking-System-master\\vendor\\laravel\\framework\\src\\Illuminate\\Routing\\Router.php(786): Illuminate\\Routing\\Router->runRouteWithinStack()
#21 C:\\Users\\User\\OneDrive\\Documents\\Albert\\Appointment-Booking-System-master\\vendor\\laravel\\framework\\src\\Illuminate\\Routing\\Router.php(750): Illuminate\\Routing\\Router->runRoute()
#22 C:\\Users\\User\\OneDrive\\Documents\\Albert\\Appointment-Booking-System-master\\vendor\\laravel\\framework\\src\\Illuminate\\Routing\\Router.php(739): Illuminate\\Routing\\Router->dispatchToRoute()
#23 C:\\Users\\User\\OneDrive\\Documents\\Albert\\Appointment-Booking-System-master\\vendor\\laravel\\framework\\src\\Illuminate\\Foundation\\Http\\Kernel.php(200): Illuminate\\Routing\\Router->dispatch()
#24 C:\\Users\\User\\OneDrive\\Documents\\Albert\\Appointment-Booking-System-master\\vendor\\laravel\\framework\\src\\Illuminate\\Pipeline\\Pipeline.php(169): Illuminate\\Foundation\\Http\\Kernel->Illuminate\\Foundation\\Http\\{closure}()
#25 C:\\Users\\User\\OneDrive\\Documents\\Albert\\Appointment-Booking-System-master\\vendor\\laravel\\framework\\src\\Illuminate\\Foundation\\Http\\Middleware\\TransformsRequest.php(21): Illuminate\\Pipeline\\Pipeline->Illuminate\\Pipeline\\{closure}()
#26 C:\\Users\\User\\OneDrive\\Documents\\Albert\\Appointment-Booking-System-master\\vendor\\laravel\\framework\\src\\Illuminate\\Foundation\\Http\\Middleware\\ConvertEmptyStringsToNull.php(31): Illuminate\\Foundation\\Http\\Middleware\\TransformsRequest->handle()
#27 C:\\Users\\User\\OneDrive\\Documents\\Albert\\Appointment-Booking-System-master\\vendor\\laravel\\framework\\src\\Illuminate\\Pipeline\\Pipeline.php(208): Illuminate\\Foundation\\Http\\Middleware\\ConvertEmptyStringsToNull->handle()
#28 C:\\Users\\User\\OneDrive\\Documents\\Albert\\Appointment-Booking-System-master\\vendor\\laravel\\framework\\src\\Illuminate\\Foundation\\Http\\Middleware\\TransformsRequest.php(21): Illuminate\\Pipeline\\Pipeline->Illuminate\\Pipeline\\{closure}()
#29 C:\\Users\\User\\OneDrive\\Documents\\Albert\\Appointment-Booking-System-master\\vendor\\laravel\\framework\\src\\Illuminate\\Foundation\\Http\\Middleware\\TrimStrings.php(51): Illuminate\\Foundation\\Http\\Middleware\\TransformsRequest->handle()
#30 C:\\Users\\User\\OneDrive\\Documents\\Albert\\Appointment-Booking-System-master\\vendor\\laravel\\framework\\src\\Illuminate\\Pipeline\\Pipeline.php(208): Illuminate\\Foundation\\Http\\Middleware\\TrimStrings->handle()
#31 C:\\Users\\User\\OneDrive\\Documents\\Albert\\Appointment-Booking-System-master\\vendor\\laravel\\framework\\src\\Illuminate\\Http\\Middleware\\ValidatePostSize.php(27): Illuminate\\Pipeline\\Pipeline->Illuminate\\Pipeline\\{closure}()
#32 C:\\Users\\User\\OneDrive\\Documents\\Albert\\Appointment-Booking-System-master\\vendor\\laravel\\framework\\src\\Illuminate\\Pipeline\\Pipeline.php(208): Illuminate\\Http\\Middleware\\ValidatePostSize->handle()
#33 C:\\Users\\User\\OneDrive\\Documents\\Albert\\Appointment-Booking-System-master\\vendor\\laravel\\framework\\src\\Illuminate\\Foundation\\Http\\Middleware\\PreventRequestsDuringMaintenance.php(109): Illuminate\\Pipeline\\Pipeline->Illuminate\\Pipeline\\{closure}()
#34 C:\\Users\\User\\OneDrive\\Documents\\Albert\\Appointment-Booking-System-master\\vendor\\laravel\\framework\\src\\Illuminate\\Pipeline\\Pipeline.php(208): Illuminate\\Foundation\\Http\\Middleware\\PreventRequestsDuringMaintenance->handle()
#35 C:\\Users\\User\\OneDrive\\Documents\\Albert\\Appointment-Booking-System-master\\vendor\\laravel\\framework\\src\\Illuminate\\Http\\Middleware\\HandleCors.php(48): Illuminate\\Pipeline\\Pipeline->Illuminate\\Pipeline\\{closure}()
#36 C:\\Users\\User\\OneDrive\\Documents\\Albert\\Appointment-Booking-System-master\\vendor\\laravel\\framework\\src\\Illuminate\\Pipeline\\Pipeline.php(208): Illuminate\\Http\\Middleware\\HandleCors->handle()
#37 C:\\Users\\User\\OneDrive\\Documents\\Albert\\Appointment-Booking-System-master\\vendor\\laravel\\framework\\src\\Illuminate\\Http\\Middleware\\TrustProxies.php(58): Illuminate\\Pipeline\\Pipeline->Illuminate\\Pipeline\\{closure}()
#38 C:\\Users\\User\\OneDrive\\Documents\\Albert\\Appointment-Booking-System-master\\vendor\\laravel\\framework\\src\\Illuminate\\Pipeline\\Pipeline.php(208): Illuminate\\Http\\Middleware\\TrustProxies->handle()
#39 C:\\Users\\User\\OneDrive\\Documents\\Albert\\Appointment-Booking-System-master\\vendor\\laravel\\framework\\src\\Illuminate\\Foundation\\Http\\Middleware\\InvokeDeferredCallbacks.php(22): Illuminate\\Pipeline\\Pipeline->Illuminate\\Pipeline\\{closure}()
#40 C:\\Users\\User\\OneDrive\\Documents\\Albert\\Appointment-Booking-System-master\\vendor\\laravel\\framework\\src\\Illuminate\\Pipeline\\Pipeline.php(208): Illuminate\\Foundation\\Http\\Middleware\\InvokeDeferredCallbacks->handle()
#41 C:\\Users\\User\\OneDrive\\Documents\\Albert\\Appointment-Booking-System-master\\vendor\\laravel\\framework\\src\\Illuminate\\Http\\Middleware\\ValidatePathEncoding.php(26): Illuminate\\Pipeline\\Pipeline->Illuminate\\Pipeline\\{closure}()
#42 C:\\Users\\User\\OneDrive\\Documents\\Albert\\Appointment-Booking-System-master\\vendor\\laravel\\framework\\src\\Illuminate\\Pipeline\\Pipeline.php(208): Illuminate\\Http\\Middleware\\ValidatePathEncoding->handle()
#43 C:\\Users\\User\\OneDrive\\Documents\\Albert\\Appointment-Booking-System-master\\vendor\\laravel\\framework\\src\\Illuminate\\Pipeline\\Pipeline.php(126): Illuminate\\Pipeline\\Pipeline->Illuminate\\Pipeline\\{closure}()
#44 C:\\Users\\User\\OneDrive\\Documents\\Albert\\Appointment-Booking-System-master\\vendor\\laravel\\framework\\src\\Illuminate\\Foundation\\Http\\Kernel.php(175): Illuminate\\Pipeline\\Pipeline->then()
#45 C:\\Users\\User\\OneDrive\\Documents\\Albert\\Appointment-Booking-System-master\\vendor\\laravel\\framework\\src\\Illuminate\\Foundation\\Http\\Kernel.php(144): Illuminate\\Foundation\\Http\\Kernel->sendRequestThroughRouter()
#46 C:\\Users\\User\\OneDrive\\Documents\\Albert\\Appointment-Booking-System-master\\vendor\\laravel\\framework\\src\\Illuminate\\Foundation\\Testing\\Concerns\\MakesHttpRequests.php(607): Illuminate\\Foundation\\Http\\Kernel->handle()
#47 C:\\Users\\User\\OneDrive\\Documents\\Albert\\Appointment-Booking-System-master\\vendor\\laravel\\framework\\src\\Illuminate\\Foundation\\Testing\\Concerns\\MakesHttpRequests.php(368): Illuminate\\Foundation\\Testing\\TestCase->call()
#48 C:\\Users\\User\\OneDrive\\Documents\\Albert\\Appointment-Booking-System-master\\tests\\Feature\\Auth\\RegistrationTest.php(14): Illuminate\\Foundation\\Testing\\TestCase->get()
#49 C:\\Users\\User\\OneDrive\\Documents\\Albert\\Appointment-Booking-System-master\\vendor\\phpunit\\phpunit\\src\\Framework\\TestCase.php(1656): Tests\\Feature\\Auth\\RegistrationTest->test_registration_screen_can_be_rendered()
#50 C:\\Users\\User\\OneDrive\\Documents\\Albert\\Appointment-Booking-System-master\\vendor\\phpunit\\phpunit\\src\\Framework\\TestCase.php(514): PHPUnit\\Framework\\TestCase->runTest()
#51 C:\\Users\\User\\OneDrive\\Documents\\Albert\\Appointment-Booking-System-master\\vendor\\phpunit\\phpunit\\src\\Framework\\TestRunner\\TestRunner.php(87): PHPUnit\\Framework\\TestCase->runBare()
#52 C:\\Users\\User\\OneDrive\\Documents\\Albert\\Appointment-Booking-System-master\\vendor\\phpunit\\phpunit\\src\\Framework\\TestCase.php(361): PHPUnit\\Framework\\TestRunner->run()
#53 C:\\Users\\User\\OneDrive\\Documents\\Albert\\Appointment-Booking-System-master\\vendor\\phpunit\\phpunit\\src\\Framework\\TestSuite.php(369): PHPUnit\\Framework\\TestCase->run()
#54 C:\\Users\\User\\OneDrive\\Documents\\Albert\\Appointment-Booking-System-master\\vendor\\phpunit\\phpunit\\src\\Framework\\TestSuite.php(369): PHPUnit\\Framework\\TestSuite->run()
#55 C:\\Users\\User\\OneDrive\\Documents\\Albert\\Appointment-Booking-System-master\\vendor\\phpunit\\phpunit\\src\\Framework\\TestSuite.php(369): PHPUnit\\Framework\\TestSuite->run()
#56 C:\\Users\\User\\OneDrive\\Documents\\Albert\\Appointment-Booking-System-master\\vendor\\phpunit\\phpunit\\src\\TextUI\\TestRunner.php(64): PHPUnit\\Framework\\TestSuite->run()
#57 C:\\Users\\User\\OneDrive\\Documents\\Albert\\Appointment-Booking-System-master\\vendor\\phpunit\\phpunit\\src\\TextUI\\Application.php(210): PHPUnit\\TextUI\\TestRunner->run()
#58 C:\\Users\\User\\OneDrive\\Documents\\Albert\\Appointment-Booking-System-master\\vendor\\phpunit\\phpunit\\phpunit(104): PHPUnit\\TextUI\\Application->run()
#59 C:\\Users\\User\\OneDrive\\Documents\\Albert\\Appointment-Booking-System-master\\vendor\\bin\\phpunit(122): include('...')
#60 {main}

[previous exception] [object] (ReflectionException(code: -1): Class \"App\\Http\\Middleware\\RedirectIfPatientAuthenticated\" does not exist at C:\\Users\\User\\OneDrive\\Documents\\Albert\\Appointment-Booking-System-master\\vendor\\laravel\\framework\\src\\Illuminate\\Container\\Container.php:1017)
[stacktrace]
#0 C:\\Users\\User\\OneDrive\\Documents\\Albert\\Appointment-Booking-System-master\\vendor\\laravel\\framework\\src\\Illuminate\\Container\\Container.php(1017): ReflectionClass->__construct()
#1 C:\\Users\\User\\OneDrive\\Documents\\Albert\\Appointment-Booking-System-master\\vendor\\laravel\\framework\\src\\Illuminate\\Container\\Container.php(890): Illuminate\\Container\\Container->build()
#2 C:\\Users\\User\\OneDrive\\Documents\\Albert\\Appointment-Booking-System-master\\vendor\\laravel\\framework\\src\\Illuminate\\Foundation\\Application.php(1077): Illuminate\\Container\\Container->resolve()
#3 C:\\Users\\User\\OneDrive\\Documents\\Albert\\Appointment-Booking-System-master\\vendor\\laravel\\framework\\src\\Illuminate\\Container\\Container.php(821): Illuminate\\Foundation\\Application->resolve()
#4 C:\\Users\\User\\OneDrive\\Documents\\Albert\\Appointment-Booking-System-master\\vendor\\laravel\\framework\\src\\Illuminate\\Foundation\\Application.php(1057): Illuminate\\Container\\Container->make()
#5 C:\\Users\\User\\OneDrive\\Documents\\Albert\\Appointment-Booking-System-master\\vendor\\laravel\\framework\\src\\Illuminate\\Pipeline\\Pipeline.php(197): Illuminate\\Foundation\\Application->make()
#6 C:\\Users\\User\\OneDrive\\Documents\\Albert\\Appointment-Booking-System-master\\vendor\\laravel\\framework\\src\\Illuminate\\Routing\\Middleware\\SubstituteBindings.php(50): Illuminate\\Pipeline\\Pipeline->Illuminate\\Pipeline\\{closure}()
#7 C:\\Users\\User\\OneDrive\\Documents\\Albert\\Appointment-Booking-System-master\\vendor\\laravel\\framework\\src\\Illuminate\\Pipeline\\Pipeline.php(208): Illuminate\\Routing\\Middleware\\SubstituteBindings->handle()
#8 C:\\Users\\User\\OneDrive\\Documents\\Albert\\Appointment-Booking-System-master\\vendor\\laravel\\framework\\src\\Illuminate\\Foundation\\Http\\Middleware\\VerifyCsrfToken.php(87): Illuminate\\Pipeline\\Pipeline->Illuminate\\Pipeline\\{closure}()
#9 C:\\Users\\User\\OneDrive\\Documents\\Albert\\Appointment-Booking-System-master\\vendor\\laravel\\framework\\src\\Illuminate\\Pipeline\\Pipeline.php(208): Illuminate\\Foundation\\Http\\Middleware\\VerifyCsrfToken->handle()
#10 C:\\Users\\User\\OneDrive\\Documents\\Albert\\Appointment-Booking-System-master\\vendor\\laravel\\framework\\src\\Illuminate\\View\\Middleware\\ShareErrorsFromSession.php(48): Illuminate\\Pipeline\\Pipeline->Illuminate\\Pipeline\\{closure}()
#11 C:\\Users\\User\\OneDrive\\Documents\\Albert\\Appointment-Booking-System-master\\vendor\\laravel\\framework\\src\\Illuminate\\Pipeline\\Pipeline.php(208): Illuminate\\View\\Middleware\\ShareErrorsFromSession->handle()
#12 C:\\Users\\User\\OneDrive\\Documents\\Albert\\Appointment-Booking-System-master\\vendor\\laravel\\framework\\src\\Illuminate\\Session\\Middleware\\StartSession.php(120): Illuminate\\Pipeline\\Pipeline->Illuminate\\Pipeline\\{closure}()
#13 C:\\Users\\User\\OneDrive\\Documents\\Albert\\Appointment-Booking-System-master\\vendor\\laravel\\framework\\src\\Illuminate\\Session\\Middleware\\StartSession.php(63): Illuminate\\Session\\Middleware\\StartSession->handleStatefulRequest()
#14 C:\\Users\\User\\OneDrive\\Documents\\Albert\\Appointment-Booking-System-master\\vendor\\laravel\\framework\\src\\Illuminate\\Pipeline\\Pipeline.php(208): Illuminate\\Session\\Middleware\\StartSession->handle()
#15 C:\\Users\\User\\OneDrive\\Documents\\Albert\\Appointment-Booking-System-master\\vendor\\laravel\\framework\\src\\Illuminate\\Cookie\\Middleware\\AddQueuedCookiesToResponse.php(36): Illuminate\\Pipeline\\Pipeline->Illuminate\\Pipeline\\{closure}()
#16 C:\\Users\\User\\OneDrive\\Documents\\Albert\\Appointment-Booking-System-master\\vendor\\laravel\\framework\\src\\Illuminate\\Pipeline\\Pipeline.php(208): Illuminate\\Cookie\\Middleware\\AddQueuedCookiesToResponse->handle()
#17 C:\\Users\\User\\OneDrive\\Documents\\Albert\\Appointment-Booking-System-master\\vendor\\laravel\\framework\\src\\Illuminate\\Cookie\\Middleware\\EncryptCookies.php(74): Illuminate\\Pipeline\\Pipeline->Illuminate\\Pipeline\\{closure}()
#18 C:\\Users\\User\\OneDrive\\Documents\\Albert\\Appointment-Booking-System-master\\vendor\\laravel\\framework\\src\\Illuminate\\Pipeline\\Pipeline.php(208): Illuminate\\Cookie\\Middleware\\EncryptCookies->handle()
#19 C:\\Users\\User\\OneDrive\\Documents\\Albert\\Appointment-Booking-System-master\\vendor\\laravel\\framework\\src\\Illuminate\\Pipeline\\Pipeline.php(126): Illuminate\\Pipeline\\Pipeline->Illuminate\\Pipeline\\{closure}()
#20 C:\\Users\\User\\OneDrive\\Documents\\Albert\\Appointment-Booking-System-master\\vendor\\laravel\\framework\\src\\Illuminate\\Routing\\Router.php(807): Illuminate\\Pipeline\\Pipeline->then()
#21 C:\\Users\\User\\OneDrive\\Documents\\Albert\\Appointment-Booking-System-master\\vendor\\laravel\\framework\\src\\Illuminate\\Routing\\Router.php(786): Illuminate\\Routing\\Router->runRouteWithinStack()
#22 C:\\Users\\User\\OneDrive\\Documents\\Albert\\Appointment-Booking-System-master\\vendor\\laravel\\framework\\src\\Illuminate\\Routing\\Router.php(750): Illuminate\\Routing\\Router->runRoute()
#23 C:\\Users\\User\\OneDrive\\Documents\\Albert\\Appointment-Booking-System-master\\vendor\\laravel\\framework\\src\\Illuminate\\Routing\\Router.php(739): Illuminate\\Routing\\Router->dispatchToRoute()
#24 C:\\Users\\User\\OneDrive\\Documents\\Albert\\Appointment-Booking-System-master\\vendor\\laravel\\framework\\src\\Illuminate\\Foundation\\Http\\Kernel.php(200): Illuminate\\Routing\\Router->dispatch()
#25 C:\\Users\\User\\OneDrive\\Documents\\Albert\\Appointment-Booking-System-master\\vendor\\laravel\\framework\\src\\Illuminate\\Pipeline\\Pipeline.php(169): Illuminate\\Foundation\\Http\\Kernel->Illuminate\\Foundation\\Http\\{closure}()
#26 C:\\Users\\User\\OneDrive\\Documents\\Albert\\Appointment-Booking-System-master\\vendor\\laravel\\framework\\src\\Illuminate\\Foundation\\Http\\Middleware\\TransformsRequest.php(21): Illuminate\\Pipeline\\Pipeline->Illuminate\\Pipeline\\{closure}()
#27 C:\\Users\\User\\OneDrive\\Documents\\Albert\\Appointment-Booking-System-master\\vendor\\laravel\\framework\\src\\Illuminate\\Foundation\\Http\\Middleware\\ConvertEmptyStringsToNull.php(31): Illuminate\\Foundation\\Http\\Middleware\\TransformsRequest->handle()
#28 C:\\Users\\User\\OneDrive\\Documents\\Albert\\Appointment-Booking-System-master\\vendor\\laravel\\framework\\src\\Illuminate\\Pipeline\\Pipeline.php(208): Illuminate\\Foundation\\Http\\Middleware\\ConvertEmptyStringsToNull->handle()
#29 C:\\Users\\User\\OneDrive\\Documents\\Albert\\Appointment-Booking-System-master\\vendor\\laravel\\framework\\src\\Illuminate\\Foundation\\Http\\Middleware\\TransformsRequest.php(21): Illuminate\\Pipeline\\Pipeline->Illuminate\\Pipeline\\{closure}()
#30 C:\\Users\\User\\OneDrive\\Documents\\Albert\\Appointment-Booking-System-master\\vendor\\laravel\\framework\\src\\Illuminate\\Foundation\\Http\\Middleware\\TrimStrings.php(51): Illuminate\\Foundation\\Http\\Middleware\\TransformsRequest->handle()
#31 C:\\Users\\User\\OneDrive\\Documents\\Albert\\Appointment-Booking-System-master\\vendor\\laravel\\framework\\src\\Illuminate\\Pipeline\\Pipeline.php(208): Illuminate\\Foundation\\Http\\Middleware\\TrimStrings->handle()
#32 C:\\Users\\User\\OneDrive\\Documents\\Albert\\Appointment-Booking-System-master\\vendor\\laravel\\framework\\src\\Illuminate\\Http\\Middleware\\ValidatePostSize.php(27): Illuminate\\Pipeline\\Pipeline->Illuminate\\Pipeline\\{closure}()
#33 C:\\Users\\User\\OneDrive\\Documents\\Albert\\Appointment-Booking-System-master\\vendor\\laravel\\framework\\src\\Illuminate\\Pipeline\\Pipeline.php(208): Illuminate\\Http\\Middleware\\ValidatePostSize->handle()
#34 C:\\Users\\User\\OneDrive\\Documents\\Albert\\Appointment-Booking-System-master\\vendor\\laravel\\framework\\src\\Illuminate\\Foundation\\Http\\Middleware\\PreventRequestsDuringMaintenance.php(109): Illuminate\\Pipeline\\Pipeline->Illuminate\\Pipeline\\{closure}()
#35 C:\\Users\\User\\OneDrive\\Documents\\Albert\\Appointment-Booking-System-master\\vendor\\laravel\\framework\\src\\Illuminate\\Pipeline\\Pipeline.php(208): Illuminate\\Foundation\\Http\\Middleware\\PreventRequestsDuringMaintenance->handle()
#36 C:\\Users\\User\\OneDrive\\Documents\\Albert\\Appointment-Booking-System-master\\vendor\\laravel\\framework\\src\\Illuminate\\Http\\Middleware\\HandleCors.php(48): Illuminate\\Pipeline\\Pipeline->Illuminate\\Pipeline\\{closure}()
#37 C:\\Users\\User\\OneDrive\\Documents\\Albert\\Appointment-Booking-System-master\\vendor\\laravel\\framework\\src\\Illuminate\\Pipeline\\Pipeline.php(208): Illuminate\\Http\\Middleware\\HandleCors->handle()
#38 C:\\Users\\User\\OneDrive\\Documents\\Albert\\Appointment-Booking-System-master\\vendor\\laravel\\framework\\src\\Illuminate\\Http\\Middleware\\TrustProxies.php(58): Illuminate\\Pipeline\\Pipeline->Illuminate\\Pipeline\\{closure}()
#39 C:\\Users\\User\\OneDrive\\Documents\\Albert\\Appointment-Booking-System-master\\vendor\\laravel\\framework\\src\\Illuminate\\Pipeline\\Pipeline.php(208): Illuminate\\Http\\Middleware\\TrustProxies->handle()
#40 C:\\Users\\User\\OneDrive\\Documents\\Albert\\Appointment-Booking-System-master\\vendor\\laravel\\framework\\src\\Illuminate\\Foundation\\Http\\Middleware\\InvokeDeferredCallbacks.php(22): Illuminate\\Pipeline\\Pipeline->Illuminate\\Pipeline\\{closure}()
#41 C:\\Users\\User\\OneDrive\\Documents\\Albert\\Appointment-Booking-System-master\\vendor\\laravel\\framework\\src\\Illuminate\\Pipeline\\Pipeline.php(208): Illuminate\\Foundation\\Http\\Middleware\\InvokeDeferredCallbacks->handle()
#42 C:\\Users\\User\\OneDrive\\Documents\\Albert\\Appointment-Booking-System-master\\vendor\\laravel\\framework\\src\\Illuminate\\Http\\Middleware\\ValidatePathEncoding.php(26): Illuminate\\Pipeline\\Pipeline->Illuminate\\Pipeline\\{closure}()
#43 C:\\Users\\User\\OneDrive\\Documents\\Albert\\Appointment-Booking-System-master\\vendor\\laravel\\framework\\src\\Illuminate\\Pipeline\\Pipeline.php(208): Illuminate\\Http\\Middleware\\ValidatePathEncoding->handle()
#44 C:\\Users\\User\\OneDrive\\Documents\\Albert\\Appointment-Booking-System-master\\vendor\\laravel\\framework\\src\\Illuminate\\Pipeline\\Pipeline.php(126): Illuminate\\Pipeline\\Pipeline->Illuminate\\Pipeline\\{closure}()
#45 C:\\Users\\User\\OneDrive\\Documents\\Albert\\Appointment-Booking-System-master\\vendor\\laravel\\framework\\src\\Illuminate\\Foundation\\Http\\Kernel.php(175): Illuminate\\Pipeline\\Pipeline->then()
#46 C:\\Users\\User\\OneDrive\\Documents\\Albert\\Appointment-Booking-System-master\\vendor\\laravel\\framework\\src\\Illuminate\\Foundation\\Http\\Kernel.php(144): Illuminate\\Foundation\\Http\\Kernel->sendRequestThroughRouter()
#47 C:\\Users\\User\\OneDrive\\Documents\\Albert\\Appointment-Booking-System-master\\vendor\\laravel\\framework\\src\\Illuminate\\Foundation\\Testing\\Concerns\\MakesHttpRequests.php(607): Illuminate\\Foundation\\Http\\Kernel->handle()
#48 C:\\Users\\User\\OneDrive\\Documents\\Albert\\Appointment-Booking-System-master\\vendor\\laravel\\framework\\src\\Illuminate\\Foundation\\Testing\\Concerns\\MakesHttpRequests.php(368): Illuminate\\Foundation\\Testing\\TestCase->call()
#49 C:\\Users\\User\\OneDrive\\Documents\\Albert\\Appointment-Booking-System-master\\tests\\Feature\\Auth\\RegistrationTest.php(14): Illuminate\\Foundation\\Testing\\TestCase->get()
#50 C:\\Users\\User\\OneDrive\\Documents\\Albert\\Appointment-Booking-System-master\\vendor\\phpunit\\phpunit\\src\\Framework\\TestCase.php(1656): Tests\\Feature\\Auth\\RegistrationTest->test_registration_screen_can_be_rendered()
#51 C:\\Users\\User\\OneDrive\\Documents\\Albert\\Appointment-Booking-System-master\\vendor\\phpunit\\phpunit\\src\\Framework\\TestCase.php(514): PHPUnit\\Framework\\TestCase->runTest()
#52 C:\\Users\\User\\OneDrive\\Documents\\Albert\\Appointment-Booking-System-master\\vendor\\phpunit\\phpunit\\src\\Framework\\TestRunner\\TestRunner.php(87): PHPUnit\\Framework\\TestCase->runBare()
#53 C:\\Users\\User\\OneDrive\\Documents\\Albert\\Appointment-Booking-System-master\\vendor\\phpunit\\phpunit\\src\\Framework\\TestCase.php(361): PHPUnit\\Framework\\TestRunner->run()
#54 C:\\Users\\User\\OneDrive\\Documents\\Albert\\Appointment-Booking-System-master\\vendor\\phpunit\\phpunit\\src\\Framework\\TestSuite.php(369): PHPUnit\\Framework\\TestCase->run()
#55 C:\\Users\\User\\OneDrive\\Documents\\Albert\\Appointment-Booking-System-master\\vendor\\phpunit\\phpunit\\src\\Framework\\TestSuite.php(369): PHPUnit\\Framework\\TestSuite->run()
#56 C:\\Users\\User\\OneDrive\\Documents\\Albert\\Appointment-Booking-System-master\\vendor\\phpunit\\phpunit\\src\\Framework\\TestSuite.php(369): PHPUnit\\Framework\\TestSuite->run()
#57 C:\\Users\\User\\OneDrive\\Documents\\Albert\\Appointment-Booking-System-master\\vendor\\phpunit\\phpunit\\src\\TextUI\\TestRunner.php(64): PHPUnit\\Framework\\TestSuite->run()
#58 C:\\Users\\User\\OneDrive\\Documents\\Albert\\Appointment-Booking-System-master\\vendor\\phpunit\\phpunit\\src\\TextUI\\Application.php(210): PHPUnit\\TextUI\\TestRunner->run()
#59 C:\\Users\\User\\OneDrive\\Documents\\Albert\\Appointment-Booking-System-master\\vendor\\phpunit\\phpunit\\phpunit(104): PHPUnit\\TextUI\\Application->run()
#60 C:\\Users\\User\\OneDrive\\Documents\\Albert\\Appointment-Booking-System-master\\vendor\\bin\\phpunit(122): include('...')
#61 {main}
"} 
[2026-05-22 17:04:31] testing.ERROR: Target class [App\Http\Middleware\RedirectIfPatientAuthenticated] does not exist. {"exception":"[object] (Illuminate\\Contracts\\Container\\BindingResolutionException(code: 0): Target class [App\\Http\\Middleware\\RedirectIfPatientAuthenticated] does not exist. at C:\\Users\\User\\OneDrive\\Documents\\Albert\\Appointment-Booking-System-master\\vendor\\laravel\\framework\\src\\Illuminate\\Container\\Container.php:1019)
[stacktrace]
#0 C:\\Users\\User\\OneDrive\\Documents\\Albert\\Appointment-Booking-System-master\\vendor\\laravel\\framework\\src\\Illuminate\\Container\\Container.php(890): Illuminate\\Container\\Container->build()
#1 C:\\Users\\User\\OneDrive\\Documents\\Albert\\Appointment-Booking-System-master\\vendor\\laravel\\framework\\src\\Illuminate\\Foundation\\Application.php(1077): Illuminate\\Container\\Container->resolve()
#2 C:\\Users\\User\\OneDrive\\Documents\\Albert\\Appointment-Booking-System-master\\vendor\\laravel\\framework\\src\\Illuminate\\Container\\Container.php(821): Illuminate\\Foundation\\Application->resolve()
#3 C:\\Users\\User\\OneDrive\\Documents\\Albert\\Appointment-Booking-System-master\\vendor\\laravel\\framework\\src\\Illuminate\\Foundation\\Application.php(1057): Illuminate\\Container\\Container->make()
#4 C:\\Users\\User\\OneDrive\\Documents\\Albert\\Appointment-Booking-System-master\\vendor\\laravel\\framework\\src\\Illuminate\\Pipeline\\Pipeline.php(197): Illuminate\\Foundation\\Application->make()
#5 C:\\Users\\User\\OneDrive\\Documents\\Albert\\Appointment-Booking-System-master\\vendor\\laravel\\framework\\src\\Illuminate\\Routing\\Middleware\\SubstituteBindings.php(50): Illuminate\\Pipeline\\Pipeline->Illuminate\\Pipeline\\{closure}()
#6 C:\\Users\\User\\OneDrive\\Documents\\Albert\\Appointment-Booking-System-master\\vendor\\laravel\\framework\\src\\Illuminate\\Pipeline\\Pipeline.php(208): Illuminate\\Routing\\Middleware\\SubstituteBindings->handle()
#7 C:\\Users\\User\\OneDrive\\Documents\\Albert\\Appointment-Booking-System-master\\vendor\\laravel\\framework\\src\\Illuminate\\Foundation\\Http\\Middleware\\VerifyCsrfToken.php(87): Illuminate\\Pipeline\\Pipeline->Illuminate\\Pipeline\\{closure}()
#8 C:\\Users\\User\\OneDrive\\Documents\\Albert\\Appointment-Booking-System-master\\vendor\\laravel\\framework\\src\\Illuminate\\Pipeline\\Pipeline.php(208): Illuminate\\Foundation\\Http\\Middleware\\VerifyCsrfToken->handle()
#9 C:\\Users\\User\\OneDrive\\Documents\\Albert\\Appointment-Booking-System-master\\vendor\\laravel\\framework\\src\\Illuminate\\View\\Middleware\\ShareErrorsFromSession.php(48): Illuminate\\Pipeline\\Pipeline->Illuminate\\Pipeline\\{closure}()
#10 C:\\Users\\User\\OneDrive\\Documents\\Albert\\Appointment-Booking-System-master\\vendor\\laravel\\framework\\src\\Illuminate\\Pipeline\\Pipeline.php(208): Illuminate\\View\\Middleware\\ShareErrorsFromSession->handle()
#11 C:\\Users\\User\\OneDrive\\Documents\\Albert\\Appointment-Booking-System-master\\vendor\\laravel\\framework\\src\\Illuminate\\Session\\Middleware\\StartSession.php(120): Illuminate\\Pipeline\\Pipeline->Illuminate\\Pipeline\\{closure}()
#12 C:\\Users\\User\\OneDrive\\Documents\\Albert\\Appointment-Booking-System-master\\vendor\\laravel\\framework\\src\\Illuminate\\Session\\Middleware\\StartSession.php(63): Illuminate\\Session\\Middleware\\StartSession->handleStatefulRequest()
#13 C:\\Users\\User\\OneDrive\\Documents\\Albert\\Appointment-Booking-System-master\\vendor\\laravel\\framework\\src\\Illuminate\\Pipeline\\Pipeline.php(208): Illuminate\\Session\\Middleware\\StartSession->handle()
#14 C:\\Users\\User\\OneDrive\\Documents\\Albert\\Appointment-Booking-System-master\\vendor\\laravel\\framework\\src\\Illuminate\\Cookie\\Middleware\\AddQueuedCookiesToResponse.php(36): Illuminate\\Pipeline\\Pipeline->Illuminate\\Pipeline\\{closure}()
#15 C:\\Users\\User\\OneDrive\\Documents\\Albert\\Appointment-Booking-System-master\\vendor\\laravel\\framework\\src\\Illuminate\\Pipeline\\Pipeline.php(208): Illuminate\\Cookie\\Middleware\\AddQueuedCookiesToResponse->handle()
#16 C:\\Users\\User\\OneDrive\\Documents\\Albert\\Appointment-Booking-System-master\\vendor\\laravel\\framework\\src\\Illuminate\\Cookie\\Middleware\\EncryptCookies.php(74): Illuminate\\Pipeline\\Pipeline->Illuminate\\Pipeline\\{closure}()
#17 C:\\Users\\User\\OneDrive\\Documents\\Albert\\Appointment-Booking-System-master\\vendor\\laravel\\framework\\src\\Illuminate\\Pipeline\\Pipeline.php(208): Illuminate\\Cookie\\Middleware\\EncryptCookies->handle()
#18 C:\\Users\\User\\OneDrive\\Documents\\Albert\\Appointment-Booking-System-master\\vendor\\laravel\\framework\\src\\Illuminate\\Pipeline\\Pipeline.php(126): Illuminate\\Pipeline\\Pipeline->Illuminate\\Pipeline\\{closure}()
#19 C:\\Users\\User\\OneDrive\\Documents\\Albert\\Appointment-Booking-System-master\\vendor\\laravel\\framework\\src\\Illuminate\\Routing\\Router.php(807): Illuminate\\Pipeline\\Pipeline->then()
#20 C:\\Users\\User\\OneDrive\\Documents\\Albert\\Appointment-Booking-System-master\\vendor\\laravel\\framework\\src\\Illuminate\\Routing\\Router.php(786): Illuminate\\Routing\\Router->runRouteWithinStack()
#21 C:\\Users\\User\\OneDrive\\Documents\\Albert\\Appointment-Booking-System-master\\vendor\\laravel\\framework\\src\\Illuminate\\Routing\\Router.php(750): Illuminate\\Routing\\Router->runRoute()
#22 C:\\Users\\User\\OneDrive\\Documents\\Albert\\Appointment-Booking-System-master\\vendor\\laravel\\framework\\src\\Illuminate\\Routing\\Router.php(739): Illuminate\\Routing\\Router->dispatchToRoute()
#23 C:\\Users\\User\\OneDrive\\Documents\\Albert\\Appointment-Booking-System-master\\vendor\\laravel\\framework\\src\\Illuminate\\Foundation\\Http\\Kernel.php(200): Illuminate\\Routing\\Router->dispatch()
#24 C:\\Users\\User\\OneDrive\\Documents\\Albert\\Appointment-Booking-System-master\\vendor\\laravel\\framework\\src\\Illuminate\\Pipeline\\Pipeline.php(169): Illuminate\\Foundation\\Http\\Kernel->Illuminate\\Foundation\\Http\\{closure}()
#25 C:\\Users\\User\\OneDrive\\Documents\\Albert\\Appointment-Booking-System-master\\vendor\\laravel\\framework\\src\\Illuminate\\Foundation\\Http\\Middleware\\TransformsRequest.php(21): Illuminate\\Pipeline\\Pipeline->Illuminate\\Pipeline\\{closure}()
#26 C:\\Users\\User\\OneDrive\\Documents\\Albert\\Appointment-Booking-System-master\\vendor\\laravel\\framework\\src\\Illuminate\\Foundation\\Http\\Middleware\\ConvertEmptyStringsToNull.php(31): Illuminate\\Foundation\\Http\\Middleware\\TransformsRequest->handle()
#27 C:\\Users\\User\\OneDrive\\Documents\\Albert\\Appointment-Booking-System-master\\vendor\\laravel\\framework\\src\\Illuminate\\Pipeline\\Pipeline.php(208): Illuminate\\Foundation\\Http\\Middleware\\ConvertEmptyStringsToNull->handle()
#28 C:\\Users\\User\\OneDrive\\Documents\\Albert\\Appointment-Booking-System-master\\vendor\\laravel\\framework\\src\\Illuminate\\Foundation\\Http\\Middleware\\TransformsRequest.php(21): Illuminate\\Pipeline\\Pipeline->Illuminate\\Pipeline\\{closure}()
#29 C:\\Users\\User\\OneDrive\\Documents\\Albert\\Appointment-Booking-System-master\\vendor\\laravel\\framework\\src\\Illuminate\\Foundation\\Http\\Middleware\\TrimStrings.php(51): Illuminate\\Foundation\\Http\\Middleware\\TransformsRequest->handle()
#30 C:\\Users\\User\\OneDrive\\Documents\\Albert\\Appointment-Booking-System-master\\vendor\\laravel\\framework\\src\\Illuminate\\Pipeline\\Pipeline.php(208): Illuminate\\Foundation\\Http\\Middleware\\TrimStrings->handle()
#31 C:\\Users\\User\\OneDrive\\Documents\\Albert\\Appointment-Booking-System-master\\vendor\\laravel\\framework\\src\\Illuminate\\Http\\Middleware\\ValidatePostSize.php(27): Illuminate\\Pipeline\\Pipeline->Illuminate\\Pipeline\\{closure}()
#32 C:\\Users\\User\\OneDrive\\Documents\\Albert\\Appointment-Booking-System-master\\vendor\\laravel\\framework\\src\\Illuminate\\Pipeline\\Pipeline.php(208): Illuminate\\Http\\Middleware\\ValidatePostSize->handle()
#33 C:\\Users\\User\\OneDrive\\Documents\\Albert\\Appointment-Booking-System-master\\vendor\\laravel\\framework\\src\\Illuminate\\Foundation\\Http\\Middleware\\PreventRequestsDuringMaintenance.php(109): Illuminate\\Pipeline\\Pipeline->Illuminate\\Pipeline\\{closure}()
#34 C:\\Users\\User\\OneDrive\\Documents\\Albert\\Appointment-Booking-System-master\\vendor\\laravel\\framework\\src\\Illuminate\\Pipeline\\Pipeline.php(208): Illuminate\\Foundation\\Http\\Middleware\\PreventRequestsDuringMaintenance->handle()
#35 C:\\Users\\User\\OneDrive\\Documents\\Albert\\Appointment-Booking-System-master\\vendor\\laravel\\framework\\src\\Illuminate\\Http\\Middleware\\HandleCors.php(48): Illuminate\\Pipeline\\Pipeline->Illuminate\\Pipeline\\{closure}()
#36 C:\\Users\\User\\OneDrive\\Documents\\Albert\\Appointment-Booking-System-master\\vendor\\laravel\\framework\\src\\Illuminate\\Pipeline\\Pipeline.php(208): Illuminate\\Http\\Middleware\\HandleCors->handle()
#37 C:\\Users\\User\\OneDrive\\Documents\\Albert\\Appointment-Booking-System-master\\vendor\\laravel\\framework\\src\\Illuminate\\Http\\Middleware\\TrustProxies.php(58): Illuminate\\Pipeline\\Pipeline->Illuminate\\Pipeline\\{closure}()
#38 C:\\Users\\User\\OneDrive\\Documents\\Albert\\Appointment-Booking-System-master\\vendor\\laravel\\framework\\src\\Illuminate\\Pipeline\\Pipeline.php(208): Illuminate\\Http\\Middleware\\TrustProxies->handle()
#39 C:\\Users\\User\\OneDrive\\Documents\\Albert\\Appointment-Booking-System-master\\vendor\\laravel\\framework\\src\\Illuminate\\Foundation\\Http\\Middleware\\InvokeDeferredCallbacks.php(22): Illuminate\\Pipeline\\Pipeline->Illuminate\\Pipeline\\{closure}()
#40 C:\\Users\\User\\OneDrive\\Documents\\Albert\\Appointment-Booking-System-master\\vendor\\laravel\\framework\\src\\Illuminate\\Pipeline\\Pipeline.php(208): Illuminate\\Foundation\\Http\\Middleware\\InvokeDeferredCallbacks->handle()
#41 C:\\Users\\User\\OneDrive\\Documents\\Albert\\Appointment-Booking-System-master\\vendor\\laravel\\framework\\src\\Illuminate\\Http\\Middleware\\ValidatePathEncoding.php(26): Illuminate\\Pipeline\\Pipeline->Illuminate\\Pipeline\\{closure}()
#42 C:\\Users\\User\\OneDrive\\Documents\\Albert\\Appointment-Booking-System-master\\vendor\\laravel\\framework\\src\\Illuminate\\Pipeline\\Pipeline.php(208): Illuminate\\Http\\Middleware\\ValidatePathEncoding->handle()
#43 C:\\Users\\User\\OneDrive\\Documents\\Albert\\Appointment-Booking-System-master\\vendor\\laravel\\framework\\src\\Illuminate\\Pipeline\\Pipeline.php(126): Illuminate\\Pipeline\\Pipeline->Illuminate\\Pipeline\\{closure}()
#44 C:\\Users\\User\\OneDrive\\Documents\\Albert\\Appointment-Booking-System-master\\vendor\\laravel\\framework\\src\\Illuminate\\Foundation\\Http\\Kernel.php(175): Illuminate\\Pipeline\\Pipeline->then()
#45 C:\\Users\\User\\OneDrive\\Documents\\Albert\\Appointment-Booking-System-master\\vendor\\laravel\\framework\\src\\Illuminate\\Foundation\\Http\\Kernel.php(144): Illuminate\\Foundation\\Http\\Kernel->sendRequestThroughRouter()
#46 C:\\Users\\User\\OneDrive\\Documents\\Albert\\Appointment-Booking-System-master\\vendor\\laravel\\framework\\src\\Illuminate\\Foundation\\Testing\\Concerns\\MakesHttpRequests.php(607): Illuminate\\Foundation\\Http\\Kernel->handle()
#47 C:\\Users\\User\\OneDrive\\Documents\\Albert\\Appointment-Booking-System-master\\vendor\\laravel\\framework\\src\\Illuminate\\Foundation\\Testing\\Concerns\\MakesHttpRequests.php(397): Illuminate\\Foundation\\Testing\\TestCase->call()
#48 C:\\Users\\User\\OneDrive\\Documents\\Albert\\Appointment-Booking-System-master\\tests\\Feature\\Auth\\RegistrationTest.php(21): Illuminate\\Foundation\\Testing\\TestCase->post()
#49 C:\\Users\\User\\OneDrive\\Documents\\Albert\\Appointment-Booking-System-master\\vendor\\phpunit\\phpunit\\src\\Framework\\TestCase.php(1656): Tests\\Feature\\Auth\\RegistrationTest->test_new_users_can_register()
#50 C:\\Users\\User\\OneDrive\\Documents\\Albert\\Appointment-Booking-System-master\\vendor\\phpunit\\phpunit\\src\\Framework\\TestCase.php(514): PHPUnit\\Framework\\TestCase->runTest()
#51 C:\\Users\\User\\OneDrive\\Documents\\Albert\\Appointment-Booking-System-master\\vendor\\phpunit\\phpunit\\src\\Framework\\TestRunner\\TestRunner.php(87): PHPUnit\\Framework\\TestCase->runBare()
#52 C:\\Users\\User\\OneDrive\\Documents\\Albert\\Appointment-Booking-System-master\\vendor\\phpunit\\phpunit\\src\\Framework\\TestCase.php(361): PHPUnit\\Framework\\TestRunner->run()
#53 C:\\Users\\User\\OneDrive\\Documents\\Albert\\Appointment-Booking-System-master\\vendor\\phpunit\\phpunit\\src\\Framework\\TestSuite.php(369): PHPUnit\\Framework\\TestCase->run()
#54 C:\\Users\\User\\OneDrive\\Documents\\Albert\\Appointment-Booking-System-master\\vendor\\phpunit\\phpunit\\src\\Framework\\TestSuite.php(369): PHPUnit\\Framework\\TestSuite->run()
#55 C:\\Users\\User\\OneDrive\\Documents\\Albert\\Appointment-Booking-System-master\\vendor\\phpunit\\phpunit\\src\\Framework\\TestSuite.php(369): PHPUnit\\Framework\\TestSuite->run()
#56 C:\\Users\\User\\OneDrive\\Documents\\Albert\\Appointment-Booking-System-master\\vendor\\phpunit\\phpunit\\src\\TextUI\\TestRunner.php(64): PHPUnit\\Framework\\TestSuite->run()
#57 C:\\Users\\User\\OneDrive\\Documents\\Albert\\Appointment-Booking-System-master\\vendor\\phpunit\\phpunit\\src\\TextUI\\Application.php(210): PHPUnit\\TextUI\\TestRunner->run()
#58 C:\\Users\\User\\OneDrive\\Documents\\Albert\\Appointment-Booking-System-master\\vendor\\phpunit\\phpunit\\phpunit(104): PHPUnit\\TextUI\\Application->run()
#59 C:\\Users\\User\\OneDrive\\Documents\\Albert\\Appointment-Booking-System-master\\vendor\\bin\\phpunit(122): include('...')
#60 {main}

[previous exception] [object] (ReflectionException(code: -1): Class \"App\\Http\\Middleware\\RedirectIfPatientAuthenticated\" does not exist at C:\\Users\\User\\OneDrive\\Documents\\Albert\\Appointment-Booking-System-master\\vendor\\laravel\\framework\\src\\Illuminate\\Container\\Container.php:1017)
[stacktrace]
#0 C:\\Users\\User\\OneDrive\\Documents\\Albert\\Appointment-Booking-System-master\\vendor\\laravel\\framework\\src\\Illuminate\\Container\\Container.php(1017): ReflectionClass->__construct()
#1 C:\\Users\\User\\OneDrive\\Documents\\Albert\\Appointment-Booking-System-master\\vendor\\laravel\\framework\\src\\Illuminate\\Container\\Container.php(890): Illuminate\\Container\\Container->build()
#2 C:\\Users\\User\\OneDrive\\Documents\\Albert\\Appointment-Booking-System-master\\vendor\\laravel\\framework\\src\\Illuminate\\Foundation\\Application.php(1077): Illuminate\\Container\\Container->resolve()
#3 C:\\Users\\User\\OneDrive\\Documents\\Albert\\Appointment-Booking-System-master\\vendor\\laravel\\framework\\src\\Illuminate\\Container\\Container.php(821): Illuminate\\Foundation\\Application->resolve()
#4 C:\\Users\\User\\OneDrive\\Documents\\Albert\\Appointment-Booking-System-master\\vendor\\laravel\\framework\\src\\Illuminate\\Foundation\\Application.php(1057): Illuminate\\Container\\Container->make()
#5 C:\\Users\\User\\OneDrive\\Documents\\Albert\\Appointment-Booking-System-master\\vendor\\laravel\\framework\\src\\Illuminate\\Pipeline\\Pipeline.php(197): Illuminate\\Foundation\\Application->make()
#6 C:\\Users\\User\\OneDrive\\Documents\\Albert\\Appointment-Booking-System-master\\vendor\\laravel\\framework\\src\\Illuminate\\Routing\\Middleware\\SubstituteBindings.php(50): Illuminate\\Pipeline\\Pipeline->Illuminate\\Pipeline\\{closure}()
#7 C:\\Users\\User\\OneDrive\\Documents\\Albert\\Appointment-Booking-System-master\\vendor\\laravel\\framework\\src\\Illuminate\\Pipeline\\Pipeline.php(208): Illuminate\\Routing\\Middleware\\SubstituteBindings->handle()
#8 C:\\Users\\User\\OneDrive\\Documents\\Albert\\Appointment-Booking-System-master\\vendor\\laravel\\framework\\src\\Illuminate\\Foundation\\Http\\Middleware\\VerifyCsrfToken.php(87): Illuminate\\Pipeline\\Pipeline->Illuminate\\Pipeline\\{closure}()
#9 C:\\Users\\User\\OneDrive\\Documents\\Albert\\Appointment-Booking-System-master\\vendor\\laravel\\framework\\src\\Illuminate\\Pipeline\\Pipeline.php(208): Illuminate\\Foundation\\Http\\Middleware\\VerifyCsrfToken->handle()
#10 C:\\Users\\User\\OneDrive\\Documents\\Albert\\Appointment-Booking-System-master\\vendor\\laravel\\framework\\src\\Illuminate\\View\\Middleware\\ShareErrorsFromSession.php(48): Illuminate\\Pipeline\\Pipeline->Illuminate\\Pipeline\\{closure}()
#11 C:\\Users\\User\\OneDrive\\Documents\\Albert\\Appointment-Booking-System-master\\vendor\\laravel\\framework\\src\\Illuminate\\Pipeline\\Pipeline.php(208): Illuminate\\View\\Middleware\\ShareErrorsFromSession->handle()
#12 C:\\Users\\User\\OneDrive\\Documents\\Albert\\Appointment-Booking-System-master\\vendor\\laravel\\framework\\src\\Illuminate\\Session\\Middleware\\StartSession.php(120): Illuminate\\Pipeline\\Pipeline->Illuminate\\Pipeline\\{closure}()
#13 C:\\Users\\User\\OneDrive\\Documents\\Albert\\Appointment-Booking-System-master\\vendor\\laravel\\framework\\src\\Illuminate\\Session\\Middleware\\StartSession.php(63): Illuminate\\Session\\Middleware\\StartSession->handleStatefulRequest()
#14 C:\\Users\\User\\OneDrive\\Documents\\Albert\\Appointment-Booking-System-master\\vendor\\laravel\\framework\\src\\Illuminate\\Pipeline\\Pipeline.php(208): Illuminate\\Session\\Middleware\\StartSession->handle()
#15 C:\\Users\\User\\OneDrive\\Documents\\Albert\\Appointment-Booking-System-master\\vendor\\laravel\\framework\\src\\Illuminate\\Cookie\\Middleware\\AddQueuedCookiesToResponse.php(36): Illuminate\\Pipeline\\Pipeline->Illuminate\\Pipeline\\{closure}()
#16 C:\\Users\\User\\OneDrive\\Documents\\Albert\\Appointment-Booking-System-master\\vendor\\laravel\\framework\\src\\Illuminate\\Pipeline\\Pipeline.php(208): Illuminate\\Cookie\\Middleware\\AddQueuedCookiesToResponse->handle()
#17 C:\\Users\\User\\OneDrive\\Documents\\Albert\\Appointment-Booking-System-master\\vendor\\laravel\\framework\\src\\Illuminate\\Cookie\\Middleware\\EncryptCookies.php(74): Illuminate\\Pipeline\\Pipeline->Illuminate\\Pipeline\\{closure}()
#18 C:\\Users\\User\\OneDrive\\Documents\\Albert\\Appointment-Booking-System-master\\vendor\\laravel\\framework\\src\\Illuminate\\Pipeline\\Pipeline.php(208): Illuminate\\Cookie\\Middleware\\EncryptCookies->handle()
#19 C:\\Users\\User\\OneDrive\\Documents\\Albert\\Appointment-Booking-System-master\\vendor\\laravel\\framework\\src\\Illuminate\\Pipeline\\Pipeline.php(126): Illuminate\\Pipeline\\Pipeline->Illuminate\\Pipeline\\{closure}()
#20 C:\\Users\\User\\OneDrive\\Documents\\Albert\\Appointment-Booking-System-master\\vendor\\laravel\\framework\\src\\Illuminate\\Routing\\Router.php(807): Illuminate\\Pipeline\\Pipeline->then()
#21 C:\\Users\\User\\OneDrive\\Documents\\Albert\\Appointment-Booking-System-master\\vendor\\laravel\\framework\\src\\Illuminate\\Routing\\Router.php(786): Illuminate\\Routing\\Router->runRouteWithinStack()
#22 C:\\Users\\User\\OneDrive\\Documents\\Albert\\Appointment-Booking-System-master\\vendor\\laravel\\framework\\src\\Illuminate\\Routing\\Router.php(750): Illuminate\\Routing\\Router->runRoute()
#23 C:\\Users\\User\\OneDrive\\Documents\\Albert\\Appointment-Booking-System-master\\vendor\\laravel\\framework\\src\\Illuminate\\Routing\\Router.php(739): Illuminate\\Routing\\Router->dispatchToRoute()
#24 C:\\Users\\User\\OneDrive\\Documents\\Albert\\Appointment-Booking-System-master\\vendor\\laravel\\framework\\src\\Illuminate\\Foundation\\Http\\Kernel.php(200): Illuminate\\Routing\\Router->dispatch()
#25 C:\\Users\\User\\OneDrive\\Documents\\Albert\\Appointment-Booking-System-master\\vendor\\laravel\\framework\\src\\Illuminate\\Pipeline\\Pipeline.php(169): Illuminate\\Foundation\\Http\\Kernel->Illuminate\\Foundation\\Http\\{closure}()
#26 C:\\Users\\User\\OneDrive\\Documents\\Albert\\Appointment-Booking-System-master\\vendor\\laravel\\framework\\src\\Illuminate\\Foundation\\Http\\Middleware\\TransformsRequest.php(21): Illuminate\\Pipeline\\Pipeline->Illuminate\\Pipeline\\{closure}()
#27 C:\\Users\\User\\OneDrive\\Documents\\Albert\\Appointment-Booking-System-master\\vendor\\laravel\\framework\\src\\Illuminate\\Foundation\\Http\\Middleware\\ConvertEmptyStringsToNull.php(31): Illuminate\\Foundation\\Http\\Middleware\\TransformsRequest->handle()
#28 C:\\Users\\User\\OneDrive\\Documents\\Albert\\Appointment-Booking-System-master\\vendor\\laravel\\framework\\src\\Illuminate\\Pipeline\\Pipeline.php(208): Illuminate\\Foundation\\Http\\Middleware\\ConvertEmptyStringsToNull->handle()
#29 C:\\Users\\User\\OneDrive\\Documents\\Albert\\Appointment-Booking-System-master\\vendor\\laravel\\framework\\src\\Illuminate\\Foundation\\Http\\Middleware\\TransformsRequest.php(21): Illuminate\\Pipeline\\Pipeline->Illuminate\\Pipeline\\{closure}()
#30 C:\\Users\\User\\OneDrive\\Documents\\Albert\\Appointment-Booking-System-master\\vendor\\laravel\\framework\\src\\Illuminate\\Foundation\\Http\\Middleware\\TrimStrings.php(51): Illuminate\\Foundation\\Http\\Middleware\\TransformsRequest->handle()
#31 C:\\Users\\User\\OneDrive\\Documents\\Albert\\Appointment-Booking-System-master\\vendor\\laravel\\framework\\src\\Illuminate\\Pipeline\\Pipeline.php(208): Illuminate\\Foundation\\Http\\Middleware\\TrimStrings->handle()
#32 C:\\Users\\User\\OneDrive\\Documents\\Albert\\Appointment-Booking-System-master\\vendor\\laravel\\framework\\src\\Illuminate\\Http\\Middleware\\ValidatePostSize.php(27): Illuminate\\Pipeline\\Pipeline->Illuminate\\Pipeline\\{closure}()
#33 C:\\Users\\User\\OneDrive\\Documents\\Albert\\Appointment-Booking-System-master\\vendor\\laravel\\framework\\src\\Illuminate\\Pipeline\\Pipeline.php(208): Illuminate\\Http\\Middleware\\ValidatePostSize->handle()
#34 C:\\Users\\User\\OneDrive\\Documents\\Albert\\Appointment-Booking-System-master\\vendor\\laravel\\framework\\src\\Illuminate\\Foundation\\Http\\Middleware\\PreventRequestsDuringMaintenance.php(109): Illuminate\\Pipeline\\Pipeline->Illuminate\\Pipeline\\{closure}()
#35 C:\\Users\\User\\OneDrive\\Documents\\Albert\\Appointment-Booking-System-master\\vendor\\laravel\\framework\\src\\Illuminate\\Pipeline\\Pipeline.php(208): Illuminate\\Foundation\\Http\\Middleware\\PreventRequestsDuringMaintenance->handle()
#36 C:\\Users\\User\\OneDrive\\Documents\\Albert\\Appointment-Booking-System-master\\vendor\\laravel\\framework\\src\\Illuminate\\Http\\Middleware\\HandleCors.php(48): Illuminate\\Pipeline\\Pipeline->Illuminate\\Pipeline\\{closure}()
#37 C:\\Users\\User\\OneDrive\\Documents\\Albert\\Appointment-Booking-System-master\\vendor\\laravel\\framework\\src\\Illuminate\\Pipeline\\Pipeline.php(208): Illuminate\\Http\\Middleware\\HandleCors->handle()
#38 C:\\Users\\User\\OneDrive\\Documents\\Albert\\Appointment-Booking-System-master\\vendor\\laravel\\framework\\src\\Illuminate\\Http\\Middleware\\TrustProxies.php(58): Illuminate\\Pipeline\\Pipeline->Illuminate\\Pipeline\\{closure}()
#39 C:\\Users\\User\\OneDrive\\Documents\\Albert\\Appointment-Booking-System-master\\vendor\\laravel\\framework\\src\\Illuminate\\Pipeline\\Pipeline.php(208): Illuminate\\Http\\Middleware\\TrustProxies->handle()
#40 C:\\Users\\User\\OneDrive\\Documents\\Albert\\Appointment-Booking-System-master\\vendor\\laravel\\framework\\src\\Illuminate\\Foundation\\Http\\Middleware\\InvokeDeferredCallbacks.php(22): Illuminate\\Pipeline\\Pipeline->Illuminate\\Pipeline\\{closure}()
#41 C:\\Users\\User\\OneDrive\\Documents\\Albert\\Appointment-Booking-System-master\\vendor\\laravel\\framework\\src\\Illuminate\\Pipeline\\Pipeline.php(208): Illuminate\\Foundation\\Http\\Middleware\\InvokeDeferredCallbacks->handle()
#42 C:\\Users\\User\\OneDrive\\Documents\\Albert\\Appointment-Booking-System-master\\vendor\\laravel\\framework\\src\\Illuminate\\Http\\Middleware\\ValidatePathEncoding.php(26): Illuminate\\Pipeline\\Pipeline->Illuminate\\Pipeline\\{closure}()
#43 C:\\Users\\User\\OneDrive\\Documents\\Albert\\Appointment-Booking-System-master\\vendor\\laravel\\framework\\src\\Illuminate\\Pipeline\\Pipeline.php(208): Illuminate\\Http\\Middleware\\ValidatePathEncoding->handle()
#44 C:\\Users\\User\\OneDrive\\Documents\\Albert\\Appointment-Booking-System-master\\vendor\\laravel\\framework\\src\\Illuminate\\Pipeline\\Pipeline.php(126): Illuminate\\Pipeline\\Pipeline->Illuminate\\Pipeline\\{closure}()
#45 C:\\Users\\User\\OneDrive\\Documents\\Albert\\Appointment-Booking-System-master\\vendor\\laravel\\framework\\src\\Illuminate\\Foundation\\Http\\Kernel.php(175): Illuminate\\Pipeline\\Pipeline->then()
#46 C:\\Users\\User\\OneDrive\\Documents\\Albert\\Appointment-Booking-System-master\\vendor\\laravel\\framework\\src\\Illuminate\\Foundation\\Http\\Kernel.php(144): Illuminate\\Foundation\\Http\\Kernel->sendRequestThroughRouter()
#47 C:\\Users\\User\\OneDrive\\Documents\\Albert\\Appointment-Booking-System-master\\vendor\\laravel\\framework\\src\\Illuminate\\Foundation\\Testing\\Concerns\\MakesHttpRequests.php(607): Illuminate\\Foundation\\Http\\Kernel->handle()
#48 C:\\Users\\User\\OneDrive\\Documents\\Albert\\Appointment-Booking-System-master\\vendor\\laravel\\framework\\src\\Illuminate\\Foundation\\Testing\\Concerns\\MakesHttpRequests.php(397): Illuminate\\Foundation\\Testing\\TestCase->call()
#49 C:\\Users\\User\\OneDrive\\Documents\\Albert\\Appointment-Booking-System-master\\tests\\Feature\\Auth\\RegistrationTest.php(21): Illuminate\\Foundation\\Testing\\TestCase->post()
#50 C:\\Users\\User\\OneDrive\\Documents\\Albert\\Appointment-Booking-System-master\\vendor\\phpunit\\phpunit\\src\\Framework\\TestCase.php(1656): Tests\\Feature\\Auth\\RegistrationTest->test_new_users_can_register()
#51 C:\\Users\\User\\OneDrive\\Documents\\Albert\\Appointment-Booking-System-master\\vendor\\phpunit\\phpunit\\src\\Framework\\TestCase.php(514): PHPUnit\\Framework\\TestCase->runTest()
#52 C:\\Users\\User\\OneDrive\\Documents\\Albert\\Appointment-Booking-System-master\\vendor\\phpunit\\phpunit\\src\\Framework\\TestRunner\\TestRunner.php(87): PHPUnit\\Framework\\TestCase->runBare()
#53 C:\\Users\\User\\OneDrive\\Documents\\Albert\\Appointment-Booking-System-master\\vendor\\phpunit\\phpunit\\src\\Framework\\TestCase.php(361): PHPUnit\\Framework\\TestRunner->run()
#54 C:\\Users\\User\\OneDrive\\Documents\\Albert\\Appointment-Booking-System-master\\vendor\\phpunit\\phpunit\\src\\Framework\\TestSuite.php(369): PHPUnit\\Framework\\TestCase->run()
#55 C:\\Users\\User\\OneDrive\\Documents\\Albert\\Appointment-Booking-System-master\\vendor\\phpunit\\phpunit\\src\\Framework\\TestSuite.php(369): PHPUnit\\Framework\\TestSuite->run()
#56 C:\\Users\\User\\OneDrive\\Documents\\Albert\\Appointment-Booking-System-master\\vendor\\phpunit\\phpunit\\src\\Framework\\TestSuite.php(369): PHPUnit\\Framework\\TestSuite->run()
#57 C:\\Users\\User\\OneDrive\\Documents\\Albert\\Appointment-Booking-System-master\\vendor\\phpunit\\phpunit\\src\\TextUI\\TestRunner.php(64): PHPUnit\\Framework\\TestSuite->run()
#58 C:\\Users\\User\\OneDrive\\Documents\\Albert\\Appointment-Booking-System-master\\vendor\\phpunit\\phpunit\\src\\TextUI\\Application.php(210): PHPUnit\\TextUI\\TestRunner->run()
#59 C:\\Users\\User\\OneDrive\\Documents\\Albert\\Appointment-Booking-System-master\\vendor\\phpunit\\phpunit\\phpunit(104): PHPUnit\\TextUI\\Application->run()
#60 C:\\Users\\User\\OneDrive\\Documents\\Albert\\Appointment-Booking-System-master\\vendor\\bin\\phpunit(122): include('...')
#61 {main}
"} 
[2026-05-22 17:08:24] testing.ERROR: View [layouts.guest] not found. (View: C:\Users\User\OneDrive\Documents\Albert\Appointment-Booking-System-master\resources\views\auth\verify-email.blade.php) {"userId":4,"exception":"[object] (Illuminate\\View\\ViewException(code: 0): View [layouts.guest] not found. (View: C:\\Users\\User\\OneDrive\\Documents\\Albert\\Appointment-Booking-System-master\\resources\\views\\auth\\verify-email.blade.php) at C:\\Users\\User\\OneDrive\\Documents\\Albert\\Appointment-Booking-System-master\\vendor\\laravel\\framework\\src\\Illuminate\\View\\FileViewFinder.php:138)
[stacktrace]
#0 C:\\Users\\User\\OneDrive\\Documents\\Albert\\Appointment-Booking-System-master\\vendor\\laravel\\framework\\src\\Illuminate\\View\\Engines\\PhpEngine.php(59): Illuminate\\View\\Engines\\CompilerEngine->handleViewException()
#1 C:\\Users\\User\\OneDrive\\Documents\\Albert\\Appointment-Booking-System-master\\vendor\\laravel\\framework\\src\\Illuminate\\View\\Engines\\CompilerEngine.php(76): Illuminate\\View\\Engines\\PhpEngine->evaluatePath()
#2 C:\\Users\\User\\OneDrive\\Documents\\Albert\\Appointment-Booking-System-master\\vendor\\laravel\\framework\\src\\Illuminate\\View\\View.php(208): Illuminate\\View\\Engines\\CompilerEngine->get()
#3 C:\\Users\\User\\OneDrive\\Documents\\Albert\\Appointment-Booking-System-master\\vendor\\laravel\\framework\\src\\Illuminate\\View\\View.php(191): Illuminate\\View\\View->getContents()
#4 C:\\Users\\User\\OneDrive\\Documents\\Albert\\Appointment-Booking-System-master\\vendor\\laravel\\framework\\src\\Illuminate\\View\\View.php(160): Illuminate\\View\\View->renderContents()
#5 C:\\Users\\User\\OneDrive\\Documents\\Albert\\Appointment-Booking-System-master\\vendor\\laravel\\framework\\src\\Illuminate\\Http\\Response.php(78): Illuminate\\View\\View->render()
#6 C:\\Users\\User\\OneDrive\\Documents\\Albert\\Appointment-Booking-System-master\\vendor\\laravel\\framework\\src\\Illuminate\\Http\\Response.php(34): Illuminate\\Http\\Response->setContent()
#7 C:\\Users\\User\\OneDrive\\Documents\\Albert\\Appointment-Booking-System-master\\vendor\\laravel\\framework\\src\\Illuminate\\Routing\\Router.php(924): Illuminate\\Http\\Response->__construct()
#8 C:\\Users\\User\\OneDrive\\Documents\\Albert\\Appointment-Booking-System-master\\vendor\\laravel\\framework\\src\\Illuminate\\Routing\\Router.php(891): Illuminate\\Routing\\Router::toResponse()
#9 C:\\Users\\User\\OneDrive\\Documents\\Albert\\Appointment-Booking-System-master\\vendor\\laravel\\framework\\src\\Illuminate\\Routing\\Router.php(807): Illuminate\\Routing\\Router->prepareResponse()
#10 C:\\Users\\User\\OneDrive\\Documents\\Albert\\Appointment-Booking-System-master\\vendor\\laravel\\framework\\src\\Illuminate\\Pipeline\\Pipeline.php(169): Illuminate\\Routing\\Router->Illuminate\\Routing\\{closure}()
#11 C:\\Users\\User\\OneDrive\\Documents\\Albert\\Appointment-Booking-System-master\\vendor\\laravel\\framework\\src\\Illuminate\\Routing\\Middleware\\SubstituteBindings.php(50): Illuminate\\Pipeline\\Pipeline->Illuminate\\Pipeline\\{closure}()
#12 C:\\Users\\User\\OneDrive\\Documents\\Albert\\Appointment-Booking-System-master\\vendor\\laravel\\framework\\src\\Illuminate\\Pipeline\\Pipeline.php(208): Illuminate\\Routing\\Middleware\\SubstituteBindings->handle()
#13 C:\\Users\\User\\OneDrive\\Documents\\Albert\\Appointment-Booking-System-master\\vendor\\laravel\\framework\\src\\Illuminate\\Auth\\Middleware\\Authenticate.php(63): Illuminate\\Pipeline\\Pipeline->Illuminate\\Pipeline\\{closure}()
#14 C:\\Users\\User\\OneDrive\\Documents\\Albert\\Appointment-Booking-System-master\\vendor\\laravel\\framework\\src\\Illuminate\\Pipeline\\Pipeline.php(208): Illuminate\\Auth\\Middleware\\Authenticate->handle()
#15 C:\\Users\\User\\OneDrive\\Documents\\Albert\\Appointment-Booking-System-master\\vendor\\laravel\\framework\\src\\Illuminate\\Foundation\\Http\\Middleware\\VerifyCsrfToken.php(87): Illuminate\\Pipeline\\Pipeline->Illuminate\\Pipeline\\{closure}()
#16 C:\\Users\\User\\OneDrive\\Documents\\Albert\\Appointment-Booking-System-master\\vendor\\laravel\\framework\\src\\Illuminate\\Pipeline\\Pipeline.php(208): Illuminate\\Foundation\\Http\\Middleware\\VerifyCsrfToken->handle()
#17 C:\\Users\\User\\OneDrive\\Documents\\Albert\\Appointment-Booking-System-master\\vendor\\laravel\\framework\\src\\Illuminate\\View\\Middleware\\ShareErrorsFromSession.php(48): Illuminate\\Pipeline\\Pipeline->Illuminate\\Pipeline\\{closure}()
#18 C:\\Users\\User\\OneDrive\\Documents\\Albert\\Appointment-Booking-System-master\\vendor\\laravel\\framework\\src\\Illuminate\\Pipeline\\Pipeline.php(208): Illuminate\\View\\Middleware\\ShareErrorsFromSession->handle()
#19 C:\\Users\\User\\OneDrive\\Documents\\Albert\\Appointment-Booking-System-master\\vendor\\laravel\\framework\\src\\Illuminate\\Session\\Middleware\\StartSession.php(120): Illuminate\\Pipeline\\Pipeline->Illuminate\\Pipeline\\{closure}()
#20 C:\\Users\\User\\OneDrive\\Documents\\Albert\\Appointment-Booking-System-master\\vendor\\laravel\\framework\\src\\Illuminate\\Session\\Middleware\\StartSession.php(63): Illuminate\\Session\\Middleware\\StartSession->handleStatefulRequest()
#21 C:\\Users\\User\\OneDrive\\Documents\\Albert\\Appointment-Booking-System-master\\vendor\\laravel\\framework\\src\\Illuminate\\Pipeline\\Pipeline.php(208): Illuminate\\Session\\Middleware\\StartSession->handle()
#22 C:\\Users\\User\\OneDrive\\Documents\\Albert\\Appointment-Booking-System-master\\vendor\\laravel\\framework\\src\\Illuminate\\Cookie\\Middleware\\AddQueuedCookiesToResponse.php(36): Illuminate\\Pipeline\\Pipeline->Illuminate\\Pipeline\\{closure}()
#23 C:\\Users\\User\\OneDrive\\Documents\\Albert\\Appointment-Booking-System-master\\vendor\\laravel\\framework\\src\\Illuminate\\Pipeline\\Pipeline.php(208): Illuminate\\Cookie\\Middleware\\AddQueuedCookiesToResponse->handle()
#24 C:\\Users\\User\\OneDrive\\Documents\\Albert\\Appointment-Booking-System-master\\vendor\\laravel\\framework\\src\\Illuminate\\Cookie\\Middleware\\EncryptCookies.php(74): Illuminate\\Pipeline\\Pipeline->Illuminate\\Pipeline\\{closure}()
#25 C:\\Users\\User\\OneDrive\\Documents\\Albert\\Appointment-Booking-System-master\\vendor\\laravel\\framework\\src\\Illuminate\\Pipeline\\Pipeline.php(208): Illuminate\\Cookie\\Middleware\\EncryptCookies->handle()
#26 C:\\Users\\User\\OneDrive\\Documents\\Albert\\Appointment-Booking-System-master\\vendor\\laravel\\framework\\src\\Illuminate\\Pipeline\\Pipeline.php(126): Illuminate\\Pipeline\\Pipeline->Illuminate\\Pipeline\\{closure}()
#27 C:\\Users\\User\\OneDrive\\Documents\\Albert\\Appointment-Booking-System-master\\vendor\\laravel\\framework\\src\\Illuminate\\Routing\\Router.php(807): Illuminate\\Pipeline\\Pipeline->then()
#28 C:\\Users\\User\\OneDrive\\Documents\\Albert\\Appointment-Booking-System-master\\vendor\\laravel\\framework\\src\\Illuminate\\Routing\\Router.php(786): Illuminate\\Routing\\Router->runRouteWithinStack()
#29 C:\\Users\\User\\OneDrive\\Documents\\Albert\\Appointment-Booking-System-master\\vendor\\laravel\\framework\\src\\Illuminate\\Routing\\Router.php(750): Illuminate\\Routing\\Router->runRoute()
#30 C:\\Users\\User\\OneDrive\\Documents\\Albert\\Appointment-Booking-System-master\\vendor\\laravel\\framework\\src\\Illuminate\\Routing\\Router.php(739): Illuminate\\Routing\\Router->dispatchToRoute()
#31 C:\\Users\\User\\OneDrive\\Documents\\Albert\\Appointment-Booking-System-master\\vendor\\laravel\\framework\\src\\Illuminate\\Foundation\\Http\\Kernel.php(200): Illuminate\\Routing\\Router->dispatch()
#32 C:\\Users\\User\\OneDrive\\Documents\\Albert\\Appointment-Booking-System-master\\vendor\\laravel\\framework\\src\\Illuminate\\Pipeline\\Pipeline.php(169): Illuminate\\Foundation\\Http\\Kernel->Illuminate\\Foundation\\Http\\{closure}()
#33 C:\\Users\\User\\OneDrive\\Documents\\Albert\\Appointment-Booking-System-master\\vendor\\laravel\\framework\\src\\Illuminate\\Foundation\\Http\\Middleware\\TransformsRequest.php(21): Illuminate\\Pipeline\\Pipeline->Illuminate\\Pipeline\\{closure}()
#34 C:\\Users\\User\\OneDrive\\Documents\\Albert\\Appointment-Booking-System-master\\vendor\\laravel\\framework\\src\\Illuminate\\Foundation\\Http\\Middleware\\ConvertEmptyStringsToNull.php(31): Illuminate\\Foundation\\Http\\Middleware\\TransformsRequest->handle()
#35 C:\\Users\\User\\OneDrive\\Documents\\Albert\\Appointment-Booking-System-master\\vendor\\laravel\\framework\\src\\Illuminate\\Pipeline\\Pipeline.php(208): Illuminate\\Foundation\\Http\\Middleware\\ConvertEmptyStringsToNull->handle()
#36 C:\\Users\\User\\OneDrive\\Documents\\Albert\\Appointment-Booking-System-master\\vendor\\laravel\\framework\\src\\Illuminate\\Foundation\\Http\\Middleware\\TransformsRequest.php(21): Illuminate\\Pipeline\\Pipeline->Illuminate\\Pipeline\\{closure}()
#37 C:\\Users\\User\\OneDrive\\Documents\\Albert\\Appointment-Booking-System-master\\vendor\\laravel\\framework\\src\\Illuminate\\Foundation\\Http\\Middleware\\TrimStrings.php(51): Illuminate\\Foundation\\Http\\Middleware\\TransformsRequest->handle()
#38 C:\\Users\\User\\OneDrive\\Documents\\Albert\\Appointment-Booking-System-master\\vendor\\laravel\\framework\\src\\Illuminate\\Pipeline\\Pipeline.php(208): Illuminate\\Foundation\\Http\\Middleware\\TrimStrings->handle()
#39 C:\\Users\\User\\OneDrive\\Documents\\Albert\\Appointment-Booking-System-master\\vendor\\laravel\\framework\\src\\Illuminate\\Http\\Middleware\\ValidatePostSize.php(27): Illuminate\\Pipeline\\Pipeline->Illuminate\\Pipeline\\{closure}()
#40 C:\\Users\\User\\OneDrive\\Documents\\Albert\\Appointment-Booking-System-master\\vendor\\laravel\\framework\\src\\Illuminate\\Pipeline\\Pipeline.php(208): Illuminate\\Http\\Middleware\\ValidatePostSize->handle()
#41 C:\\Users\\User\\OneDrive\\Documents\\Albert\\Appointment-Booking-System-master\\vendor\\laravel\\framework\\src\\Illuminate\\Foundation\\Http\\Middleware\\PreventRequestsDuringMaintenance.php(109): Illuminate\\Pipeline\\Pipeline->Illuminate\\Pipeline\\{closure}()
#42 C:\\Users\\User\\OneDrive\\Documents\\Albert\\Appointment-Booking-System-master\\vendor\\laravel\\framework\\src\\Illuminate\\Pipeline\\Pipeline.php(208): Illuminate\\Foundation\\Http\\Middleware\\PreventRequestsDuringMaintenance->handle()
#43 C:\\Users\\User\\OneDrive\\Documents\\Albert\\Appointment-Booking-System-master\\vendor\\laravel\\framework\\src\\Illuminate\\Http\\Middleware\\HandleCors.php(48): Illuminate\\Pipeline\\Pipeline->Illuminate\\Pipeline\\{closure}()
#44 C:\\Users\\User\\OneDrive\\Documents\\Albert\\Appointment-Booking-System-master\\vendor\\laravel\\framework\\src\\Illuminate\\Pipeline\\Pipeline.php(208): Illuminate\\Http\\Middleware\\HandleCors->handle()
#45 C:\\Users\\User\\OneDrive\\Documents\\Albert\\Appointment-Booking-System-master\\vendor\\laravel\\framework\\src\\Illuminate\\Http\\Middleware\\TrustProxies.php(58): Illuminate\\Pipeline\\Pipeline->Illuminate\\Pipeline\\{closure}()
#46 C:\\Users\\User\\OneDrive\\Documents\\Albert\\Appointment-Booking-System-master\\vendor\\laravel\\framework\\src\\Illuminate\\Pipeline\\Pipeline.php(208): Illuminate\\Http\\Middleware\\TrustProxies->handle()
#47 C:\\Users\\User\\OneDrive\\Documents\\Albert\\Appointment-Booking-System-master\\vendor\\laravel\\framework\\src\\Illuminate\\Foundation\\Http\\Middleware\\InvokeDeferredCallbacks.php(22): Illuminate\\Pipeline\\Pipeline->Illuminate\\Pipeline\\{closure}()
#48 C:\\Users\\User\\OneDrive\\Documents\\Albert\\Appointment-Booking-System-master\\vendor\\laravel\\framework\\src\\Illuminate\\Pipeline\\Pipeline.php(208): Illuminate\\Foundation\\Http\\Middleware\\InvokeDeferredCallbacks->handle()
#49 C:\\Users\\User\\OneDrive\\Documents\\Albert\\Appointment-Booking-System-master\\vendor\\laravel\\framework\\src\\Illuminate\\Http\\Middleware\\ValidatePathEncoding.php(26): Illuminate\\Pipeline\\Pipeline->Illuminate\\Pipeline\\{closure}()
#50 C:\\Users\\User\\OneDrive\\Documents\\Albert\\Appointment-Booking-System-master\\vendor\\laravel\\framework\\src\\Illuminate\\Pipeline\\Pipeline.php(208): Illuminate\\Http\\Middleware\\ValidatePathEncoding->handle()
#51 C:\\Users\\User\\OneDrive\\Documents\\Albert\\Appointment-Booking-System-master\\vendor\\laravel\\framework\\src\\Illuminate\\Pipeline\\Pipeline.php(126): Illuminate\\Pipeline\\Pipeline->Illuminate\\Pipeline\\{closure}()
#52 C:\\Users\\User\\OneDrive\\Documents\\Albert\\Appointment-Booking-System-master\\vendor\\laravel\\framework\\src\\Illuminate\\Foundation\\Http\\Kernel.php(175): Illuminate\\Pipeline\\Pipeline->then()
#53 C:\\Users\\User\\OneDrive\\Documents\\Albert\\Appointment-Booking-System-master\\vendor\\laravel\\framework\\src\\Illuminate\\Foundation\\Http\\Kernel.php(144): Illuminate\\Foundation\\Http\\Kernel->sendRequestThroughRouter()
#54 C:\\Users\\User\\OneDrive\\Documents\\Albert\\Appointment-Booking-System-master\\vendor\\laravel\\framework\\src\\Illuminate\\Foundation\\Testing\\Concerns\\MakesHttpRequests.php(607): Illuminate\\Foundation\\Http\\Kernel->handle()
#55 C:\\Users\\User\\OneDrive\\Documents\\Albert\\Appointment-Booking-System-master\\vendor\\laravel\\framework\\src\\Illuminate\\Foundation\\Testing\\Concerns\\MakesHttpRequests.php(368): Illuminate\\Foundation\\Testing\\TestCase->call()
#56 C:\\Users\\User\\OneDrive\\Documents\\Albert\\Appointment-Booking-System-master\\tests\\Feature\\Auth\\EmailVerificationTest.php(20): Illuminate\\Foundation\\Testing\\TestCase->get()
#57 C:\\Users\\User\\OneDrive\\Documents\\Albert\\Appointment-Booking-System-master\\vendor\\phpunit\\phpunit\\src\\Framework\\TestCase.php(1656): Tests\\Feature\\Auth\\EmailVerificationTest->test_email_verification_screen_can_be_rendered()
#58 C:\\Users\\User\\OneDrive\\Documents\\Albert\\Appointment-Booking-System-master\\vendor\\phpunit\\phpunit\\src\\Framework\\TestCase.php(514): PHPUnit\\Framework\\TestCase->runTest()
#59 C:\\Users\\User\\OneDrive\\Documents\\Albert\\Appointment-Booking-System-master\\vendor\\phpunit\\phpunit\\src\\Framework\\TestRunner\\TestRunner.php(87): PHPUnit\\Framework\\TestCase->runBare()
#60 C:\\Users\\User\\OneDrive\\Documents\\Albert\\Appointment-Booking-System-master\\vendor\\phpunit\\phpunit\\src\\Framework\\TestCase.php(361): PHPUnit\\Framework\\TestRunner->run()
#61 C:\\Users\\User\\OneDrive\\Documents\\Albert\\Appointment-Booking-System-master\\vendor\\phpunit\\phpunit\\src\\Framework\\TestSuite.php(369): PHPUnit\\Framework\\TestCase->run()
#62 C:\\Users\\User\\OneDrive\\Documents\\Albert\\Appointment-Booking-System-master\\vendor\\phpunit\\phpunit\\src\\Framework\\TestSuite.php(369): PHPUnit\\Framework\\TestSuite->run()
#63 C:\\Users\\User\\OneDrive\\Documents\\Albert\\Appointment-Booking-System-master\\vendor\\phpunit\\phpunit\\src\\Framework\\TestSuite.php(369): PHPUnit\\Framework\\TestSuite->run()
#64 C:\\Users\\User\\OneDrive\\Documents\\Albert\\Appointment-Booking-System-master\\vendor\\phpunit\\phpunit\\src\\TextUI\\TestRunner.php(64): PHPUnit\\Framework\\TestSuite->run()
#65 C:\\Users\\User\\OneDrive\\Documents\\Albert\\Appointment-Booking-System-master\\vendor\\phpunit\\phpunit\\src\\TextUI\\Application.php(210): PHPUnit\\TextUI\\TestRunner->run()
#66 C:\\Users\\User\\OneDrive\\Documents\\Albert\\Appointment-Booking-System-master\\vendor\\phpunit\\phpunit\\phpunit(104): PHPUnit\\TextUI\\Application->run()
#67 C:\\Users\\User\\OneDrive\\Documents\\Albert\\Appointment-Booking-System-master\\vendor\\bin\\phpunit(122): include('...')
#68 {main}

[previous exception] [object] (InvalidArgumentException(code: 0): View [layouts.guest] not found. at C:\\Users\\User\\OneDrive\\Documents\\Albert\\Appointment-Booking-System-master\\vendor\\laravel\\framework\\src\\Illuminate\\View\\FileViewFinder.php:138)
[stacktrace]
#0 C:\\Users\\User\\OneDrive\\Documents\\Albert\\Appointment-Booking-System-master\\vendor\\laravel\\framework\\src\\Illuminate\\View\\FileViewFinder.php(78): Illuminate\\View\\FileViewFinder->findInPaths()
#1 C:\\Users\\User\\OneDrive\\Documents\\Albert\\Appointment-Booking-System-master\\vendor\\laravel\\framework\\src\\Illuminate\\View\\Factory.php(150): Illuminate\\View\\FileViewFinder->find()
#2 C:\\Users\\User\\OneDrive\\Documents\\Albert\\Appointment-Booking-System-master\\vendor\\laravel\\framework\\src\\Illuminate\\Foundation\\helpers.php(1101): Illuminate\\View\\Factory->make()
#3 C:\\Users\\User\\OneDrive\\Documents\\Albert\\Appointment-Booking-System-master\\app\\View\\Components\\GuestLayout.php(15): view()
#4 C:\\Users\\User\\OneDrive\\Documents\\Albert\\Appointment-Booking-System-master\\vendor\\laravel\\framework\\src\\Illuminate\\View\\Component.php(143): App\\View\\Components\\GuestLayout->render()
#5 C:\\Users\\User\\OneDrive\\Documents\\Albert\\Appointment-Booking-System-master\\storage\\framework\\views\\98ff5702af864b27359c431b2a6ce1e3.php(6): Illuminate\\View\\Component->resolveView()
#6 C:\\Users\\User\\OneDrive\\Documents\\Albert\\Appointment-Booking-System-master\\vendor\\laravel\\framework\\src\\Illuminate\\Filesystem\\Filesystem.php(123): require('...')
#7 C:\\Users\\User\\OneDrive\\Documents\\Albert\\Appointment-Booking-System-master\\vendor\\laravel\\framework\\src\\Illuminate\\Filesystem\\Filesystem.php(124): Illuminate\\Filesystem\\Filesystem::Illuminate\\Filesystem\\{closure}()
#8 C:\\Users\\User\\OneDrive\\Documents\\Albert\\Appointment-Booking-System-master\\vendor\\laravel\\framework\\src\\Illuminate\\View\\Engines\\PhpEngine.php(57): Illuminate\\Filesystem\\Filesystem->getRequire()
#9 C:\\Users\\User\\OneDrive\\Documents\\Albert\\Appointment-Booking-System-master\\vendor\\laravel\\framework\\src\\Illuminate\\View\\Engines\\CompilerEngine.php(76): Illuminate\\View\\Engines\\PhpEngine->evaluatePath()
#10 C:\\Users\\User\\OneDrive\\Documents\\Albert\\Appointment-Booking-System-master\\vendor\\laravel\\framework\\src\\Illuminate\\View\\View.php(208): Illuminate\\View\\Engines\\CompilerEngine->get()
#11 C:\\Users\\User\\OneDrive\\Documents\\Albert\\Appointment-Booking-System-master\\vendor\\laravel\\framework\\src\\Illuminate\\View\\View.php(191): Illuminate\\View\\View->getContents()
#12 C:\\Users\\User\\OneDrive\\Documents\\Albert\\Appointment-Booking-System-master\\vendor\\laravel\\framework\\src\\Illuminate\\View\\View.php(160): Illuminate\\View\\View->renderContents()
#13 C:\\Users\\User\\OneDrive\\Documents\\Albert\\Appointment-Booking-System-master\\vendor\\laravel\\framework\\src\\Illuminate\\Http\\Response.php(78): Illuminate\\View\\View->render()
#14 C:\\Users\\User\\OneDrive\\Documents\\Albert\\Appointment-Booking-System-master\\vendor\\laravel\\framework\\src\\Illuminate\\Http\\Response.php(34): Illuminate\\Http\\Response->setContent()
#15 C:\\Users\\User\\OneDrive\\Documents\\Albert\\Appointment-Booking-System-master\\vendor\\laravel\\framework\\src\\Illuminate\\Routing\\Router.php(924): Illuminate\\Http\\Response->__construct()
#16 C:\\Users\\User\\OneDrive\\Documents\\Albert\\Appointment-Booking-System-master\\vendor\\laravel\\framework\\src\\Illuminate\\Routing\\Router.php(891): Illuminate\\Routing\\Router::toResponse()
#17 C:\\Users\\User\\OneDrive\\Documents\\Albert\\Appointment-Booking-System-master\\vendor\\laravel\\framework\\src\\Illuminate\\Routing\\Router.php(807): Illuminate\\Routing\\Router->prepareResponse()
#18 C:\\Users\\User\\OneDrive\\Documents\\Albert\\Appointment-Booking-System-master\\vendor\\laravel\\framework\\src\\Illuminate\\Pipeline\\Pipeline.php(169): Illuminate\\Routing\\Router->Illuminate\\Routing\\{closure}()
#19 C:\\Users\\User\\OneDrive\\Documents\\Albert\\Appointment-Booking-System-master\\vendor\\laravel\\framework\\src\\Illuminate\\Routing\\Middleware\\SubstituteBindings.php(50): Illuminate\\Pipeline\\Pipeline->Illuminate\\Pipeline\\{closure}()
#20 C:\\Users\\User\\OneDrive\\Documents\\Albert\\Appointment-Booking-System-master\\vendor\\laravel\\framework\\src\\Illuminate\\Pipeline\\Pipeline.php(208): Illuminate\\Routing\\Middleware\\SubstituteBindings->handle()
#21 C:\\Users\\User\\OneDrive\\Documents\\Albert\\Appointment-Booking-System-master\\vendor\\laravel\\framework\\src\\Illuminate\\Auth\\Middleware\\Authenticate.php(63): Illuminate\\Pipeline\\Pipeline->Illuminate\\Pipeline\\{closure}()
#22 C:\\Users\\User\\OneDrive\\Documents\\Albert\\Appointment-Booking-System-master\\vendor\\laravel\\framework\\src\\Illuminate\\Pipeline\\Pipeline.php(208): Illuminate\\Auth\\Middleware\\Authenticate->handle()
#23 C:\\Users\\User\\OneDrive\\Documents\\Albert\\Appointment-Booking-System-master\\vendor\\laravel\\framework\\src\\Illuminate\\Foundation\\Http\\Middleware\\VerifyCsrfToken.php(87): Illuminate\\Pipeline\\Pipeline->Illuminate\\Pipeline\\{closure}()
#24 C:\\Users\\User\\OneDrive\\Documents\\Albert\\Appointment-Booking-System-master\\vendor\\laravel\\framework\\src\\Illuminate\\Pipeline\\Pipeline.php(208): Illuminate\\Foundation\\Http\\Middleware\\VerifyCsrfToken->handle()
#25 C:\\Users\\User\\OneDrive\\Documents\\Albert\\Appointment-Booking-System-master\\vendor\\laravel\\framework\\src\\Illuminate\\View\\Middleware\\ShareErrorsFromSession.php(48): Illuminate\\Pipeline\\Pipeline->Illuminate\\Pipeline\\{closure}()
#26 C:\\Users\\User\\OneDrive\\Documents\\Albert\\Appointment-Booking-System-master\\vendor\\laravel\\framework\\src\\Illuminate\\Pipeline\\Pipeline.php(208): Illuminate\\View\\Middleware\\ShareErrorsFromSession->handle()
#27 C:\\Users\\User\\OneDrive\\Documents\\Albert\\Appointment-Booking-System-master\\vendor\\laravel\\framework\\src\\Illuminate\\Session\\Middleware\\StartSession.php(120): Illuminate\\Pipeline\\Pipeline->Illuminate\\Pipeline\\{closure}()
#28 C:\\Users\\User\\OneDrive\\Documents\\Albert\\Appointment-Booking-System-master\\vendor\\laravel\\framework\\src\\Illuminate\\Session\\Middleware\\StartSession.php(63): Illuminate\\Session\\Middleware\\StartSession->handleStatefulRequest()
#29 C:\\Users\\User\\OneDrive\\Documents\\Albert\\Appointment-Booking-System-master\\vendor\\laravel\\framework\\src\\Illuminate\\Pipeline\\Pipeline.php(208): Illuminate\\Session\\Middleware\\StartSession->handle()
#30 C:\\Users\\User\\OneDrive\\Documents\\Albert\\Appointment-Booking-System-master\\vendor\\laravel\\framework\\src\\Illuminate\\Cookie\\Middleware\\AddQueuedCookiesToResponse.php(36): Illuminate\\Pipeline\\Pipeline->Illuminate\\Pipeline\\{closure}()
#31 C:\\Users\\User\\OneDrive\\Documents\\Albert\\Appointment-Booking-System-master\\vendor\\laravel\\framework\\src\\Illuminate\\Pipeline\\Pipeline.php(208): Illuminate\\Cookie\\Middleware\\AddQueuedCookiesToResponse->handle()
#32 C:\\Users\\User\\OneDrive\\Documents\\Albert\\Appointment-Booking-System-master\\vendor\\laravel\\framework\\src\\Illuminate\\Cookie\\Middleware\\EncryptCookies.php(74): Illuminate\\Pipeline\\Pipeline->Illuminate\\Pipeline\\{closure}()
#33 C:\\Users\\User\\OneDrive\\Documents\\Albert\\Appointment-Booking-System-master\\vendor\\laravel\\framework\\src\\Illuminate\\Pipeline\\Pipeline.php(208): Illuminate\\Cookie\\Middleware\\EncryptCookies->handle()
#34 C:\\Users\\User\\OneDrive\\Documents\\Albert\\Appointment-Booking-System-master\\vendor\\laravel\\framework\\src\\Illuminate\\Pipeline\\Pipeline.php(126): Illuminate\\Pipeline\\Pipeline->Illuminate\\Pipeline\\{closure}()
#35 C:\\Users\\User\\OneDrive\\Documents\\Albert\\Appointment-Booking-System-master\\vendor\\laravel\\framework\\src\\Illuminate\\Routing\\Router.php(807): Illuminate\\Pipeline\\Pipeline->then()
#36 C:\\Users\\User\\OneDrive\\Documents\\Albert\\Appointment-Booking-System-master\\vendor\\laravel\\framework\\src\\Illuminate\\Routing\\Router.php(786): Illuminate\\Routing\\Router->runRouteWithinStack()
#37 C:\\Users\\User\\OneDrive\\Documents\\Albert\\Appointment-Booking-System-master\\vendor\\laravel\\framework\\src\\Illuminate\\Routing\\Router.php(750): Illuminate\\Routing\\Router->runRoute()
#38 C:\\Users\\User\\OneDrive\\Documents\\Albert\\Appointment-Booking-System-master\\vendor\\laravel\\framework\\src\\Illuminate\\Routing\\Router.php(739): Illuminate\\Routing\\Router->dispatchToRoute()
#39 C:\\Users\\User\\OneDrive\\Documents\\Albert\\Appointment-Booking-System-master\\vendor\\laravel\\framework\\src\\Illuminate\\Foundation\\Http\\Kernel.php(200): Illuminate\\Routing\\Router->dispatch()
#40 C:\\Users\\User\\OneDrive\\Documents\\Albert\\Appointment-Booking-System-master\\vendor\\laravel\\framework\\src\\Illuminate\\Pipeline\\Pipeline.php(169): Illuminate\\Foundation\\Http\\Kernel->Illuminate\\Foundation\\Http\\{closure}()
#41 C:\\Users\\User\\OneDrive\\Documents\\Albert\\Appointment-Booking-System-master\\vendor\\laravel\\framework\\src\\Illuminate\\Foundation\\Http\\Middleware\\TransformsRequest.php(21): Illuminate\\Pipeline\\Pipeline->Illuminate\\Pipeline\\{closure}()
#42 C:\\Users\\User\\OneDrive\\Documents\\Albert\\Appointment-Booking-System-master\\vendor\\laravel\\framework\\src\\Illuminate\\Foundation\\Http\\Middleware\\ConvertEmptyStringsToNull.php(31): Illuminate\\Foundation\\Http\\Middleware\\TransformsRequest->handle()
#43 C:\\Users\\User\\OneDrive\\Documents\\Albert\\Appointment-Booking-System-master\\vendor\\laravel\\framework\\src\\Illuminate\\Pipeline\\Pipeline.php(208): Illuminate\\Foundation\\Http\\Middleware\\ConvertEmptyStringsToNull->handle()
#44 C:\\Users\\User\\OneDrive\\Documents\\Albert\\Appointment-Booking-System-master\\vendor\\laravel\\framework\\src\\Illuminate\\Foundation\\Http\\Middleware\\TransformsRequest.php(21): Illuminate\\Pipeline\\Pipeline->Illuminate\\Pipeline\\{closure}()
#45 C:\\Users\\User\\OneDrive\\Documents\\Albert\\Appointment-Booking-System-master\\vendor\\laravel\\framework\\src\\Illuminate\\Foundation\\Http\\Middleware\\TrimStrings.php(51): Illuminate\\Foundation\\Http\\Middleware\\TransformsRequest->handle()
#46 C:\\Users\\User\\OneDrive\\Documents\\Albert\\Appointment-Booking-System-master\\vendor\\laravel\\framework\\src\\Illuminate\\Pipeline\\Pipeline.php(208): Illuminate\\Foundation\\Http\\Middleware\\TrimStrings->handle()
#47 C:\\Users\\User\\OneDrive\\Documents\\Albert\\Appointment-Booking-System-master\\vendor\\laravel\\framework\\src\\Illuminate\\Http\\Middleware\\ValidatePostSize.php(27): Illuminate\\Pipeline\\Pipeline->Illuminate\\Pipeline\\{closure}()
#48 C:\\Users\\User\\OneDrive\\Documents\\Albert\\Appointment-Booking-System-master\\vendor\\laravel\\framework\\src\\Illuminate\\Pipeline\\Pipeline.php(208): Illuminate\\Http\\Middleware\\ValidatePostSize->handle()
#49 C:\\Users\\User\\OneDrive\\Documents\\Albert\\Appointment-Booking-System-master\\vendor\\laravel\\framework\\src\\Illuminate\\Foundation\\Http\\Middleware\\PreventRequestsDuringMaintenance.php(109): Illuminate\\Pipeline\\Pipeline->Illuminate\\Pipeline\\{closure}()
#50 C:\\Users\\User\\OneDrive\\Documents\\Albert\\Appointment-Booking-System-master\\vendor\\laravel\\framework\\src\\Illuminate\\Pipeline\\Pipeline.php(208): Illuminate\\Foundation\\Http\\Middleware\\PreventRequestsDuringMaintenance->handle()
#51 C:\\Users\\User\\OneDrive\\Documents\\Albert\\Appointment-Booking-System-master\\vendor\\laravel\\framework\\src\\Illuminate\\Http\\Middleware\\HandleCors.php(48): Illuminate\\Pipeline\\Pipeline->Illuminate\\Pipeline\\{closure}()
#52 C:\\Users\\User\\OneDrive\\Documents\\Albert\\Appointment-Booking-System-master\\vendor\\laravel\\framework\\src\\Illuminate\\Pipeline\\Pipeline.php(208): Illuminate\\Http\\Middleware\\HandleCors->handle()
#53 C:\\Users\\User\\OneDrive\\Documents\\Albert\\Appointment-Booking-System-master\\vendor\\laravel\\framework\\src\\Illuminate\\Http\\Middleware\\TrustProxies.php(58): Illuminate\\Pipeline\\Pipeline->Illuminate\\Pipeline\\{closure}()
#54 C:\\Users\\User\\OneDrive\\Documents\\Albert\\Appointment-Booking-System-master\\vendor\\laravel\\framework\\src\\Illuminate\\Pipeline\\Pipeline.php(208): Illuminate\\Http\\Middleware\\TrustProxies->handle()
#55 C:\\Users\\User\\OneDrive\\Documents\\Albert\\Appointment-Booking-System-master\\vendor\\laravel\\framework\\src\\Illuminate\\Foundation\\Http\\Middleware\\InvokeDeferredCallbacks.php(22): Illuminate\\Pipeline\\Pipeline->Illuminate\\Pipeline\\{closure}()
#56 C:\\Users\\User\\OneDrive\\Documents\\Albert\\Appointment-Booking-System-master\\vendor\\laravel\\framework\\src\\Illuminate\\Pipeline\\Pipeline.php(208): Illuminate\\Foundation\\Http\\Middleware\\InvokeDeferredCallbacks->handle()
#57 C:\\Users\\User\\OneDrive\\Documents\\Albert\\Appointment-Booking-System-master\\vendor\\laravel\\framework\\src\\Illuminate\\Http\\Middleware\\ValidatePathEncoding.php(26): Illuminate\\Pipeline\\Pipeline->Illuminate\\Pipeline\\{closure}()
#58 C:\\Users\\User\\OneDrive\\Documents\\Albert\\Appointment-Booking-System-master\\vendor\\laravel\\framework\\src\\Illuminate\\Pipeline\\Pipeline.php(208): Illuminate\\Http\\Middleware\\ValidatePathEncoding->handle()
#59 C:\\Users\\User\\OneDrive\\Documents\\Albert\\Appointment-Booking-System-master\\vendor\\laravel\\framework\\src\\Illuminate\\Pipeline\\Pipeline.php(126): Illuminate\\Pipeline\\Pipeline->Illuminate\\Pipeline\\{closure}()
#60 C:\\Users\\User\\OneDrive\\Documents\\Albert\\Appointment-Booking-System-master\\vendor\\laravel\\framework\\src\\Illuminate\\Foundation\\Http\\Kernel.php(175): Illuminate\\Pipeline\\Pipeline->then()
#61 C:\\Users\\User\\OneDrive\\Documents\\Albert\\Appointment-Booking-System-master\\vendor\\laravel\\framework\\src\\Illuminate\\Foundation\\Http\\Kernel.php(144): Illuminate\\Foundation\\Http\\Kernel->sendRequestThroughRouter()
#62 C:\\Users\\User\\OneDrive\\Documents\\Albert\\Appointment-Booking-System-master\\vendor\\laravel\\framework\\src\\Illuminate\\Foundation\\Testing\\Concerns\\MakesHttpRequests.php(607): Illuminate\\Foundation\\Http\\Kernel->handle()
#63 C:\\Users\\User\\OneDrive\\Documents\\Albert\\Appointment-Booking-System-master\\vendor\\laravel\\framework\\src\\Illuminate\\Foundation\\Testing\\Concerns\\MakesHttpRequests.php(368): Illuminate\\Foundation\\Testing\\TestCase->call()
#64 C:\\Users\\User\\OneDrive\\Documents\\Albert\\Appointment-Booking-System-master\\tests\\Feature\\Auth\\EmailVerificationTest.php(20): Illuminate\\Foundation\\Testing\\TestCase->get()
#65 C:\\Users\\User\\OneDrive\\Documents\\Albert\\Appointment-Booking-System-master\\vendor\\phpunit\\phpunit\\src\\Framework\\TestCase.php(1656): Tests\\Feature\\Auth\\EmailVerificationTest->test_email_verification_screen_can_be_rendered()
#66 C:\\Users\\User\\OneDrive\\Documents\\Albert\\Appointment-Booking-System-master\\vendor\\phpunit\\phpunit\\src\\Framework\\TestCase.php(514): PHPUnit\\Framework\\TestCase->runTest()
#67 C:\\Users\\User\\OneDrive\\Documents\\Albert\\Appointment-Booking-System-master\\vendor\\phpunit\\phpunit\\src\\Framework\\TestRunner\\TestRunner.php(87): PHPUnit\\Framework\\TestCase->runBare()
#68 C:\\Users\\User\\OneDrive\\Documents\\Albert\\Appointment-Booking-System-master\\vendor\\phpunit\\phpunit\\src\\Framework\\TestCase.php(361): PHPUnit\\Framework\\TestRunner->run()
#69 C:\\Users\\User\\OneDrive\\Documents\\Albert\\Appointment-Booking-System-master\\vendor\\phpunit\\phpunit\\src\\Framework\\TestSuite.php(369): PHPUnit\\Framework\\TestCase->run()
#70 C:\\Users\\User\\OneDrive\\Documents\\Albert\\Appointment-Booking-System-master\\vendor\\phpunit\\phpunit\\src\\Framework\\TestSuite.php(369): PHPUnit\\Framework\\TestSuite->run()
#71 C:\\Users\\User\\OneDrive\\Documents\\Albert\\Appointment-Booking-System-master\\vendor\\phpunit\\phpunit\\src\\Framework\\TestSuite.php(369): PHPUnit\\Framework\\TestSuite->run()
#72 C:\\Users\\User\\OneDrive\\Documents\\Albert\\Appointment-Booking-System-master\\vendor\\phpunit\\phpunit\\src\\TextUI\\TestRunner.php(64): PHPUnit\\Framework\\TestSuite->run()
#73 C:\\Users\\User\\OneDrive\\Documents\\Albert\\Appointment-Booking-System-master\\vendor\\phpunit\\phpunit\\src\\TextUI\\Application.php(210): PHPUnit\\TextUI\\TestRunner->run()
#74 C:\\Users\\User\\OneDrive\\Documents\\Albert\\Appointment-Booking-System-master\\vendor\\phpunit\\phpunit\\phpunit(104): PHPUnit\\TextUI\\Application->run()
#75 C:\\Users\\User\\OneDrive\\Documents\\Albert\\Appointment-Booking-System-master\\vendor\\bin\\phpunit(122): include('...')
#76 {main}
"} 
[2026-05-22 17:08:31] testing.ERROR: View [layouts.guest] not found. (View: C:\Users\User\OneDrive\Documents\Albert\Appointment-Booking-System-master\resources\views\auth\confirm-password.blade.php) {"userId":7,"exception":"[object] (Illuminate\\View\\ViewException(code: 0): View [layouts.guest] not found. (View: C:\\Users\\User\\OneDrive\\Documents\\Albert\\Appointment-Booking-System-master\\resources\\views\\auth\\confirm-password.blade.php) at C:\\Users\\User\\OneDrive\\Documents\\Albert\\Appointment-Booking-System-master\\vendor\\laravel\\framework\\src\\Illuminate\\View\\FileViewFinder.php:138)
[stacktrace]
#0 C:\\Users\\User\\OneDrive\\Documents\\Albert\\Appointment-Booking-System-master\\vendor\\laravel\\framework\\src\\Illuminate\\View\\Engines\\PhpEngine.php(59): Illuminate\\View\\Engines\\CompilerEngine->handleViewException()
#1 C:\\Users\\User\\OneDrive\\Documents\\Albert\\Appointment-Booking-System-master\\vendor\\laravel\\framework\\src\\Illuminate\\View\\Engines\\CompilerEngine.php(76): Illuminate\\View\\Engines\\PhpEngine->evaluatePath()
#2 C:\\Users\\User\\OneDrive\\Documents\\Albert\\Appointment-Booking-System-master\\vendor\\laravel\\framework\\src\\Illuminate\\View\\View.php(208): Illuminate\\View\\Engines\\CompilerEngine->get()
#3 C:\\Users\\User\\OneDrive\\Documents\\Albert\\Appointment-Booking-System-master\\vendor\\laravel\\framework\\src\\Illuminate\\View\\View.php(191): Illuminate\\View\\View->getContents()
#4 C:\\Users\\User\\OneDrive\\Documents\\Albert\\Appointment-Booking-System-master\\vendor\\laravel\\framework\\src\\Illuminate\\View\\View.php(160): Illuminate\\View\\View->renderContents()
#5 C:\\Users\\User\\OneDrive\\Documents\\Albert\\Appointment-Booking-System-master\\vendor\\laravel\\framework\\src\\Illuminate\\Http\\Response.php(78): Illuminate\\View\\View->render()
#6 C:\\Users\\User\\OneDrive\\Documents\\Albert\\Appointment-Booking-System-master\\vendor\\laravel\\framework\\src\\Illuminate\\Http\\Response.php(34): Illuminate\\Http\\Response->setContent()
#7 C:\\Users\\User\\OneDrive\\Documents\\Albert\\Appointment-Booking-System-master\\vendor\\laravel\\framework\\src\\Illuminate\\Routing\\Router.php(924): Illuminate\\Http\\Response->__construct()
#8 C:\\Users\\User\\OneDrive\\Documents\\Albert\\Appointment-Booking-System-master\\vendor\\laravel\\framework\\src\\Illuminate\\Routing\\Router.php(891): Illuminate\\Routing\\Router::toResponse()
#9 C:\\Users\\User\\OneDrive\\Documents\\Albert\\Appointment-Booking-System-master\\vendor\\laravel\\framework\\src\\Illuminate\\Routing\\Router.php(807): Illuminate\\Routing\\Router->prepareResponse()
#10 C:\\Users\\User\\OneDrive\\Documents\\Albert\\Appointment-Booking-System-master\\vendor\\laravel\\framework\\src\\Illuminate\\Pipeline\\Pipeline.php(169): Illuminate\\Routing\\Router->Illuminate\\Routing\\{closure}()
#11 C:\\Users\\User\\OneDrive\\Documents\\Albert\\Appointment-Booking-System-master\\vendor\\laravel\\framework\\src\\Illuminate\\Routing\\Middleware\\SubstituteBindings.php(50): Illuminate\\Pipeline\\Pipeline->Illuminate\\Pipeline\\{closure}()
#12 C:\\Users\\User\\OneDrive\\Documents\\Albert\\Appointment-Booking-System-master\\vendor\\laravel\\framework\\src\\Illuminate\\Pipeline\\Pipeline.php(208): Illuminate\\Routing\\Middleware\\SubstituteBindings->handle()
#13 C:\\Users\\User\\OneDrive\\Documents\\Albert\\Appointment-Booking-System-master\\vendor\\laravel\\framework\\src\\Illuminate\\Auth\\Middleware\\Authenticate.php(63): Illuminate\\Pipeline\\Pipeline->Illuminate\\Pipeline\\{closure}()
#14 C:\\Users\\User\\OneDrive\\Documents\\Albert\\Appointment-Booking-System-master\\vendor\\laravel\\framework\\src\\Illuminate\\Pipeline\\Pipeline.php(208): Illuminate\\Auth\\Middleware\\Authenticate->handle()
#15 C:\\Users\\User\\OneDrive\\Documents\\Albert\\Appointment-Booking-System-master\\vendor\\laravel\\framework\\src\\Illuminate\\Foundation\\Http\\Middleware\\VerifyCsrfToken.php(87): Illuminate\\Pipeline\\Pipeline->Illuminate\\Pipeline\\{closure}()
#16 C:\\Users\\User\\OneDrive\\Documents\\Albert\\Appointment-Booking-System-master\\vendor\\laravel\\framework\\src\\Illuminate\\Pipeline\\Pipeline.php(208): Illuminate\\Foundation\\Http\\Middleware\\VerifyCsrfToken->handle()
#17 C:\\Users\\User\\OneDrive\\Documents\\Albert\\Appointment-Booking-System-master\\vendor\\laravel\\framework\\src\\Illuminate\\View\\Middleware\\ShareErrorsFromSession.php(48): Illuminate\\Pipeline\\Pipeline->Illuminate\\Pipeline\\{closure}()
#18 C:\\Users\\User\\OneDrive\\Documents\\Albert\\Appointment-Booking-System-master\\vendor\\laravel\\framework\\src\\Illuminate\\Pipeline\\Pipeline.php(208): Illuminate\\View\\Middleware\\ShareErrorsFromSession->handle()
#19 C:\\Users\\User\\OneDrive\\Documents\\Albert\\Appointment-Booking-System-master\\vendor\\laravel\\framework\\src\\Illuminate\\Session\\Middleware\\StartSession.php(120): Illuminate\\Pipeline\\Pipeline->Illuminate\\Pipeline\\{closure}()
#20 C:\\Users\\User\\OneDrive\\Documents\\Albert\\Appointment-Booking-System-master\\vendor\\laravel\\framework\\src\\Illuminate\\Session\\Middleware\\StartSession.php(63): Illuminate\\Session\\Middleware\\StartSession->handleStatefulRequest()
#21 C:\\Users\\User\\OneDrive\\Documents\\Albert\\Appointment-Booking-System-master\\vendor\\laravel\\framework\\src\\Illuminate\\Pipeline\\Pipeline.php(208): Illuminate\\Session\\Middleware\\StartSession->handle()
#22 C:\\Users\\User\\OneDrive\\Documents\\Albert\\Appointment-Booking-System-master\\vendor\\laravel\\framework\\src\\Illuminate\\Cookie\\Middleware\\AddQueuedCookiesToResponse.php(36): Illuminate\\Pipeline\\Pipeline->Illuminate\\Pipeline\\{closure}()
#23 C:\\Users\\User\\OneDrive\\Documents\\Albert\\Appointment-Booking-System-master\\vendor\\laravel\\framework\\src\\Illuminate\\Pipeline\\Pipeline.php(208): Illuminate\\Cookie\\Middleware\\AddQueuedCookiesToResponse->handle()
#24 C:\\Users\\User\\OneDrive\\Documents\\Albert\\Appointment-Booking-System-master\\vendor\\laravel\\framework\\src\\Illuminate\\Cookie\\Middleware\\EncryptCookies.php(74): Illuminate\\Pipeline\\Pipeline->Illuminate\\Pipeline\\{closure}()
#25 C:\\Users\\User\\OneDrive\\Documents\\Albert\\Appointment-Booking-System-master\\vendor\\laravel\\framework\\src\\Illuminate\\Pipeline\\Pipeline.php(208): Illuminate\\Cookie\\Middleware\\EncryptCookies->handle()
#26 C:\\Users\\User\\OneDrive\\Documents\\Albert\\Appointment-Booking-System-master\\vendor\\laravel\\framework\\src\\Illuminate\\Pipeline\\Pipeline.php(126): Illuminate\\Pipeline\\Pipeline->Illuminate\\Pipeline\\{closure}()
#27 C:\\Users\\User\\OneDrive\\Documents\\Albert\\Appointment-Booking-System-master\\vendor\\laravel\\framework\\src\\Illuminate\\Routing\\Router.php(807): Illuminate\\Pipeline\\Pipeline->then()
#28 C:\\Users\\User\\OneDrive\\Documents\\Albert\\Appointment-Booking-System-master\\vendor\\laravel\\framework\\src\\Illuminate\\Routing\\Router.php(786): Illuminate\\Routing\\Router->runRouteWithinStack()
#29 C:\\Users\\User\\OneDrive\\Documents\\Albert\\Appointment-Booking-System-master\\vendor\\laravel\\framework\\src\\Illuminate\\Routing\\Router.php(750): Illuminate\\Routing\\Router->runRoute()
#30 C:\\Users\\User\\OneDrive\\Documents\\Albert\\Appointment-Booking-System-master\\vendor\\laravel\\framework\\src\\Illuminate\\Routing\\Router.php(739): Illuminate\\Routing\\Router->dispatchToRoute()
#31 C:\\Users\\User\\OneDrive\\Documents\\Albert\\Appointment-Booking-System-master\\vendor\\laravel\\framework\\src\\Illuminate\\Foundation\\Http\\Kernel.php(200): Illuminate\\Routing\\Router->dispatch()
#32 C:\\Users\\User\\OneDrive\\Documents\\Albert\\Appointment-Booking-System-master\\vendor\\laravel\\framework\\src\\Illuminate\\Pipeline\\Pipeline.php(169): Illuminate\\Foundation\\Http\\Kernel->Illuminate\\Foundation\\Http\\{closure}()
#33 C:\\Users\\User\\OneDrive\\Documents\\Albert\\Appointment-Booking-System-master\\vendor\\laravel\\framework\\src\\Illuminate\\Foundation\\Http\\Middleware\\TransformsRequest.php(21): Illuminate\\Pipeline\\Pipeline->Illuminate\\Pipeline\\{closure}()
#34 C:\\Users\\User\\OneDrive\\Documents\\Albert\\Appointment-Booking-System-master\\vendor\\laravel\\framework\\src\\Illuminate\\Foundation\\Http\\Middleware\\ConvertEmptyStringsToNull.php(31): Illuminate\\Foundation\\Http\\Middleware\\TransformsRequest->handle()
#35 C:\\Users\\User\\OneDrive\\Documents\\Albert\\Appointment-Booking-System-master\\vendor\\laravel\\framework\\src\\Illuminate\\Pipeline\\Pipeline.php(208): Illuminate\\Foundation\\Http\\Middleware\\ConvertEmptyStringsToNull->handle()
#36 C:\\Users\\User\\OneDrive\\Documents\\Albert\\Appointment-Booking-System-master\\vendor\\laravel\\framework\\src\\Illuminate\\Foundation\\Http\\Middleware\\TransformsRequest.php(21): Illuminate\\Pipeline\\Pipeline->Illuminate\\Pipeline\\{closure}()
#37 C:\\Users\\User\\OneDrive\\Documents\\Albert\\Appointment-Booking-System-master\\vendor\\laravel\\framework\\src\\Illuminate\\Foundation\\Http\\Middleware\\TrimStrings.php(51): Illuminate\\Foundation\\Http\\Middleware\\TransformsRequest->handle()
#38 C:\\Users\\User\\OneDrive\\Documents\\Albert\\Appointment-Booking-System-master\\vendor\\laravel\\framework\\src\\Illuminate\\Pipeline\\Pipeline.php(208): Illuminate\\Foundation\\Http\\Middleware\\TrimStrings->handle()
#39 C:\\Users\\User\\OneDrive\\Documents\\Albert\\Appointment-Booking-System-master\\vendor\\laravel\\framework\\src\\Illuminate\\Http\\Middleware\\ValidatePostSize.php(27): Illuminate\\Pipeline\\Pipeline->Illuminate\\Pipeline\\{closure}()
#40 C:\\Users\\User\\OneDrive\\Documents\\Albert\\Appointment-Booking-System-master\\vendor\\laravel\\framework\\src\\Illuminate\\Pipeline\\Pipeline.php(208): Illuminate\\Http\\Middleware\\ValidatePostSize->handle()
#41 C:\\Users\\User\\OneDrive\\Documents\\Albert\\Appointment-Booking-System-master\\vendor\\laravel\\framework\\src\\Illuminate\\Foundation\\Http\\Middleware\\PreventRequestsDuringMaintenance.php(109): Illuminate\\Pipeline\\Pipeline->Illuminate\\Pipeline\\{closure}()
#42 C:\\Users\\User\\OneDrive\\Documents\\Albert\\Appointment-Booking-System-master\\vendor\\laravel\\framework\\src\\Illuminate\\Pipeline\\Pipeline.php(208): Illuminate\\Foundation\\Http\\Middleware\\PreventRequestsDuringMaintenance->handle()
#43 C:\\Users\\User\\OneDrive\\Documents\\Albert\\Appointment-Booking-System-master\\vendor\\laravel\\framework\\src\\Illuminate\\Http\\Middleware\\HandleCors.php(48): Illuminate\\Pipeline\\Pipeline->Illuminate\\Pipeline\\{closure}()
#44 C:\\Users\\User\\OneDrive\\Documents\\Albert\\Appointment-Booking-System-master\\vendor\\laravel\\framework\\src\\Illuminate\\Pipeline\\Pipeline.php(208): Illuminate\\Http\\Middleware\\HandleCors->handle()
#45 C:\\Users\\User\\OneDrive\\Documents\\Albert\\Appointment-Booking-System-master\\vendor\\laravel\\framework\\src\\Illuminate\\Http\\Middleware\\TrustProxies.php(58): Illuminate\\Pipeline\\Pipeline->Illuminate\\Pipeline\\{closure}()
#46 C:\\Users\\User\\OneDrive\\Documents\\Albert\\Appointment-Booking-System-master\\vendor\\laravel\\framework\\src\\Illuminate\\Pipeline\\Pipeline.php(208): Illuminate\\Http\\Middleware\\TrustProxies->handle()
#47 C:\\Users\\User\\OneDrive\\Documents\\Albert\\Appointment-Booking-System-master\\vendor\\laravel\\framework\\src\\Illuminate\\Foundation\\Http\\Middleware\\InvokeDeferredCallbacks.php(22): Illuminate\\Pipeline\\Pipeline->Illuminate\\Pipeline\\{closure}()
#48 C:\\Users\\User\\OneDrive\\Documents\\Albert\\Appointment-Booking-System-master\\vendor\\laravel\\framework\\src\\Illuminate\\Pipeline\\Pipeline.php(208): Illuminate\\Foundation\\Http\\Middleware\\InvokeDeferredCallbacks->handle()
#49 C:\\Users\\User\\OneDrive\\Documents\\Albert\\Appointment-Booking-System-master\\vendor\\laravel\\framework\\src\\Illuminate\\Http\\Middleware\\ValidatePathEncoding.php(26): Illuminate\\Pipeline\\Pipeline->Illuminate\\Pipeline\\{closure}()
#50 C:\\Users\\User\\OneDrive\\Documents\\Albert\\Appointment-Booking-System-master\\vendor\\laravel\\framework\\src\\Illuminate\\Pipeline\\Pipeline.php(208): Illuminate\\Http\\Middleware\\ValidatePathEncoding->handle()
#51 C:\\Users\\User\\OneDrive\\Documents\\Albert\\Appointment-Booking-System-master\\vendor\\laravel\\framework\\src\\Illuminate\\Pipeline\\Pipeline.php(126): Illuminate\\Pipeline\\Pipeline->Illuminate\\Pipeline\\{closure}()
#52 C:\\Users\\User\\OneDrive\\Documents\\Albert\\Appointment-Booking-System-master\\vendor\\laravel\\framework\\src\\Illuminate\\Foundation\\Http\\Kernel.php(175): Illuminate\\Pipeline\\Pipeline->then()
#53 C:\\Users\\User\\OneDrive\\Documents\\Albert\\Appointment-Booking-System-master\\vendor\\laravel\\framework\\src\\Illuminate\\Foundation\\Http\\Kernel.php(144): Illuminate\\Foundation\\Http\\Kernel->sendRequestThroughRouter()
#54 C:\\Users\\User\\OneDrive\\Documents\\Albert\\Appointment-Booking-System-master\\vendor\\laravel\\framework\\src\\Illuminate\\Foundation\\Testing\\Concerns\\MakesHttpRequests.php(607): Illuminate\\Foundation\\Http\\Kernel->handle()
#55 C:\\Users\\User\\OneDrive\\Documents\\Albert\\Appointment-Booking-System-master\\vendor\\laravel\\framework\\src\\Illuminate\\Foundation\\Testing\\Concerns\\MakesHttpRequests.php(368): Illuminate\\Foundation\\Testing\\TestCase->call()
#56 C:\\Users\\User\\OneDrive\\Documents\\Albert\\Appointment-Booking-System-master\\tests\\Feature\\Auth\\PasswordConfirmationTest.php(17): Illuminate\\Foundation\\Testing\\TestCase->get()
#57 C:\\Users\\User\\OneDrive\\Documents\\Albert\\Appointment-Booking-System-master\\vendor\\phpunit\\phpunit\\src\\Framework\\TestCase.php(1656): Tests\\Feature\\Auth\\PasswordConfirmationTest->test_confirm_password_screen_can_be_rendered()
#58 C:\\Users\\User\\OneDrive\\Documents\\Albert\\Appointment-Booking-System-master\\vendor\\phpunit\\phpunit\\src\\Framework\\TestCase.php(514): PHPUnit\\Framework\\TestCase->runTest()
#59 C:\\Users\\User\\OneDrive\\Documents\\Albert\\Appointment-Booking-System-master\\vendor\\phpunit\\phpunit\\src\\Framework\\TestRunner\\TestRunner.php(87): PHPUnit\\Framework\\TestCase->runBare()
#60 C:\\Users\\User\\OneDrive\\Documents\\Albert\\Appointment-Booking-System-master\\vendor\\phpunit\\phpunit\\src\\Framework\\TestCase.php(361): PHPUnit\\Framework\\TestRunner->run()
#61 C:\\Users\\User\\OneDrive\\Documents\\Albert\\Appointment-Booking-System-master\\vendor\\phpunit\\phpunit\\src\\Framework\\TestSuite.php(369): PHPUnit\\Framework\\TestCase->run()
#62 C:\\Users\\User\\OneDrive\\Documents\\Albert\\Appointment-Booking-System-master\\vendor\\phpunit\\phpunit\\src\\Framework\\TestSuite.php(369): PHPUnit\\Framework\\TestSuite->run()
#63 C:\\Users\\User\\OneDrive\\Documents\\Albert\\Appointment-Booking-System-master\\vendor\\phpunit\\phpunit\\src\\Framework\\TestSuite.php(369): PHPUnit\\Framework\\TestSuite->run()
#64 C:\\Users\\User\\OneDrive\\Documents\\Albert\\Appointment-Booking-System-master\\vendor\\phpunit\\phpunit\\src\\TextUI\\TestRunner.php(64): PHPUnit\\Framework\\TestSuite->run()
#65 C:\\Users\\User\\OneDrive\\Documents\\Albert\\Appointment-Booking-System-master\\vendor\\phpunit\\phpunit\\src\\TextUI\\Application.php(210): PHPUnit\\TextUI\\TestRunner->run()
#66 C:\\Users\\User\\OneDrive\\Documents\\Albert\\Appointment-Booking-System-master\\vendor\\phpunit\\phpunit\\phpunit(104): PHPUnit\\TextUI\\Application->run()
#67 C:\\Users\\User\\OneDrive\\Documents\\Albert\\Appointment-Booking-System-master\\vendor\\bin\\phpunit(122): include('...')
#68 {main}

[previous exception] [object] (InvalidArgumentException(code: 0): View [layouts.guest] not found. at C:\\Users\\User\\OneDrive\\Documents\\Albert\\Appointment-Booking-System-master\\vendor\\laravel\\framework\\src\\Illuminate\\View\\FileViewFinder.php:138)
[stacktrace]
#0 C:\\Users\\User\\OneDrive\\Documents\\Albert\\Appointment-Booking-System-master\\vendor\\laravel\\framework\\src\\Illuminate\\View\\FileViewFinder.php(78): Illuminate\\View\\FileViewFinder->findInPaths()
#1 C:\\Users\\User\\OneDrive\\Documents\\Albert\\Appointment-Booking-System-master\\vendor\\laravel\\framework\\src\\Illuminate\\View\\Factory.php(150): Illuminate\\View\\FileViewFinder->find()
#2 C:\\Users\\User\\OneDrive\\Documents\\Albert\\Appointment-Booking-System-master\\vendor\\laravel\\framework\\src\\Illuminate\\Foundation\\helpers.php(1101): Illuminate\\View\\Factory->make()
#3 C:\\Users\\User\\OneDrive\\Documents\\Albert\\Appointment-Booking-System-master\\app\\View\\Components\\GuestLayout.php(15): view()
#4 C:\\Users\\User\\OneDrive\\Documents\\Albert\\Appointment-Booking-System-master\\vendor\\laravel\\framework\\src\\Illuminate\\View\\Component.php(143): App\\View\\Components\\GuestLayout->render()
#5 C:\\Users\\User\\OneDrive\\Documents\\Albert\\Appointment-Booking-System-master\\storage\\framework\\views\\601e7881ab931d162e601d8c553beb1e.php(6): Illuminate\\View\\Component->resolveView()
#6 C:\\Users\\User\\OneDrive\\Documents\\Albert\\Appointment-Booking-System-master\\vendor\\laravel\\framework\\src\\Illuminate\\Filesystem\\Filesystem.php(123): require('...')
#7 C:\\Users\\User\\OneDrive\\Documents\\Albert\\Appointment-Booking-System-master\\vendor\\laravel\\framework\\src\\Illuminate\\Filesystem\\Filesystem.php(124): Illuminate\\Filesystem\\Filesystem::Illuminate\\Filesystem\\{closure}()
#8 C:\\Users\\User\\OneDrive\\Documents\\Albert\\Appointment-Booking-System-master\\vendor\\laravel\\framework\\src\\Illuminate\\View\\Engines\\PhpEngine.php(57): Illuminate\\Filesystem\\Filesystem->getRequire()
#9 C:\\Users\\User\\OneDrive\\Documents\\Albert\\Appointment-Booking-System-master\\vendor\\laravel\\framework\\src\\Illuminate\\View\\Engines\\CompilerEngine.php(76): Illuminate\\View\\Engines\\PhpEngine->evaluatePath()
#10 C:\\Users\\User\\OneDrive\\Documents\\Albert\\Appointment-Booking-System-master\\vendor\\laravel\\framework\\src\\Illuminate\\View\\View.php(208): Illuminate\\View\\Engines\\CompilerEngine->get()
#11 C:\\Users\\User\\OneDrive\\Documents\\Albert\\Appointment-Booking-System-master\\vendor\\laravel\\framework\\src\\Illuminate\\View\\View.php(191): Illuminate\\View\\View->getContents()
#12 C:\\Users\\User\\OneDrive\\Documents\\Albert\\Appointment-Booking-System-master\\vendor\\laravel\\framework\\src\\Illuminate\\View\\View.php(160): Illuminate\\View\\View->renderContents()
#13 C:\\Users\\User\\OneDrive\\Documents\\Albert\\Appointment-Booking-System-master\\vendor\\laravel\\framework\\src\\Illuminate\\Http\\Response.php(78): Illuminate\\View\\View->render()
#14 C:\\Users\\User\\OneDrive\\Documents\\Albert\\Appointment-Booking-System-master\\vendor\\laravel\\framework\\src\\Illuminate\\Http\\Response.php(34): Illuminate\\Http\\Response->setContent()
#15 C:\\Users\\User\\OneDrive\\Documents\\Albert\\Appointment-Booking-System-master\\vendor\\laravel\\framework\\src\\Illuminate\\Routing\\Router.php(924): Illuminate\\Http\\Response->__construct()
#16 C:\\Users\\User\\OneDrive\\Documents\\Albert\\Appointment-Booking-System-master\\vendor\\laravel\\framework\\src\\Illuminate\\Routing\\Router.php(891): Illuminate\\Routing\\Router::toResponse()
#17 C:\\Users\\User\\OneDrive\\Documents\\Albert\\Appointment-Booking-System-master\\vendor\\laravel\\framework\\src\\Illuminate\\Routing\\Router.php(807): Illuminate\\Routing\\Router->prepareResponse()
#18 C:\\Users\\User\\OneDrive\\Documents\\Albert\\Appointment-Booking-System-master\\vendor\\laravel\\framework\\src\\Illuminate\\Pipeline\\Pipeline.php(169): Illuminate\\Routing\\Router->Illuminate\\Routing\\{closure}()
#19 C:\\Users\\User\\OneDrive\\Documents\\Albert\\Appointment-Booking-System-master\\vendor\\laravel\\framework\\src\\Illuminate\\Routing\\Middleware\\SubstituteBindings.php(50): Illuminate\\Pipeline\\Pipeline->Illuminate\\Pipeline\\{closure}()
#20 C:\\Users\\User\\OneDrive\\Documents\\Albert\\Appointment-Booking-System-master\\vendor\\laravel\\framework\\src\\Illuminate\\Pipeline\\Pipeline.php(208): Illuminate\\Routing\\Middleware\\SubstituteBindings->handle()
#21 C:\\Users\\User\\OneDrive\\Documents\\Albert\\Appointment-Booking-System-master\\vendor\\laravel\\framework\\src\\Illuminate\\Auth\\Middleware\\Authenticate.php(63): Illuminate\\Pipeline\\Pipeline->Illuminate\\Pipeline\\{closure}()
#22 C:\\Users\\User\\OneDrive\\Documents\\Albert\\Appointment-Booking-System-master\\vendor\\laravel\\framework\\src\\Illuminate\\Pipeline\\Pipeline.php(208): Illuminate\\Auth\\Middleware\\Authenticate->handle()
#23 C:\\Users\\User\\OneDrive\\Documents\\Albert\\Appointment-Booking-System-master\\vendor\\laravel\\framework\\src\\Illuminate\\Foundation\\Http\\Middleware\\VerifyCsrfToken.php(87): Illuminate\\Pipeline\\Pipeline->Illuminate\\Pipeline\\{closure}()
#24 C:\\Users\\User\\OneDrive\\Documents\\Albert\\Appointment-Booking-System-master\\vendor\\laravel\\framework\\src\\Illuminate\\Pipeline\\Pipeline.php(208): Illuminate\\Foundation\\Http\\Middleware\\VerifyCsrfToken->handle()
#25 C:\\Users\\User\\OneDrive\\Documents\\Albert\\Appointment-Booking-System-master\\vendor\\laravel\\framework\\src\\Illuminate\\View\\Middleware\\ShareErrorsFromSession.php(48): Illuminate\\Pipeline\\Pipeline->Illuminate\\Pipeline\\{closure}()
#26 C:\\Users\\User\\OneDrive\\Documents\\Albert\\Appointment-Booking-System-master\\vendor\\laravel\\framework\\src\\Illuminate\\Pipeline\\Pipeline.php(208): Illuminate\\View\\Middleware\\ShareErrorsFromSession->handle()
#27 C:\\Users\\User\\OneDrive\\Documents\\Albert\\Appointment-Booking-System-master\\vendor\\laravel\\framework\\src\\Illuminate\\Session\\Middleware\\StartSession.php(120): Illuminate\\Pipeline\\Pipeline->Illuminate\\Pipeline\\{closure}()
#28 C:\\Users\\User\\OneDrive\\Documents\\Albert\\Appointment-Booking-System-master\\vendor\\laravel\\framework\\src\\Illuminate\\Session\\Middleware\\StartSession.php(63): Illuminate\\Session\\Middleware\\StartSession->handleStatefulRequest()
#29 C:\\Users\\User\\OneDrive\\Documents\\Albert\\Appointment-Booking-System-master\\vendor\\laravel\\framework\\src\\Illuminate\\Pipeline\\Pipeline.php(208): Illuminate\\Session\\Middleware\\StartSession->handle()
#30 C:\\Users\\User\\OneDrive\\Documents\\Albert\\Appointment-Booking-System-master\\vendor\\laravel\\framework\\src\\Illuminate\\Cookie\\Middleware\\AddQueuedCookiesToResponse.php(36): Illuminate\\Pipeline\\Pipeline->Illuminate\\Pipeline\\{closure}()
#31 C:\\Users\\User\\OneDrive\\Documents\\Albert\\Appointment-Booking-System-master\\vendor\\laravel\\framework\\src\\Illuminate\\Pipeline\\Pipeline.php(208): Illuminate\\Cookie\\Middleware\\AddQueuedCookiesToResponse->handle()
#32 C:\\Users\\User\\OneDrive\\Documents\\Albert\\Appointment-Booking-System-master\\vendor\\laravel\\framework\\src\\Illuminate\\Cookie\\Middleware\\EncryptCookies.php(74): Illuminate\\Pipeline\\Pipeline->Illuminate\\Pipeline\\{closure}()
#33 C:\\Users\\User\\OneDrive\\Documents\\Albert\\Appointment-Booking-System-master\\vendor\\laravel\\framework\\src\\Illuminate\\Pipeline\\Pipeline.php(208): Illuminate\\Cookie\\Middleware\\EncryptCookies->handle()
#34 C:\\Users\\User\\OneDrive\\Documents\\Albert\\Appointment-Booking-System-master\\vendor\\laravel\\framework\\src\\Illuminate\\Pipeline\\Pipeline.php(126): Illuminate\\Pipeline\\Pipeline->Illuminate\\Pipeline\\{closure}()
#35 C:\\Users\\User\\OneDrive\\Documents\\Albert\\Appointment-Booking-System-master\\vendor\\laravel\\framework\\src\\Illuminate\\Routing\\Router.php(807): Illuminate\\Pipeline\\Pipeline->then()
#36 C:\\Users\\User\\OneDrive\\Documents\\Albert\\Appointment-Booking-System-master\\vendor\\laravel\\framework\\src\\Illuminate\\Routing\\Router.php(786): Illuminate\\Routing\\Router->runRouteWithinStack()
#37 C:\\Users\\User\\OneDrive\\Documents\\Albert\\Appointment-Booking-System-master\\vendor\\laravel\\framework\\src\\Illuminate\\Routing\\Router.php(750): Illuminate\\Routing\\Router->runRoute()
#38 C:\\Users\\User\\OneDrive\\Documents\\Albert\\Appointment-Booking-System-master\\vendor\\laravel\\framework\\src\\Illuminate\\Routing\\Router.php(739): Illuminate\\Routing\\Router->dispatchToRoute()
#39 C:\\Users\\User\\OneDrive\\Documents\\Albert\\Appointment-Booking-System-master\\vendor\\laravel\\framework\\src\\Illuminate\\Foundation\\Http\\Kernel.php(200): Illuminate\\Routing\\Router->dispatch()
#40 C:\\Users\\User\\OneDrive\\Documents\\Albert\\Appointment-Booking-System-master\\vendor\\laravel\\framework\\src\\Illuminate\\Pipeline\\Pipeline.php(169): Illuminate\\Foundation\\Http\\Kernel->Illuminate\\Foundation\\Http\\{closure}()
#41 C:\\Users\\User\\OneDrive\\Documents\\Albert\\Appointment-Booking-System-master\\vendor\\laravel\\framework\\src\\Illuminate\\Foundation\\Http\\Middleware\\TransformsRequest.php(21): Illuminate\\Pipeline\\Pipeline->Illuminate\\Pipeline\\{closure}()
#42 C:\\Users\\User\\OneDrive\\Documents\\Albert\\Appointment-Booking-System-master\\vendor\\laravel\\framework\\src\\Illuminate\\Foundation\\Http\\Middleware\\ConvertEmptyStringsToNull.php(31): Illuminate\\Foundation\\Http\\Middleware\\TransformsRequest->handle()
#43 C:\\Users\\User\\OneDrive\\Documents\\Albert\\Appointment-Booking-System-master\\vendor\\laravel\\framework\\src\\Illuminate\\Pipeline\\Pipeline.php(208): Illuminate\\Foundation\\Http\\Middleware\\ConvertEmptyStringsToNull->handle()
#44 C:\\Users\\User\\OneDrive\\Documents\\Albert\\Appointment-Booking-System-master\\vendor\\laravel\\framework\\src\\Illuminate\\Foundation\\Http\\Middleware\\TransformsRequest.php(21): Illuminate\\Pipeline\\Pipeline->Illuminate\\Pipeline\\{closure}()
#45 C:\\Users\\User\\OneDrive\\Documents\\Albert\\Appointment-Booking-System-master\\vendor\\laravel\\framework\\src\\Illuminate\\Foundation\\Http\\Middleware\\TrimStrings.php(51): Illuminate\\Foundation\\Http\\Middleware\\TransformsRequest->handle()
#46 C:\\Users\\User\\OneDrive\\Documents\\Albert\\Appointment-Booking-System-master\\vendor\\laravel\\framework\\src\\Illuminate\\Pipeline\\Pipeline.php(208): Illuminate\\Foundation\\Http\\Middleware\\TrimStrings->handle()
#47 C:\\Users\\User\\OneDrive\\Documents\\Albert\\Appointment-Booking-System-master\\vendor\\laravel\\framework\\src\\Illuminate\\Http\\Middleware\\ValidatePostSize.php(27): Illuminate\\Pipeline\\Pipeline->Illuminate\\Pipeline\\{closure}()
#48 C:\\Users\\User\\OneDrive\\Documents\\Albert\\Appointment-Booking-System-master\\vendor\\laravel\\framework\\src\\Illuminate\\Pipeline\\Pipeline.php(208): Illuminate\\Http\\Middleware\\ValidatePostSize->handle()
#49 C:\\Users\\User\\OneDrive\\Documents\\Albert\\Appointment-Booking-System-master\\vendor\\laravel\\framework\\src\\Illuminate\\Foundation\\Http\\Middleware\\PreventRequestsDuringMaintenance.php(109): Illuminate\\Pipeline\\Pipeline->Illuminate\\Pipeline\\{closure}()
#50 C:\\Users\\User\\OneDrive\\Documents\\Albert\\Appointment-Booking-System-master\\vendor\\laravel\\framework\\src\\Illuminate\\Pipeline\\Pipeline.php(208): Illuminate\\Foundation\\Http\\Middleware\\PreventRequestsDuringMaintenance->handle()
#51 C:\\Users\\User\\OneDrive\\Documents\\Albert\\Appointment-Booking-System-master\\vendor\\laravel\\framework\\src\\Illuminate\\Http\\Middleware\\HandleCors.php(48): Illuminate\\Pipeline\\Pipeline->Illuminate\\Pipeline\\{closure}()
#52 C:\\Users\\User\\OneDrive\\Documents\\Albert\\Appointment-Booking-System-master\\vendor\\laravel\\framework\\src\\Illuminate\\Pipeline\\Pipeline.php(208): Illuminate\\Http\\Middleware\\HandleCors->handle()
#53 C:\\Users\\User\\OneDrive\\Documents\\Albert\\Appointment-Booking-System-master\\vendor\\laravel\\framework\\src\\Illuminate\\Http\\Middleware\\TrustProxies.php(58): Illuminate\\Pipeline\\Pipeline->Illuminate\\Pipeline\\{closure}()
#54 C:\\Users\\User\\OneDrive\\Documents\\Albert\\Appointment-Booking-System-master\\vendor\\laravel\\framework\\src\\Illuminate\\Pipeline\\Pipeline.php(208): Illuminate\\Http\\Middleware\\TrustProxies->handle()
#55 C:\\Users\\User\\OneDrive\\Documents\\Albert\\Appointment-Booking-System-master\\vendor\\laravel\\framework\\src\\Illuminate\\Foundation\\Http\\Middleware\\InvokeDeferredCallbacks.php(22): Illuminate\\Pipeline\\Pipeline->Illuminate\\Pipeline\\{closure}()
#56 C:\\Users\\User\\OneDrive\\Documents\\Albert\\Appointment-Booking-System-master\\vendor\\laravel\\framework\\src\\Illuminate\\Pipeline\\Pipeline.php(208): Illuminate\\Foundation\\Http\\Middleware\\InvokeDeferredCallbacks->handle()
#57 C:\\Users\\User\\OneDrive\\Documents\\Albert\\Appointment-Booking-System-master\\vendor\\laravel\\framework\\src\\Illuminate\\Http\\Middleware\\ValidatePathEncoding.php(26): Illuminate\\Pipeline\\Pipeline->Illuminate\\Pipeline\\{closure}()
#58 C:\\Users\\User\\OneDrive\\Documents\\Albert\\Appointment-Booking-System-master\\vendor\\laravel\\framework\\src\\Illuminate\\Pipeline\\Pipeline.php(208): Illuminate\\Http\\Middleware\\ValidatePathEncoding->handle()
#59 C:\\Users\\User\\OneDrive\\Documents\\Albert\\Appointment-Booking-System-master\\vendor\\laravel\\framework\\src\\Illuminate\\Pipeline\\Pipeline.php(126): Illuminate\\Pipeline\\Pipeline->Illuminate\\Pipeline\\{closure}()
#60 C:\\Users\\User\\OneDrive\\Documents\\Albert\\Appointment-Booking-System-master\\vendor\\laravel\\framework\\src\\Illuminate\\Foundation\\Http\\Kernel.php(175): Illuminate\\Pipeline\\Pipeline->then()
#61 C:\\Users\\User\\OneDrive\\Documents\\Albert\\Appointment-Booking-System-master\\vendor\\laravel\\framework\\src\\Illuminate\\Foundation\\Http\\Kernel.php(144): Illuminate\\Foundation\\Http\\Kernel->sendRequestThroughRouter()
#62 C:\\Users\\User\\OneDrive\\Documents\\Albert\\Appointment-Booking-System-master\\vendor\\laravel\\framework\\src\\Illuminate\\Foundation\\Testing\\Concerns\\MakesHttpRequests.php(607): Illuminate\\Foundation\\Http\\Kernel->handle()
#63 C:\\Users\\User\\OneDrive\\Documents\\Albert\\Appointment-Booking-System-master\\vendor\\laravel\\framework\\src\\Illuminate\\Foundation\\Testing\\Concerns\\MakesHttpRequests.php(368): Illuminate\\Foundation\\Testing\\TestCase->call()
#64 C:\\Users\\User\\OneDrive\\Documents\\Albert\\Appointment-Booking-System-master\\tests\\Feature\\Auth\\PasswordConfirmationTest.php(17): Illuminate\\Foundation\\Testing\\TestCase->get()
#65 C:\\Users\\User\\OneDrive\\Documents\\Albert\\Appointment-Booking-System-master\\vendor\\phpunit\\phpunit\\src\\Framework\\TestCase.php(1656): Tests\\Feature\\Auth\\PasswordConfirmationTest->test_confirm_password_screen_can_be_rendered()
#66 C:\\Users\\User\\OneDrive\\Documents\\Albert\\Appointment-Booking-System-master\\vendor\\phpunit\\phpunit\\src\\Framework\\TestCase.php(514): PHPUnit\\Framework\\TestCase->runTest()
#67 C:\\Users\\User\\OneDrive\\Documents\\Albert\\Appointment-Booking-System-master\\vendor\\phpunit\\phpunit\\src\\Framework\\TestRunner\\TestRunner.php(87): PHPUnit\\Framework\\TestCase->runBare()
#68 C:\\Users\\User\\OneDrive\\Documents\\Albert\\Appointment-Booking-System-master\\vendor\\phpunit\\phpunit\\src\\Framework\\TestCase.php(361): PHPUnit\\Framework\\TestRunner->run()
#69 C:\\Users\\User\\OneDrive\\Documents\\Albert\\Appointment-Booking-System-master\\vendor\\phpunit\\phpunit\\src\\Framework\\TestSuite.php(369): PHPUnit\\Framework\\TestCase->run()
#70 C:\\Users\\User\\OneDrive\\Documents\\Albert\\Appointment-Booking-System-master\\vendor\\phpunit\\phpunit\\src\\Framework\\TestSuite.php(369): PHPUnit\\Framework\\TestSuite->run()
#71 C:\\Users\\User\\OneDrive\\Documents\\Albert\\Appointment-Booking-System-master\\vendor\\phpunit\\phpunit\\src\\Framework\\TestSuite.php(369): PHPUnit\\Framework\\TestSuite->run()
#72 C:\\Users\\User\\OneDrive\\Documents\\Albert\\Appointment-Booking-System-master\\vendor\\phpunit\\phpunit\\src\\TextUI\\TestRunner.php(64): PHPUnit\\Framework\\TestSuite->run()
#73 C:\\Users\\User\\OneDrive\\Documents\\Albert\\Appointment-Booking-System-master\\vendor\\phpunit\\phpunit\\src\\TextUI\\Application.php(210): PHPUnit\\TextUI\\TestRunner->run()
#74 C:\\Users\\User\\OneDrive\\Documents\\Albert\\Appointment-Booking-System-master\\vendor\\phpunit\\phpunit\\phpunit(104): PHPUnit\\TextUI\\Application->run()
#75 C:\\Users\\User\\OneDrive\\Documents\\Albert\\Appointment-Booking-System-master\\vendor\\bin\\phpunit(122): include('...')
#76 {main}
"} 
[2026-05-22 17:08:33] testing.ERROR: View [layouts.guest] not found. (View: C:\Users\User\OneDrive\Documents\Albert\Appointment-Booking-System-master\resources\views\auth\forgot-password.blade.php) {"exception":"[object] (Illuminate\\View\\ViewException(code: 0): View [layouts.guest] not found. (View: C:\\Users\\User\\OneDrive\\Documents\\Albert\\Appointment-Booking-System-master\\resources\\views\\auth\\forgot-password.blade.php) at C:\\Users\\User\\OneDrive\\Documents\\Albert\\Appointment-Booking-System-master\\vendor\\laravel\\framework\\src\\Illuminate\\View\\FileViewFinder.php:138)
[stacktrace]
#0 C:\\Users\\User\\OneDrive\\Documents\\Albert\\Appointment-Booking-System-master\\vendor\\laravel\\framework\\src\\Illuminate\\View\\Engines\\PhpEngine.php(59): Illuminate\\View\\Engines\\CompilerEngine->handleViewException()
#1 C:\\Users\\User\\OneDrive\\Documents\\Albert\\Appointment-Booking-System-master\\vendor\\laravel\\framework\\src\\Illuminate\\View\\Engines\\CompilerEngine.php(76): Illuminate\\View\\Engines\\PhpEngine->evaluatePath()
#2 C:\\Users\\User\\OneDrive\\Documents\\Albert\\Appointment-Booking-System-master\\vendor\\laravel\\framework\\src\\Illuminate\\View\\View.php(208): Illuminate\\View\\Engines\\CompilerEngine->get()
#3 C:\\Users\\User\\OneDrive\\Documents\\Albert\\Appointment-Booking-System-master\\vendor\\laravel\\framework\\src\\Illuminate\\View\\View.php(191): Illuminate\\View\\View->getContents()
#4 C:\\Users\\User\\OneDrive\\Documents\\Albert\\Appointment-Booking-System-master\\vendor\\laravel\\framework\\src\\Illuminate\\View\\View.php(160): Illuminate\\View\\View->renderContents()
#5 C:\\Users\\User\\OneDrive\\Documents\\Albert\\Appointment-Booking-System-master\\vendor\\laravel\\framework\\src\\Illuminate\\Http\\Response.php(78): Illuminate\\View\\View->render()
#6 C:\\Users\\User\\OneDrive\\Documents\\Albert\\Appointment-Booking-System-master\\vendor\\laravel\\framework\\src\\Illuminate\\Http\\Response.php(34): Illuminate\\Http\\Response->setContent()
#7 C:\\Users\\User\\OneDrive\\Documents\\Albert\\Appointment-Booking-System-master\\vendor\\laravel\\framework\\src\\Illuminate\\Routing\\Router.php(924): Illuminate\\Http\\Response->__construct()
#8 C:\\Users\\User\\OneDrive\\Documents\\Albert\\Appointment-Booking-System-master\\vendor\\laravel\\framework\\src\\Illuminate\\Routing\\Router.php(891): Illuminate\\Routing\\Router::toResponse()
#9 C:\\Users\\User\\OneDrive\\Documents\\Albert\\Appointment-Booking-System-master\\vendor\\laravel\\framework\\src\\Illuminate\\Routing\\Router.php(807): Illuminate\\Routing\\Router->prepareResponse()
#10 C:\\Users\\User\\OneDrive\\Documents\\Albert\\Appointment-Booking-System-master\\vendor\\laravel\\framework\\src\\Illuminate\\Pipeline\\Pipeline.php(169): Illuminate\\Routing\\Router->Illuminate\\Routing\\{closure}()
#11 C:\\Users\\User\\OneDrive\\Documents\\Albert\\Appointment-Booking-System-master\\vendor\\laravel\\framework\\src\\Illuminate\\Auth\\Middleware\\RedirectIfAuthenticated.php(35): Illuminate\\Pipeline\\Pipeline->Illuminate\\Pipeline\\{closure}()
#12 C:\\Users\\User\\OneDrive\\Documents\\Albert\\Appointment-Booking-System-master\\vendor\\laravel\\framework\\src\\Illuminate\\Pipeline\\Pipeline.php(208): Illuminate\\Auth\\Middleware\\RedirectIfAuthenticated->handle()
#13 C:\\Users\\User\\OneDrive\\Documents\\Albert\\Appointment-Booking-System-master\\vendor\\laravel\\framework\\src\\Illuminate\\Routing\\Middleware\\SubstituteBindings.php(50): Illuminate\\Pipeline\\Pipeline->Illuminate\\Pipeline\\{closure}()
#14 C:\\Users\\User\\OneDrive\\Documents\\Albert\\Appointment-Booking-System-master\\vendor\\laravel\\framework\\src\\Illuminate\\Pipeline\\Pipeline.php(208): Illuminate\\Routing\\Middleware\\SubstituteBindings->handle()
#15 C:\\Users\\User\\OneDrive\\Documents\\Albert\\Appointment-Booking-System-master\\vendor\\laravel\\framework\\src\\Illuminate\\Foundation\\Http\\Middleware\\VerifyCsrfToken.php(87): Illuminate\\Pipeline\\Pipeline->Illuminate\\Pipeline\\{closure}()
#16 C:\\Users\\User\\OneDrive\\Documents\\Albert\\Appointment-Booking-System-master\\vendor\\laravel\\framework\\src\\Illuminate\\Pipeline\\Pipeline.php(208): Illuminate\\Foundation\\Http\\Middleware\\VerifyCsrfToken->handle()
#17 C:\\Users\\User\\OneDrive\\Documents\\Albert\\Appointment-Booking-System-master\\vendor\\laravel\\framework\\src\\Illuminate\\View\\Middleware\\ShareErrorsFromSession.php(48): Illuminate\\Pipeline\\Pipeline->Illuminate\\Pipeline\\{closure}()
#18 C:\\Users\\User\\OneDrive\\Documents\\Albert\\Appointment-Booking-System-master\\vendor\\laravel\\framework\\src\\Illuminate\\Pipeline\\Pipeline.php(208): Illuminate\\View\\Middleware\\ShareErrorsFromSession->handle()
#19 C:\\Users\\User\\OneDrive\\Documents\\Albert\\Appointment-Booking-System-master\\vendor\\laravel\\framework\\src\\Illuminate\\Session\\Middleware\\StartSession.php(120): Illuminate\\Pipeline\\Pipeline->Illuminate\\Pipeline\\{closure}()
#20 C:\\Users\\User\\OneDrive\\Documents\\Albert\\Appointment-Booking-System-master\\vendor\\laravel\\framework\\src\\Illuminate\\Session\\Middleware\\StartSession.php(63): Illuminate\\Session\\Middleware\\StartSession->handleStatefulRequest()
#21 C:\\Users\\User\\OneDrive\\Documents\\Albert\\Appointment-Booking-System-master\\vendor\\laravel\\framework\\src\\Illuminate\\Pipeline\\Pipeline.php(208): Illuminate\\Session\\Middleware\\StartSession->handle()
#22 C:\\Users\\User\\OneDrive\\Documents\\Albert\\Appointment-Booking-System-master\\vendor\\laravel\\framework\\src\\Illuminate\\Cookie\\Middleware\\AddQueuedCookiesToResponse.php(36): Illuminate\\Pipeline\\Pipeline->Illuminate\\Pipeline\\{closure}()
#23 C:\\Users\\User\\OneDrive\\Documents\\Albert\\Appointment-Booking-System-master\\vendor\\laravel\\framework\\src\\Illuminate\\Pipeline\\Pipeline.php(208): Illuminate\\Cookie\\Middleware\\AddQueuedCookiesToResponse->handle()
#24 C:\\Users\\User\\OneDrive\\Documents\\Albert\\Appointment-Booking-System-master\\vendor\\laravel\\framework\\src\\Illuminate\\Cookie\\Middleware\\EncryptCookies.php(74): Illuminate\\Pipeline\\Pipeline->Illuminate\\Pipeline\\{closure}()
#25 C:\\Users\\User\\OneDrive\\Documents\\Albert\\Appointment-Booking-System-master\\vendor\\laravel\\framework\\src\\Illuminate\\Pipeline\\Pipeline.php(208): Illuminate\\Cookie\\Middleware\\EncryptCookies->handle()
#26 C:\\Users\\User\\OneDrive\\Documents\\Albert\\Appointment-Booking-System-master\\vendor\\laravel\\framework\\src\\Illuminate\\Pipeline\\Pipeline.php(126): Illuminate\\Pipeline\\Pipeline->Illuminate\\Pipeline\\{closure}()
#27 C:\\Users\\User\\OneDrive\\Documents\\Albert\\Appointment-Booking-System-master\\vendor\\laravel\\framework\\src\\Illuminate\\Routing\\Router.php(807): Illuminate\\Pipeline\\Pipeline->then()
#28 C:\\Users\\User\\OneDrive\\Documents\\Albert\\Appointment-Booking-System-master\\vendor\\laravel\\framework\\src\\Illuminate\\Routing\\Router.php(786): Illuminate\\Routing\\Router->runRouteWithinStack()
#29 C:\\Users\\User\\OneDrive\\Documents\\Albert\\Appointment-Booking-System-master\\vendor\\laravel\\framework\\src\\Illuminate\\Routing\\Router.php(750): Illuminate\\Routing\\Router->runRoute()
#30 C:\\Users\\User\\OneDrive\\Documents\\Albert\\Appointment-Booking-System-master\\vendor\\laravel\\framework\\src\\Illuminate\\Routing\\Router.php(739): Illuminate\\Routing\\Router->dispatchToRoute()
#31 C:\\Users\\User\\OneDrive\\Documents\\Albert\\Appointment-Booking-System-master\\vendor\\laravel\\framework\\src\\Illuminate\\Foundation\\Http\\Kernel.php(200): Illuminate\\Routing\\Router->dispatch()
#32 C:\\Users\\User\\OneDrive\\Documents\\Albert\\Appointment-Booking-System-master\\vendor\\laravel\\framework\\src\\Illuminate\\Pipeline\\Pipeline.php(169): Illuminate\\Foundation\\Http\\Kernel->Illuminate\\Foundation\\Http\\{closure}()
#33 C:\\Users\\User\\OneDrive\\Documents\\Albert\\Appointment-Booking-System-master\\vendor\\laravel\\framework\\src\\Illuminate\\Foundation\\Http\\Middleware\\TransformsRequest.php(21): Illuminate\\Pipeline\\Pipeline->Illuminate\\Pipeline\\{closure}()
#34 C:\\Users\\User\\OneDrive\\Documents\\Albert\\Appointment-Booking-System-master\\vendor\\laravel\\framework\\src\\Illuminate\\Foundation\\Http\\Middleware\\ConvertEmptyStringsToNull.php(31): Illuminate\\Foundation\\Http\\Middleware\\TransformsRequest->handle()
#35 C:\\Users\\User\\OneDrive\\Documents\\Albert\\Appointment-Booking-System-master\\vendor\\laravel\\framework\\src\\Illuminate\\Pipeline\\Pipeline.php(208): Illuminate\\Foundation\\Http\\Middleware\\ConvertEmptyStringsToNull->handle()
#36 C:\\Users\\User\\OneDrive\\Documents\\Albert\\Appointment-Booking-System-master\\vendor\\laravel\\framework\\src\\Illuminate\\Foundation\\Http\\Middleware\\TransformsRequest.php(21): Illuminate\\Pipeline\\Pipeline->Illuminate\\Pipeline\\{closure}()
#37 C:\\Users\\User\\OneDrive\\Documents\\Albert\\Appointment-Booking-System-master\\vendor\\laravel\\framework\\src\\Illuminate\\Foundation\\Http\\Middleware\\TrimStrings.php(51): Illuminate\\Foundation\\Http\\Middleware\\TransformsRequest->handle()
#38 C:\\Users\\User\\OneDrive\\Documents\\Albert\\Appointment-Booking-System-master\\vendor\\laravel\\framework\\src\\Illuminate\\Pipeline\\Pipeline.php(208): Illuminate\\Foundation\\Http\\Middleware\\TrimStrings->handle()
#39 C:\\Users\\User\\OneDrive\\Documents\\Albert\\Appointment-Booking-System-master\\vendor\\laravel\\framework\\src\\Illuminate\\Http\\Middleware\\ValidatePostSize.php(27): Illuminate\\Pipeline\\Pipeline->Illuminate\\Pipeline\\{closure}()
#40 C:\\Users\\User\\OneDrive\\Documents\\Albert\\Appointment-Booking-System-master\\vendor\\laravel\\framework\\src\\Illuminate\\Pipeline\\Pipeline.php(208): Illuminate\\Http\\Middleware\\ValidatePostSize->handle()
#41 C:\\Users\\User\\OneDrive\\Documents\\Albert\\Appointment-Booking-System-master\\vendor\\laravel\\framework\\src\\Illuminate\\Foundation\\Http\\Middleware\\PreventRequestsDuringMaintenance.php(109): Illuminate\\Pipeline\\Pipeline->Illuminate\\Pipeline\\{closure}()
#42 C:\\Users\\User\\OneDrive\\Documents\\Albert\\Appointment-Booking-System-master\\vendor\\laravel\\framework\\src\\Illuminate\\Pipeline\\Pipeline.php(208): Illuminate\\Foundation\\Http\\Middleware\\PreventRequestsDuringMaintenance->handle()
#43 C:\\Users\\User\\OneDrive\\Documents\\Albert\\Appointment-Booking-System-master\\vendor\\laravel\\framework\\src\\Illuminate\\Http\\Middleware\\HandleCors.php(48): Illuminate\\Pipeline\\Pipeline->Illuminate\\Pipeline\\{closure}()
#44 C:\\Users\\User\\OneDrive\\Documents\\Albert\\Appointment-Booking-System-master\\vendor\\laravel\\framework\\src\\Illuminate\\Pipeline\\Pipeline.php(208): Illuminate\\Http\\Middleware\\HandleCors->handle()
#45 C:\\Users\\User\\OneDrive\\Documents\\Albert\\Appointment-Booking-System-master\\vendor\\laravel\\framework\\src\\Illuminate\\Http\\Middleware\\TrustProxies.php(58): Illuminate\\Pipeline\\Pipeline->Illuminate\\Pipeline\\{closure}()
#46 C:\\Users\\User\\OneDrive\\Documents\\Albert\\Appointment-Booking-System-master\\vendor\\laravel\\framework\\src\\Illuminate\\Pipeline\\Pipeline.php(208): Illuminate\\Http\\Middleware\\TrustProxies->handle()
#47 C:\\Users\\User\\OneDrive\\Documents\\Albert\\Appointment-Booking-System-master\\vendor\\laravel\\framework\\src\\Illuminate\\Foundation\\Http\\Middleware\\InvokeDeferredCallbacks.php(22): Illuminate\\Pipeline\\Pipeline->Illuminate\\Pipeline\\{closure}()
#48 C:\\Users\\User\\OneDrive\\Documents\\Albert\\Appointment-Booking-System-master\\vendor\\laravel\\framework\\src\\Illuminate\\Pipeline\\Pipeline.php(208): Illuminate\\Foundation\\Http\\Middleware\\InvokeDeferredCallbacks->handle()
#49 C:\\Users\\User\\OneDrive\\Documents\\Albert\\Appointment-Booking-System-master\\vendor\\laravel\\framework\\src\\Illuminate\\Http\\Middleware\\ValidatePathEncoding.php(26): Illuminate\\Pipeline\\Pipeline->Illuminate\\Pipeline\\{closure}()
#50 C:\\Users\\User\\OneDrive\\Documents\\Albert\\Appointment-Booking-System-master\\vendor\\laravel\\framework\\src\\Illuminate\\Pipeline\\Pipeline.php(208): Illuminate\\Http\\Middleware\\ValidatePathEncoding->handle()
#51 C:\\Users\\User\\OneDrive\\Documents\\Albert\\Appointment-Booking-System-master\\vendor\\laravel\\framework\\src\\Illuminate\\Pipeline\\Pipeline.php(126): Illuminate\\Pipeline\\Pipeline->Illuminate\\Pipeline\\{closure}()
#52 C:\\Users\\User\\OneDrive\\Documents\\Albert\\Appointment-Booking-System-master\\vendor\\laravel\\framework\\src\\Illuminate\\Foundation\\Http\\Kernel.php(175): Illuminate\\Pipeline\\Pipeline->then()
#53 C:\\Users\\User\\OneDrive\\Documents\\Albert\\Appointment-Booking-System-master\\vendor\\laravel\\framework\\src\\Illuminate\\Foundation\\Http\\Kernel.php(144): Illuminate\\Foundation\\Http\\Kernel->sendRequestThroughRouter()
#54 C:\\Users\\User\\OneDrive\\Documents\\Albert\\Appointment-Booking-System-master\\vendor\\laravel\\framework\\src\\Illuminate\\Foundation\\Testing\\Concerns\\MakesHttpRequests.php(607): Illuminate\\Foundation\\Http\\Kernel->handle()
#55 C:\\Users\\User\\OneDrive\\Documents\\Albert\\Appointment-Booking-System-master\\vendor\\laravel\\framework\\src\\Illuminate\\Foundation\\Testing\\Concerns\\MakesHttpRequests.php(368): Illuminate\\Foundation\\Testing\\TestCase->call()
#56 C:\\Users\\User\\OneDrive\\Documents\\Albert\\Appointment-Booking-System-master\\tests\\Feature\\Auth\\PasswordResetTest.php(17): Illuminate\\Foundation\\Testing\\TestCase->get()
#57 C:\\Users\\User\\OneDrive\\Documents\\Albert\\Appointment-Booking-System-master\\vendor\\phpunit\\phpunit\\src\\Framework\\TestCase.php(1656): Tests\\Feature\\Auth\\PasswordResetTest->test_reset_password_link_screen_can_be_rendered()
#58 C:\\Users\\User\\OneDrive\\Documents\\Albert\\Appointment-Booking-System-master\\vendor\\phpunit\\phpunit\\src\\Framework\\TestCase.php(514): PHPUnit\\Framework\\TestCase->runTest()
#59 C:\\Users\\User\\OneDrive\\Documents\\Albert\\Appointment-Booking-System-master\\vendor\\phpunit\\phpunit\\src\\Framework\\TestRunner\\TestRunner.php(87): PHPUnit\\Framework\\TestCase->runBare()
#60 C:\\Users\\User\\OneDrive\\Documents\\Albert\\Appointment-Booking-System-master\\vendor\\phpunit\\phpunit\\src\\Framework\\TestCase.php(361): PHPUnit\\Framework\\TestRunner->run()
#61 C:\\Users\\User\\OneDrive\\Documents\\Albert\\Appointment-Booking-System-master\\vendor\\phpunit\\phpunit\\src\\Framework\\TestSuite.php(369): PHPUnit\\Framework\\TestCase->run()
#62 C:\\Users\\User\\OneDrive\\Documents\\Albert\\Appointment-Booking-System-master\\vendor\\phpunit\\phpunit\\src\\Framework\\TestSuite.php(369): PHPUnit\\Framework\\TestSuite->run()
#63 C:\\Users\\User\\OneDrive\\Documents\\Albert\\Appointment-Booking-System-master\\vendor\\phpunit\\phpunit\\src\\Framework\\TestSuite.php(369): PHPUnit\\Framework\\TestSuite->run()
#64 C:\\Users\\User\\OneDrive\\Documents\\Albert\\Appointment-Booking-System-master\\vendor\\phpunit\\phpunit\\src\\TextUI\\TestRunner.php(64): PHPUnit\\Framework\\TestSuite->run()
#65 C:\\Users\\User\\OneDrive\\Documents\\Albert\\Appointment-Booking-System-master\\vendor\\phpunit\\phpunit\\src\\TextUI\\Application.php(210): PHPUnit\\TextUI\\TestRunner->run()
#66 C:\\Users\\User\\OneDrive\\Documents\\Albert\\Appointment-Booking-System-master\\vendor\\phpunit\\phpunit\\phpunit(104): PHPUnit\\TextUI\\Application->run()
#67 C:\\Users\\User\\OneDrive\\Documents\\Albert\\Appointment-Booking-System-master\\vendor\\bin\\phpunit(122): include('...')
#68 {main}

[previous exception] [object] (InvalidArgumentException(code: 0): View [layouts.guest] not found. at C:\\Users\\User\\OneDrive\\Documents\\Albert\\Appointment-Booking-System-master\\vendor\\laravel\\framework\\src\\Illuminate\\View\\FileViewFinder.php:138)
[stacktrace]
#0 C:\\Users\\User\\OneDrive\\Documents\\Albert\\Appointment-Booking-System-master\\vendor\\laravel\\framework\\src\\Illuminate\\View\\FileViewFinder.php(78): Illuminate\\View\\FileViewFinder->findInPaths()
#1 C:\\Users\\User\\OneDrive\\Documents\\Albert\\Appointment-Booking-System-master\\vendor\\laravel\\framework\\src\\Illuminate\\View\\Factory.php(150): Illuminate\\View\\FileViewFinder->find()
#2 C:\\Users\\User\\OneDrive\\Documents\\Albert\\Appointment-Booking-System-master\\vendor\\laravel\\framework\\src\\Illuminate\\Foundation\\helpers.php(1101): Illuminate\\View\\Factory->make()
#3 C:\\Users\\User\\OneDrive\\Documents\\Albert\\Appointment-Booking-System-master\\app\\View\\Components\\GuestLayout.php(15): view()
#4 C:\\Users\\User\\OneDrive\\Documents\\Albert\\Appointment-Booking-System-master\\vendor\\laravel\\framework\\src\\Illuminate\\View\\Component.php(143): App\\View\\Components\\GuestLayout->render()
#5 C:\\Users\\User\\OneDrive\\Documents\\Albert\\Appointment-Booking-System-master\\storage\\framework\\views\\a682315b1f80a014560c10905d639b0e.php(6): Illuminate\\View\\Component->resolveView()
#6 C:\\Users\\User\\OneDrive\\Documents\\Albert\\Appointment-Booking-System-master\\vendor\\laravel\\framework\\src\\Illuminate\\Filesystem\\Filesystem.php(123): require('...')
#7 C:\\Users\\User\\OneDrive\\Documents\\Albert\\Appointment-Booking-System-master\\vendor\\laravel\\framework\\src\\Illuminate\\Filesystem\\Filesystem.php(124): Illuminate\\Filesystem\\Filesystem::Illuminate\\Filesystem\\{closure}()
#8 C:\\Users\\User\\OneDrive\\Documents\\Albert\\Appointment-Booking-System-master\\vendor\\laravel\\framework\\src\\Illuminate\\View\\Engines\\PhpEngine.php(57): Illuminate\\Filesystem\\Filesystem->getRequire()
#9 C:\\Users\\User\\OneDrive\\Documents\\Albert\\Appointment-Booking-System-master\\vendor\\laravel\\framework\\src\\Illuminate\\View\\Engines\\CompilerEngine.php(76): Illuminate\\View\\Engines\\PhpEngine->evaluatePath()
#10 C:\\Users\\User\\OneDrive\\Documents\\Albert\\Appointment-Booking-System-master\\vendor\\laravel\\framework\\src\\Illuminate\\View\\View.php(208): Illuminate\\View\\Engines\\CompilerEngine->get()
#11 C:\\Users\\User\\OneDrive\\Documents\\Albert\\Appointment-Booking-System-master\\vendor\\laravel\\framework\\src\\Illuminate\\View\\View.php(191): Illuminate\\View\\View->getContents()
#12 C:\\Users\\User\\OneDrive\\Documents\\Albert\\Appointment-Booking-System-master\\vendor\\laravel\\framework\\src\\Illuminate\\View\\View.php(160): Illuminate\\View\\View->renderContents()
#13 C:\\Users\\User\\OneDrive\\Documents\\Albert\\Appointment-Booking-System-master\\vendor\\laravel\\framework\\src\\Illuminate\\Http\\Response.php(78): Illuminate\\View\\View->render()
#14 C:\\Users\\User\\OneDrive\\Documents\\Albert\\Appointment-Booking-System-master\\vendor\\laravel\\framework\\src\\Illuminate\\Http\\Response.php(34): Illuminate\\Http\\Response->setContent()
#15 C:\\Users\\User\\OneDrive\\Documents\\Albert\\Appointment-Booking-System-master\\vendor\\laravel\\framework\\src\\Illuminate\\Routing\\Router.php(924): Illuminate\\Http\\Response->__construct()
#16 C:\\Users\\User\\OneDrive\\Documents\\Albert\\Appointment-Booking-System-master\\vendor\\laravel\\framework\\src\\Illuminate\\Routing\\Router.php(891): Illuminate\\Routing\\Router::toResponse()
#17 C:\\Users\\User\\OneDrive\\Documents\\Albert\\Appointment-Booking-System-master\\vendor\\laravel\\framework\\src\\Illuminate\\Routing\\Router.php(807): Illuminate\\Routing\\Router->prepareResponse()
#18 C:\\Users\\User\\OneDrive\\Documents\\Albert\\Appointment-Booking-System-master\\vendor\\laravel\\framework\\src\\Illuminate\\Pipeline\\Pipeline.php(169): Illuminate\\Routing\\Router->Illuminate\\Routing\\{closure}()
#19 C:\\Users\\User\\OneDrive\\Documents\\Albert\\Appointment-Booking-System-master\\vendor\\laravel\\framework\\src\\Illuminate\\Auth\\Middleware\\RedirectIfAuthenticated.php(35): Illuminate\\Pipeline\\Pipeline->Illuminate\\Pipeline\\{closure}()
#20 C:\\Users\\User\\OneDrive\\Documents\\Albert\\Appointment-Booking-System-master\\vendor\\laravel\\framework\\src\\Illuminate\\Pipeline\\Pipeline.php(208): Illuminate\\Auth\\Middleware\\RedirectIfAuthenticated->handle()
#21 C:\\Users\\User\\OneDrive\\Documents\\Albert\\Appointment-Booking-System-master\\vendor\\laravel\\framework\\src\\Illuminate\\Routing\\Middleware\\SubstituteBindings.php(50): Illuminate\\Pipeline\\Pipeline->Illuminate\\Pipeline\\{closure}()
#22 C:\\Users\\User\\OneDrive\\Documents\\Albert\\Appointment-Booking-System-master\\vendor\\laravel\\framework\\src\\Illuminate\\Pipeline\\Pipeline.php(208): Illuminate\\Routing\\Middleware\\SubstituteBindings->handle()
#23 C:\\Users\\User\\OneDrive\\Documents\\Albert\\Appointment-Booking-System-master\\vendor\\laravel\\framework\\src\\Illuminate\\Foundation\\Http\\Middleware\\VerifyCsrfToken.php(87): Illuminate\\Pipeline\\Pipeline->Illuminate\\Pipeline\\{closure}()
#24 C:\\Users\\User\\OneDrive\\Documents\\Albert\\Appointment-Booking-System-master\\vendor\\laravel\\framework\\src\\Illuminate\\Pipeline\\Pipeline.php(208): Illuminate\\Foundation\\Http\\Middleware\\VerifyCsrfToken->handle()
#25 C:\\Users\\User\\OneDrive\\Documents\\Albert\\Appointment-Booking-System-master\\vendor\\laravel\\framework\\src\\Illuminate\\View\\Middleware\\ShareErrorsFromSession.php(48): Illuminate\\Pipeline\\Pipeline->Illuminate\\Pipeline\\{closure}()
#26 C:\\Users\\User\\OneDrive\\Documents\\Albert\\Appointment-Booking-System-master\\vendor\\laravel\\framework\\src\\Illuminate\\Pipeline\\Pipeline.php(208): Illuminate\\View\\Middleware\\ShareErrorsFromSession->handle()
#27 C:\\Users\\User\\OneDrive\\Documents\\Albert\\Appointment-Booking-System-master\\vendor\\laravel\\framework\\src\\Illuminate\\Session\\Middleware\\StartSession.php(120): Illuminate\\Pipeline\\Pipeline->Illuminate\\Pipeline\\{closure}()
#28 C:\\Users\\User\\OneDrive\\Documents\\Albert\\Appointment-Booking-System-master\\vendor\\laravel\\framework\\src\\Illuminate\\Session\\Middleware\\StartSession.php(63): Illuminate\\Session\\Middleware\\StartSession->handleStatefulRequest()
#29 C:\\Users\\User\\OneDrive\\Documents\\Albert\\Appointment-Booking-System-master\\vendor\\laravel\\framework\\src\\Illuminate\\Pipeline\\Pipeline.php(208): Illuminate\\Session\\Middleware\\StartSession->handle()
#30 C:\\Users\\User\\OneDrive\\Documents\\Albert\\Appointment-Booking-System-master\\vendor\\laravel\\framework\\src\\Illuminate\\Cookie\\Middleware\\AddQueuedCookiesToResponse.php(36): Illuminate\\Pipeline\\Pipeline->Illuminate\\Pipeline\\{closure}()
#31 C:\\Users\\User\\OneDrive\\Documents\\Albert\\Appointment-Booking-System-master\\vendor\\laravel\\framework\\src\\Illuminate\\Pipeline\\Pipeline.php(208): Illuminate\\Cookie\\Middleware\\AddQueuedCookiesToResponse->handle()
#32 C:\\Users\\User\\OneDrive\\Documents\\Albert\\Appointment-Booking-System-master\\vendor\\laravel\\framework\\src\\Illuminate\\Cookie\\Middleware\\EncryptCookies.php(74): Illuminate\\Pipeline\\Pipeline->Illuminate\\Pipeline\\{closure}()
#33 C:\\Users\\User\\OneDrive\\Documents\\Albert\\Appointment-Booking-System-master\\vendor\\laravel\\framework\\src\\Illuminate\\Pipeline\\Pipeline.php(208): Illuminate\\Cookie\\Middleware\\EncryptCookies->handle()
#34 C:\\Users\\User\\OneDrive\\Documents\\Albert\\Appointment-Booking-System-master\\vendor\\laravel\\framework\\src\\Illuminate\\Pipeline\\Pipeline.php(126): Illuminate\\Pipeline\\Pipeline->Illuminate\\Pipeline\\{closure}()
#35 C:\\Users\\User\\OneDrive\\Documents\\Albert\\Appointment-Booking-System-master\\vendor\\laravel\\framework\\src\\Illuminate\\Routing\\Router.php(807): Illuminate\\Pipeline\\Pipeline->then()
#36 C:\\Users\\User\\OneDrive\\Documents\\Albert\\Appointment-Booking-System-master\\vendor\\laravel\\framework\\src\\Illuminate\\Routing\\Router.php(786): Illuminate\\Routing\\Router->runRouteWithinStack()
#37 C:\\Users\\User\\OneDrive\\Documents\\Albert\\Appointment-Booking-System-master\\vendor\\laravel\\framework\\src\\Illuminate\\Routing\\Router.php(750): Illuminate\\Routing\\Router->runRoute()
#38 C:\\Users\\User\\OneDrive\\Documents\\Albert\\Appointment-Booking-System-master\\vendor\\laravel\\framework\\src\\Illuminate\\Routing\\Router.php(739): Illuminate\\Routing\\Router->dispatchToRoute()
#39 C:\\Users\\User\\OneDrive\\Documents\\Albert\\Appointment-Booking-System-master\\vendor\\laravel\\framework\\src\\Illuminate\\Foundation\\Http\\Kernel.php(200): Illuminate\\Routing\\Router->dispatch()
#40 C:\\Users\\User\\OneDrive\\Documents\\Albert\\Appointment-Booking-System-master\\vendor\\laravel\\framework\\src\\Illuminate\\Pipeline\\Pipeline.php(169): Illuminate\\Foundation\\Http\\Kernel->Illuminate\\Foundation\\Http\\{closure}()
#41 C:\\Users\\User\\OneDrive\\Documents\\Albert\\Appointment-Booking-System-master\\vendor\\laravel\\framework\\src\\Illuminate\\Foundation\\Http\\Middleware\\TransformsRequest.php(21): Illuminate\\Pipeline\\Pipeline->Illuminate\\Pipeline\\{closure}()
#42 C:\\Users\\User\\OneDrive\\Documents\\Albert\\Appointment-Booking-System-master\\vendor\\laravel\\framework\\src\\Illuminate\\Foundation\\Http\\Middleware\\ConvertEmptyStringsToNull.php(31): Illuminate\\Foundation\\Http\\Middleware\\TransformsRequest->handle()
#43 C:\\Users\\User\\OneDrive\\Documents\\Albert\\Appointment-Booking-System-master\\vendor\\laravel\\framework\\src\\Illuminate\\Pipeline\\Pipeline.php(208): Illuminate\\Foundation\\Http\\Middleware\\ConvertEmptyStringsToNull->handle()
#44 C:\\Users\\User\\OneDrive\\Documents\\Albert\\Appointment-Booking-System-master\\vendor\\laravel\\framework\\src\\Illuminate\\Foundation\\Http\\Middleware\\TransformsRequest.php(21): Illuminate\\Pipeline\\Pipeline->Illuminate\\Pipeline\\{closure}()
#45 C:\\Users\\User\\OneDrive\\Documents\\Albert\\Appointment-Booking-System-master\\vendor\\laravel\\framework\\src\\Illuminate\\Foundation\\Http\\Middleware\\TrimStrings.php(51): Illuminate\\Foundation\\Http\\Middleware\\TransformsRequest->handle()
#46 C:\\Users\\User\\OneDrive\\Documents\\Albert\\Appointment-Booking-System-master\\vendor\\laravel\\framework\\src\\Illuminate\\Pipeline\\Pipeline.php(208): Illuminate\\Foundation\\Http\\Middleware\\TrimStrings->handle()
#47 C:\\Users\\User\\OneDrive\\Documents\\Albert\\Appointment-Booking-System-master\\vendor\\laravel\\framework\\src\\Illuminate\\Http\\Middleware\\ValidatePostSize.php(27): Illuminate\\Pipeline\\Pipeline->Illuminate\\Pipeline\\{closure}()
#48 C:\\Users\\User\\OneDrive\\Documents\\Albert\\Appointment-Booking-System-master\\vendor\\laravel\\framework\\src\\Illuminate\\Pipeline\\Pipeline.php(208): Illuminate\\Http\\Middleware\\ValidatePostSize->handle()
#49 C:\\Users\\User\\OneDrive\\Documents\\Albert\\Appointment-Booking-System-master\\vendor\\laravel\\framework\\src\\Illuminate\\Foundation\\Http\\Middleware\\PreventRequestsDuringMaintenance.php(109): Illuminate\\Pipeline\\Pipeline->Illuminate\\Pipeline\\{closure}()
#50 C:\\Users\\User\\OneDrive\\Documents\\Albert\\Appointment-Booking-System-master\\vendor\\laravel\\framework\\src\\Illuminate\\Pipeline\\Pipeline.php(208): Illuminate\\Foundation\\Http\\Middleware\\PreventRequestsDuringMaintenance->handle()
#51 C:\\Users\\User\\OneDrive\\Documents\\Albert\\Appointment-Booking-System-master\\vendor\\laravel\\framework\\src\\Illuminate\\Http\\Middleware\\HandleCors.php(48): Illuminate\\Pipeline\\Pipeline->Illuminate\\Pipeline\\{closure}()
#52 C:\\Users\\User\\OneDrive\\Documents\\Albert\\Appointment-Booking-System-master\\vendor\\laravel\\framework\\src\\Illuminate\\Pipeline\\Pipeline.php(208): Illuminate\\Http\\Middleware\\HandleCors->handle()
#53 C:\\Users\\User\\OneDrive\\Documents\\Albert\\Appointment-Booking-System-master\\vendor\\laravel\\framework\\src\\Illuminate\\Http\\Middleware\\TrustProxies.php(58): Illuminate\\Pipeline\\Pipeline->Illuminate\\Pipeline\\{closure}()
#54 C:\\Users\\User\\OneDrive\\Documents\\Albert\\Appointment-Booking-System-master\\vendor\\laravel\\framework\\src\\Illuminate\\Pipeline\\Pipeline.php(208): Illuminate\\Http\\Middleware\\TrustProxies->handle()
#55 C:\\Users\\User\\OneDrive\\Documents\\Albert\\Appointment-Booking-System-master\\vendor\\laravel\\framework\\src\\Illuminate\\Foundation\\Http\\Middleware\\InvokeDeferredCallbacks.php(22): Illuminate\\Pipeline\\Pipeline->Illuminate\\Pipeline\\{closure}()
#56 C:\\Users\\User\\OneDrive\\Documents\\Albert\\Appointment-Booking-System-master\\vendor\\laravel\\framework\\src\\Illuminate\\Pipeline\\Pipeline.php(208): Illuminate\\Foundation\\Http\\Middleware\\InvokeDeferredCallbacks->handle()
#57 C:\\Users\\User\\OneDrive\\Documents\\Albert\\Appointment-Booking-System-master\\vendor\\laravel\\framework\\src\\Illuminate\\Http\\Middleware\\ValidatePathEncoding.php(26): Illuminate\\Pipeline\\Pipeline->Illuminate\\Pipeline\\{closure}()
#58 C:\\Users\\User\\OneDrive\\Documents\\Albert\\Appointment-Booking-System-master\\vendor\\laravel\\framework\\src\\Illuminate\\Pipeline\\Pipeline.php(208): Illuminate\\Http\\Middleware\\ValidatePathEncoding->handle()
#59 C:\\Users\\User\\OneDrive\\Documents\\Albert\\Appointment-Booking-System-master\\vendor\\laravel\\framework\\src\\Illuminate\\Pipeline\\Pipeline.php(126): Illuminate\\Pipeline\\Pipeline->Illuminate\\Pipeline\\{closure}()
#60 C:\\Users\\User\\OneDrive\\Documents\\Albert\\Appointment-Booking-System-master\\vendor\\laravel\\framework\\src\\Illuminate\\Foundation\\Http\\Kernel.php(175): Illuminate\\Pipeline\\Pipeline->then()
#61 C:\\Users\\User\\OneDrive\\Documents\\Albert\\Appointment-Booking-System-master\\vendor\\laravel\\framework\\src\\Illuminate\\Foundation\\Http\\Kernel.php(144): Illuminate\\Foundation\\Http\\Kernel->sendRequestThroughRouter()
#62 C:\\Users\\User\\OneDrive\\Documents\\Albert\\Appointment-Booking-System-master\\vendor\\laravel\\framework\\src\\Illuminate\\Foundation\\Testing\\Concerns\\MakesHttpRequests.php(607): Illuminate\\Foundation\\Http\\Kernel->handle()
#63 C:\\Users\\User\\OneDrive\\Documents\\Albert\\Appointment-Booking-System-master\\vendor\\laravel\\framework\\src\\Illuminate\\Foundation\\Testing\\Concerns\\MakesHttpRequests.php(368): Illuminate\\Foundation\\Testing\\TestCase->call()
#64 C:\\Users\\User\\OneDrive\\Documents\\Albert\\Appointment-Booking-System-master\\tests\\Feature\\Auth\\PasswordResetTest.php(17): Illuminate\\Foundation\\Testing\\TestCase->get()
#65 C:\\Users\\User\\OneDrive\\Documents\\Albert\\Appointment-Booking-System-master\\vendor\\phpunit\\phpunit\\src\\Framework\\TestCase.php(1656): Tests\\Feature\\Auth\\PasswordResetTest->test_reset_password_link_screen_can_be_rendered()
#66 C:\\Users\\User\\OneDrive\\Documents\\Albert\\Appointment-Booking-System-master\\vendor\\phpunit\\phpunit\\src\\Framework\\TestCase.php(514): PHPUnit\\Framework\\TestCase->runTest()
#67 C:\\Users\\User\\OneDrive\\Documents\\Albert\\Appointment-Booking-System-master\\vendor\\phpunit\\phpunit\\src\\Framework\\TestRunner\\TestRunner.php(87): PHPUnit\\Framework\\TestCase->runBare()
#68 C:\\Users\\User\\OneDrive\\Documents\\Albert\\Appointment-Booking-System-master\\vendor\\phpunit\\phpunit\\src\\Framework\\TestCase.php(361): PHPUnit\\Framework\\TestRunner->run()
#69 C:\\Users\\User\\OneDrive\\Documents\\Albert\\Appointment-Booking-System-master\\vendor\\phpunit\\phpunit\\src\\Framework\\TestSuite.php(369): PHPUnit\\Framework\\TestCase->run()
#70 C:\\Users\\User\\OneDrive\\Documents\\Albert\\Appointment-Booking-System-master\\vendor\\phpunit\\phpunit\\src\\Framework\\TestSuite.php(369): PHPUnit\\Framework\\TestSuite->run()
#71 C:\\Users\\User\\OneDrive\\Documents\\Albert\\Appointment-Booking-System-master\\vendor\\phpunit\\phpunit\\src\\Framework\\TestSuite.php(369): PHPUnit\\Framework\\TestSuite->run()
#72 C:\\Users\\User\\OneDrive\\Documents\\Albert\\Appointment-Booking-System-master\\vendor\\phpunit\\phpunit\\src\\TextUI\\TestRunner.php(64): PHPUnit\\Framework\\TestSuite->run()
#73 C:\\Users\\User\\OneDrive\\Documents\\Albert\\Appointment-Booking-System-master\\vendor\\phpunit\\phpunit\\src\\TextUI\\Application.php(210): PHPUnit\\TextUI\\TestRunner->run()
#74 C:\\Users\\User\\OneDrive\\Documents\\Albert\\Appointment-Booking-System-master\\vendor\\phpunit\\phpunit\\phpunit(104): PHPUnit\\TextUI\\Application->run()
#75 C:\\Users\\User\\OneDrive\\Documents\\Albert\\Appointment-Booking-System-master\\vendor\\bin\\phpunit(122): include('...')
#76 {main}
"} 
[2026-05-22 17:08:36] testing.ERROR: View [layouts.guest] not found. (View: C:\Users\User\OneDrive\Documents\Albert\Appointment-Booking-System-master\resources\views\auth\reset-password.blade.php) {"exception":"[object] (Illuminate\\View\\ViewException(code: 0): View [layouts.guest] not found. (View: C:\\Users\\User\\OneDrive\\Documents\\Albert\\Appointment-Booking-System-master\\resources\\views\\auth\\reset-password.blade.php) at C:\\Users\\User\\OneDrive\\Documents\\Albert\\Appointment-Booking-System-master\\vendor\\laravel\\framework\\src\\Illuminate\\View\\FileViewFinder.php:138)
[stacktrace]
#0 C:\\Users\\User\\OneDrive\\Documents\\Albert\\Appointment-Booking-System-master\\vendor\\laravel\\framework\\src\\Illuminate\\View\\Engines\\PhpEngine.php(59): Illuminate\\View\\Engines\\CompilerEngine->handleViewException()
#1 C:\\Users\\User\\OneDrive\\Documents\\Albert\\Appointment-Booking-System-master\\vendor\\laravel\\framework\\src\\Illuminate\\View\\Engines\\CompilerEngine.php(76): Illuminate\\View\\Engines\\PhpEngine->evaluatePath()
#2 C:\\Users\\User\\OneDrive\\Documents\\Albert\\Appointment-Booking-System-master\\vendor\\laravel\\framework\\src\\Illuminate\\View\\View.php(208): Illuminate\\View\\Engines\\CompilerEngine->get()
#3 C:\\Users\\User\\OneDrive\\Documents\\Albert\\Appointment-Booking-System-master\\vendor\\laravel\\framework\\src\\Illuminate\\View\\View.php(191): Illuminate\\View\\View->getContents()
#4 C:\\Users\\User\\OneDrive\\Documents\\Albert\\Appointment-Booking-System-master\\vendor\\laravel\\framework\\src\\Illuminate\\View\\View.php(160): Illuminate\\View\\View->renderContents()
#5 C:\\Users\\User\\OneDrive\\Documents\\Albert\\Appointment-Booking-System-master\\vendor\\laravel\\framework\\src\\Illuminate\\Http\\Response.php(78): Illuminate\\View\\View->render()
#6 C:\\Users\\User\\OneDrive\\Documents\\Albert\\Appointment-Booking-System-master\\vendor\\laravel\\framework\\src\\Illuminate\\Http\\Response.php(34): Illuminate\\Http\\Response->setContent()
#7 C:\\Users\\User\\OneDrive\\Documents\\Albert\\Appointment-Booking-System-master\\vendor\\laravel\\framework\\src\\Illuminate\\Routing\\Router.php(924): Illuminate\\Http\\Response->__construct()
#8 C:\\Users\\User\\OneDrive\\Documents\\Albert\\Appointment-Booking-System-master\\vendor\\laravel\\framework\\src\\Illuminate\\Routing\\Router.php(891): Illuminate\\Routing\\Router::toResponse()
#9 C:\\Users\\User\\OneDrive\\Documents\\Albert\\Appointment-Booking-System-master\\vendor\\laravel\\framework\\src\\Illuminate\\Routing\\Router.php(807): Illuminate\\Routing\\Router->prepareResponse()
#10 C:\\Users\\User\\OneDrive\\Documents\\Albert\\Appointment-Booking-System-master\\vendor\\laravel\\framework\\src\\Illuminate\\Pipeline\\Pipeline.php(169): Illuminate\\Routing\\Router->Illuminate\\Routing\\{closure}()
#11 C:\\Users\\User\\OneDrive\\Documents\\Albert\\Appointment-Booking-System-master\\vendor\\laravel\\framework\\src\\Illuminate\\Auth\\Middleware\\RedirectIfAuthenticated.php(35): Illuminate\\Pipeline\\Pipeline->Illuminate\\Pipeline\\{closure}()
#12 C:\\Users\\User\\OneDrive\\Documents\\Albert\\Appointment-Booking-System-master\\vendor\\laravel\\framework\\src\\Illuminate\\Pipeline\\Pipeline.php(208): Illuminate\\Auth\\Middleware\\RedirectIfAuthenticated->handle()
#13 C:\\Users\\User\\OneDrive\\Documents\\Albert\\Appointment-Booking-System-master\\vendor\\laravel\\framework\\src\\Illuminate\\Routing\\Middleware\\SubstituteBindings.php(50): Illuminate\\Pipeline\\Pipeline->Illuminate\\Pipeline\\{closure}()
#14 C:\\Users\\User\\OneDrive\\Documents\\Albert\\Appointment-Booking-System-master\\vendor\\laravel\\framework\\src\\Illuminate\\Pipeline\\Pipeline.php(208): Illuminate\\Routing\\Middleware\\SubstituteBindings->handle()
#15 C:\\Users\\User\\OneDrive\\Documents\\Albert\\Appointment-Booking-System-master\\vendor\\laravel\\framework\\src\\Illuminate\\Foundation\\Http\\Middleware\\VerifyCsrfToken.php(87): Illuminate\\Pipeline\\Pipeline->Illuminate\\Pipeline\\{closure}()
#16 C:\\Users\\User\\OneDrive\\Documents\\Albert\\Appointment-Booking-System-master\\vendor\\laravel\\framework\\src\\Illuminate\\Pipeline\\Pipeline.php(208): Illuminate\\Foundation\\Http\\Middleware\\VerifyCsrfToken->handle()
#17 C:\\Users\\User\\OneDrive\\Documents\\Albert\\Appointment-Booking-System-master\\vendor\\laravel\\framework\\src\\Illuminate\\View\\Middleware\\ShareErrorsFromSession.php(48): Illuminate\\Pipeline\\Pipeline->Illuminate\\Pipeline\\{closure}()
#18 C:\\Users\\User\\OneDrive\\Documents\\Albert\\Appointment-Booking-System-master\\vendor\\laravel\\framework\\src\\Illuminate\\Pipeline\\Pipeline.php(208): Illuminate\\View\\Middleware\\ShareErrorsFromSession->handle()
#19 C:\\Users\\User\\OneDrive\\Documents\\Albert\\Appointment-Booking-System-master\\vendor\\laravel\\framework\\src\\Illuminate\\Session\\Middleware\\StartSession.php(120): Illuminate\\Pipeline\\Pipeline->Illuminate\\Pipeline\\{closure}()
#20 C:\\Users\\User\\OneDrive\\Documents\\Albert\\Appointment-Booking-System-master\\vendor\\laravel\\framework\\src\\Illuminate\\Session\\Middleware\\StartSession.php(63): Illuminate\\Session\\Middleware\\StartSession->handleStatefulRequest()
#21 C:\\Users\\User\\OneDrive\\Documents\\Albert\\Appointment-Booking-System-master\\vendor\\laravel\\framework\\src\\Illuminate\\Pipeline\\Pipeline.php(208): Illuminate\\Session\\Middleware\\StartSession->handle()
#22 C:\\Users\\User\\OneDrive\\Documents\\Albert\\Appointment-Booking-System-master\\vendor\\laravel\\framework\\src\\Illuminate\\Cookie\\Middleware\\AddQueuedCookiesToResponse.php(36): Illuminate\\Pipeline\\Pipeline->Illuminate\\Pipeline\\{closure}()
#23 C:\\Users\\User\\OneDrive\\Documents\\Albert\\Appointment-Booking-System-master\\vendor\\laravel\\framework\\src\\Illuminate\\Pipeline\\Pipeline.php(208): Illuminate\\Cookie\\Middleware\\AddQueuedCookiesToResponse->handle()
#24 C:\\Users\\User\\OneDrive\\Documents\\Albert\\Appointment-Booking-System-master\\vendor\\laravel\\framework\\src\\Illuminate\\Cookie\\Middleware\\EncryptCookies.php(74): Illuminate\\Pipeline\\Pipeline->Illuminate\\Pipeline\\{closure}()
#25 C:\\Users\\User\\OneDrive\\Documents\\Albert\\Appointment-Booking-System-master\\vendor\\laravel\\framework\\src\\Illuminate\\Pipeline\\Pipeline.php(208): Illuminate\\Cookie\\Middleware\\EncryptCookies->handle()
#26 C:\\Users\\User\\OneDrive\\Documents\\Albert\\Appointment-Booking-System-master\\vendor\\laravel\\framework\\src\\Illuminate\\Pipeline\\Pipeline.php(126): Illuminate\\Pipeline\\Pipeline->Illuminate\\Pipeline\\{closure}()
#27 C:\\Users\\User\\OneDrive\\Documents\\Albert\\Appointment-Booking-System-master\\vendor\\laravel\\framework\\src\\Illuminate\\Routing\\Router.php(807): Illuminate\\Pipeline\\Pipeline->then()
#28 C:\\Users\\User\\OneDrive\\Documents\\Albert\\Appointment-Booking-System-master\\vendor\\laravel\\framework\\src\\Illuminate\\Routing\\Router.php(786): Illuminate\\Routing\\Router->runRouteWithinStack()
#29 C:\\Users\\User\\OneDrive\\Documents\\Albert\\Appointment-Booking-System-master\\vendor\\laravel\\framework\\src\\Illuminate\\Routing\\Router.php(750): Illuminate\\Routing\\Router->runRoute()
#30 C:\\Users\\User\\OneDrive\\Documents\\Albert\\Appointment-Booking-System-master\\vendor\\laravel\\framework\\src\\Illuminate\\Routing\\Router.php(739): Illuminate\\Routing\\Router->dispatchToRoute()
#31 C:\\Users\\User\\OneDrive\\Documents\\Albert\\Appointment-Booking-System-master\\vendor\\laravel\\framework\\src\\Illuminate\\Foundation\\Http\\Kernel.php(200): Illuminate\\Routing\\Router->dispatch()
#32 C:\\Users\\User\\OneDrive\\Documents\\Albert\\Appointment-Booking-System-master\\vendor\\laravel\\framework\\src\\Illuminate\\Pipeline\\Pipeline.php(169): Illuminate\\Foundation\\Http\\Kernel->Illuminate\\Foundation\\Http\\{closure}()
#33 C:\\Users\\User\\OneDrive\\Documents\\Albert\\Appointment-Booking-System-master\\vendor\\laravel\\framework\\src\\Illuminate\\Foundation\\Http\\Middleware\\TransformsRequest.php(21): Illuminate\\Pipeline\\Pipeline->Illuminate\\Pipeline\\{closure}()
#34 C:\\Users\\User\\OneDrive\\Documents\\Albert\\Appointment-Booking-System-master\\vendor\\laravel\\framework\\src\\Illuminate\\Foundation\\Http\\Middleware\\ConvertEmptyStringsToNull.php(31): Illuminate\\Foundation\\Http\\Middleware\\TransformsRequest->handle()
#35 C:\\Users\\User\\OneDrive\\Documents\\Albert\\Appointment-Booking-System-master\\vendor\\laravel\\framework\\src\\Illuminate\\Pipeline\\Pipeline.php(208): Illuminate\\Foundation\\Http\\Middleware\\ConvertEmptyStringsToNull->handle()
#36 C:\\Users\\User\\OneDrive\\Documents\\Albert\\Appointment-Booking-System-master\\vendor\\laravel\\framework\\src\\Illuminate\\Foundation\\Http\\Middleware\\TransformsRequest.php(21): Illuminate\\Pipeline\\Pipeline->Illuminate\\Pipeline\\{closure}()
#37 C:\\Users\\User\\OneDrive\\Documents\\Albert\\Appointment-Booking-System-master\\vendor\\laravel\\framework\\src\\Illuminate\\Foundation\\Http\\Middleware\\TrimStrings.php(51): Illuminate\\Foundation\\Http\\Middleware\\TransformsRequest->handle()
#38 C:\\Users\\User\\OneDrive\\Documents\\Albert\\Appointment-Booking-System-master\\vendor\\laravel\\framework\\src\\Illuminate\\Pipeline\\Pipeline.php(208): Illuminate\\Foundation\\Http\\Middleware\\TrimStrings->handle()
#39 C:\\Users\\User\\OneDrive\\Documents\\Albert\\Appointment-Booking-System-master\\vendor\\laravel\\framework\\src\\Illuminate\\Http\\Middleware\\ValidatePostSize.php(27): Illuminate\\Pipeline\\Pipeline->Illuminate\\Pipeline\\{closure}()
#40 C:\\Users\\User\\OneDrive\\Documents\\Albert\\Appointment-Booking-System-master\\vendor\\laravel\\framework\\src\\Illuminate\\Pipeline\\Pipeline.php(208): Illuminate\\Http\\Middleware\\ValidatePostSize->handle()
#41 C:\\Users\\User\\OneDrive\\Documents\\Albert\\Appointment-Booking-System-master\\vendor\\laravel\\framework\\src\\Illuminate\\Foundation\\Http\\Middleware\\PreventRequestsDuringMaintenance.php(109): Illuminate\\Pipeline\\Pipeline->Illuminate\\Pipeline\\{closure}()
#42 C:\\Users\\User\\OneDrive\\Documents\\Albert\\Appointment-Booking-System-master\\vendor\\laravel\\framework\\src\\Illuminate\\Pipeline\\Pipeline.php(208): Illuminate\\Foundation\\Http\\Middleware\\PreventRequestsDuringMaintenance->handle()
#43 C:\\Users\\User\\OneDrive\\Documents\\Albert\\Appointment-Booking-System-master\\vendor\\laravel\\framework\\src\\Illuminate\\Http\\Middleware\\HandleCors.php(48): Illuminate\\Pipeline\\Pipeline->Illuminate\\Pipeline\\{closure}()
#44 C:\\Users\\User\\OneDrive\\Documents\\Albert\\Appointment-Booking-System-master\\vendor\\laravel\\framework\\src\\Illuminate\\Pipeline\\Pipeline.php(208): Illuminate\\Http\\Middleware\\HandleCors->handle()
#45 C:\\Users\\User\\OneDrive\\Documents\\Albert\\Appointment-Booking-System-master\\vendor\\laravel\\framework\\src\\Illuminate\\Http\\Middleware\\TrustProxies.php(58): Illuminate\\Pipeline\\Pipeline->Illuminate\\Pipeline\\{closure}()
#46 C:\\Users\\User\\OneDrive\\Documents\\Albert\\Appointment-Booking-System-master\\vendor\\laravel\\framework\\src\\Illuminate\\Pipeline\\Pipeline.php(208): Illuminate\\Http\\Middleware\\TrustProxies->handle()
#47 C:\\Users\\User\\OneDrive\\Documents\\Albert\\Appointment-Booking-System-master\\vendor\\laravel\\framework\\src\\Illuminate\\Foundation\\Http\\Middleware\\InvokeDeferredCallbacks.php(22): Illuminate\\Pipeline\\Pipeline->Illuminate\\Pipeline\\{closure}()
#48 C:\\Users\\User\\OneDrive\\Documents\\Albert\\Appointment-Booking-System-master\\vendor\\laravel\\framework\\src\\Illuminate\\Pipeline\\Pipeline.php(208): Illuminate\\Foundation\\Http\\Middleware\\InvokeDeferredCallbacks->handle()
#49 C:\\Users\\User\\OneDrive\\Documents\\Albert\\Appointment-Booking-System-master\\vendor\\laravel\\framework\\src\\Illuminate\\Http\\Middleware\\ValidatePathEncoding.php(26): Illuminate\\Pipeline\\Pipeline->Illuminate\\Pipeline\\{closure}()
#50 C:\\Users\\User\\OneDrive\\Documents\\Albert\\Appointment-Booking-System-master\\vendor\\laravel\\framework\\src\\Illuminate\\Pipeline\\Pipeline.php(208): Illuminate\\Http\\Middleware\\ValidatePathEncoding->handle()
#51 C:\\Users\\User\\OneDrive\\Documents\\Albert\\Appointment-Booking-System-master\\vendor\\laravel\\framework\\src\\Illuminate\\Pipeline\\Pipeline.php(126): Illuminate\\Pipeline\\Pipeline->Illuminate\\Pipeline\\{closure}()
#52 C:\\Users\\User\\OneDrive\\Documents\\Albert\\Appointment-Booking-System-master\\vendor\\laravel\\framework\\src\\Illuminate\\Foundation\\Http\\Kernel.php(175): Illuminate\\Pipeline\\Pipeline->then()
#53 C:\\Users\\User\\OneDrive\\Documents\\Albert\\Appointment-Booking-System-master\\vendor\\laravel\\framework\\src\\Illuminate\\Foundation\\Http\\Kernel.php(144): Illuminate\\Foundation\\Http\\Kernel->sendRequestThroughRouter()
#54 C:\\Users\\User\\OneDrive\\Documents\\Albert\\Appointment-Booking-System-master\\vendor\\laravel\\framework\\src\\Illuminate\\Foundation\\Testing\\Concerns\\MakesHttpRequests.php(607): Illuminate\\Foundation\\Http\\Kernel->handle()
#55 C:\\Users\\User\\OneDrive\\Documents\\Albert\\Appointment-Booking-System-master\\vendor\\laravel\\framework\\src\\Illuminate\\Foundation\\Testing\\Concerns\\MakesHttpRequests.php(368): Illuminate\\Foundation\\Testing\\TestCase->call()
#56 C:\\Users\\User\\OneDrive\\Documents\\Albert\\Appointment-Booking-System-master\\tests\\Feature\\Auth\\PasswordResetTest.php(42): Illuminate\\Foundation\\Testing\\TestCase->get()
#57 C:\\Users\\User\\OneDrive\\Documents\\Albert\\Appointment-Booking-System-master\\vendor\\laravel\\framework\\src\\Illuminate\\Support\\Testing\\Fakes\\NotificationFake.php(257): Tests\\Feature\\Auth\\PasswordResetTest->Tests\\Feature\\Auth\\{closure}()
#58 [internal function]: Illuminate\\Support\\Testing\\Fakes\\NotificationFake->Illuminate\\Support\\Testing\\Fakes\\{closure}()
#59 C:\\Users\\User\\OneDrive\\Documents\\Albert\\Appointment-Booking-System-master\\vendor\\laravel\\framework\\src\\Illuminate\\Collections\\Arr.php(1119): array_filter()
#60 C:\\Users\\User\\OneDrive\\Documents\\Albert\\Appointment-Booking-System-master\\vendor\\laravel\\framework\\src\\Illuminate\\Collections\\Collection.php(404): Illuminate\\Support\\Arr::where()
#61 C:\\Users\\User\\OneDrive\\Documents\\Albert\\Appointment-Booking-System-master\\vendor\\laravel\\framework\\src\\Illuminate\\Support\\Testing\\Fakes\\NotificationFake.php(256): Illuminate\\Support\\Collection->filter()
#62 C:\\Users\\User\\OneDrive\\Documents\\Albert\\Appointment-Booking-System-master\\vendor\\laravel\\framework\\src\\Illuminate\\Support\\Testing\\Fakes\\NotificationFake.php(90): Illuminate\\Support\\Testing\\Fakes\\NotificationFake->sent()
#63 C:\\Users\\User\\OneDrive\\Documents\\Albert\\Appointment-Booking-System-master\\vendor\\laravel\\framework\\src\\Illuminate\\Support\\Facades\\Facade.php(361): Illuminate\\Support\\Testing\\Fakes\\NotificationFake->assertSentTo()
#64 C:\\Users\\User\\OneDrive\\Documents\\Albert\\Appointment-Booking-System-master\\tests\\Feature\\Auth\\PasswordResetTest.php(41): Illuminate\\Support\\Facades\\Facade::__callStatic()
#65 C:\\Users\\User\\OneDrive\\Documents\\Albert\\Appointment-Booking-System-master\\vendor\\phpunit\\phpunit\\src\\Framework\\TestCase.php(1656): Tests\\Feature\\Auth\\PasswordResetTest->test_reset_password_screen_can_be_rendered()
#66 C:\\Users\\User\\OneDrive\\Documents\\Albert\\Appointment-Booking-System-master\\vendor\\phpunit\\phpunit\\src\\Framework\\TestCase.php(514): PHPUnit\\Framework\\TestCase->runTest()
#67 C:\\Users\\User\\OneDrive\\Documents\\Albert\\Appointment-Booking-System-master\\vendor\\phpunit\\phpunit\\src\\Framework\\TestRunner\\TestRunner.php(87): PHPUnit\\Framework\\TestCase->runBare()
#68 C:\\Users\\User\\OneDrive\\Documents\\Albert\\Appointment-Booking-System-master\\vendor\\phpunit\\phpunit\\src\\Framework\\TestCase.php(361): PHPUnit\\Framework\\TestRunner->run()
#69 C:\\Users\\User\\OneDrive\\Documents\\Albert\\Appointment-Booking-System-master\\vendor\\phpunit\\phpunit\\src\\Framework\\TestSuite.php(369): PHPUnit\\Framework\\TestCase->run()
#70 C:\\Users\\User\\OneDrive\\Documents\\Albert\\Appointment-Booking-System-master\\vendor\\phpunit\\phpunit\\src\\Framework\\TestSuite.php(369): PHPUnit\\Framework\\TestSuite->run()
#71 C:\\Users\\User\\OneDrive\\Documents\\Albert\\Appointment-Booking-System-master\\vendor\\phpunit\\phpunit\\src\\Framework\\TestSuite.php(369): PHPUnit\\Framework\\TestSuite->run()
#72 C:\\Users\\User\\OneDrive\\Documents\\Albert\\Appointment-Booking-System-master\\vendor\\phpunit\\phpunit\\src\\TextUI\\TestRunner.php(64): PHPUnit\\Framework\\TestSuite->run()
#73 C:\\Users\\User\\OneDrive\\Documents\\Albert\\Appointment-Booking-System-master\\vendor\\phpunit\\phpunit\\src\\TextUI\\Application.php(210): PHPUnit\\TextUI\\TestRunner->run()
#74 C:\\Users\\User\\OneDrive\\Documents\\Albert\\Appointment-Booking-System-master\\vendor\\phpunit\\phpunit\\phpunit(104): PHPUnit\\TextUI\\Application->run()
#75 C:\\Users\\User\\OneDrive\\Documents\\Albert\\Appointment-Booking-System-master\\vendor\\bin\\phpunit(122): include('...')
#76 {main}

[previous exception] [object] (InvalidArgumentException(code: 0): View [layouts.guest] not found. at C:\\Users\\User\\OneDrive\\Documents\\Albert\\Appointment-Booking-System-master\\vendor\\laravel\\framework\\src\\Illuminate\\View\\FileViewFinder.php:138)
[stacktrace]
#0 C:\\Users\\User\\OneDrive\\Documents\\Albert\\Appointment-Booking-System-master\\vendor\\laravel\\framework\\src\\Illuminate\\View\\FileViewFinder.php(78): Illuminate\\View\\FileViewFinder->findInPaths()
#1 C:\\Users\\User\\OneDrive\\Documents\\Albert\\Appointment-Booking-System-master\\vendor\\laravel\\framework\\src\\Illuminate\\View\\Factory.php(150): Illuminate\\View\\FileViewFinder->find()
#2 C:\\Users\\User\\OneDrive\\Documents\\Albert\\Appointment-Booking-System-master\\vendor\\laravel\\framework\\src\\Illuminate\\Foundation\\helpers.php(1101): Illuminate\\View\\Factory->make()
#3 C:\\Users\\User\\OneDrive\\Documents\\Albert\\Appointment-Booking-System-master\\app\\View\\Components\\GuestLayout.php(15): view()
#4 C:\\Users\\User\\OneDrive\\Documents\\Albert\\Appointment-Booking-System-master\\vendor\\laravel\\framework\\src\\Illuminate\\View\\Component.php(143): App\\View\\Components\\GuestLayout->render()
#5 C:\\Users\\User\\OneDrive\\Documents\\Albert\\Appointment-Booking-System-master\\storage\\framework\\views\\ece30310f1e2aefeeef4e95520225e17.php(6): Illuminate\\View\\Component->resolveView()
#6 C:\\Users\\User\\OneDrive\\Documents\\Albert\\Appointment-Booking-System-master\\vendor\\laravel\\framework\\src\\Illuminate\\Filesystem\\Filesystem.php(123): require('...')
#7 C:\\Users\\User\\OneDrive\\Documents\\Albert\\Appointment-Booking-System-master\\vendor\\laravel\\framework\\src\\Illuminate\\Filesystem\\Filesystem.php(124): Illuminate\\Filesystem\\Filesystem::Illuminate\\Filesystem\\{closure}()
#8 C:\\Users\\User\\OneDrive\\Documents\\Albert\\Appointment-Booking-System-master\\vendor\\laravel\\framework\\src\\Illuminate\\View\\Engines\\PhpEngine.php(57): Illuminate\\Filesystem\\Filesystem->getRequire()
#9 C:\\Users\\User\\OneDrive\\Documents\\Albert\\Appointment-Booking-System-master\\vendor\\laravel\\framework\\src\\Illuminate\\View\\Engines\\CompilerEngine.php(76): Illuminate\\View\\Engines\\PhpEngine->evaluatePath()
#10 C:\\Users\\User\\OneDrive\\Documents\\Albert\\Appointment-Booking-System-master\\vendor\\laravel\\framework\\src\\Illuminate\\View\\View.php(208): Illuminate\\View\\Engines\\CompilerEngine->get()
#11 C:\\Users\\User\\OneDrive\\Documents\\Albert\\Appointment-Booking-System-master\\vendor\\laravel\\framework\\src\\Illuminate\\View\\View.php(191): Illuminate\\View\\View->getContents()
#12 C:\\Users\\User\\OneDrive\\Documents\\Albert\\Appointment-Booking-System-master\\vendor\\laravel\\framework\\src\\Illuminate\\View\\View.php(160): Illuminate\\View\\View->renderContents()
#13 C:\\Users\\User\\OneDrive\\Documents\\Albert\\Appointment-Booking-System-master\\vendor\\laravel\\framework\\src\\Illuminate\\Http\\Response.php(78): Illuminate\\View\\View->render()
#14 C:\\Users\\User\\OneDrive\\Documents\\Albert\\Appointment-Booking-System-master\\vendor\\laravel\\framework\\src\\Illuminate\\Http\\Response.php(34): Illuminate\\Http\\Response->setContent()
#15 C:\\Users\\User\\OneDrive\\Documents\\Albert\\Appointment-Booking-System-master\\vendor\\laravel\\framework\\src\\Illuminate\\Routing\\Router.php(924): Illuminate\\Http\\Response->__construct()
#16 C:\\Users\\User\\OneDrive\\Documents\\Albert\\Appointment-Booking-System-master\\vendor\\laravel\\framework\\src\\Illuminate\\Routing\\Router.php(891): Illuminate\\Routing\\Router::toResponse()
#17 C:\\Users\\User\\OneDrive\\Documents\\Albert\\Appointment-Booking-System-master\\vendor\\laravel\\framework\\src\\Illuminate\\Routing\\Router.php(807): Illuminate\\Routing\\Router->prepareResponse()
#18 C:\\Users\\User\\OneDrive\\Documents\\Albert\\Appointment-Booking-System-master\\vendor\\laravel\\framework\\src\\Illuminate\\Pipeline\\Pipeline.php(169): Illuminate\\Routing\\Router->Illuminate\\Routing\\{closure}()
#19 C:\\Users\\User\\OneDrive\\Documents\\Albert\\Appointment-Booking-System-master\\vendor\\laravel\\framework\\src\\Illuminate\\Auth\\Middleware\\RedirectIfAuthenticated.php(35): Illuminate\\Pipeline\\Pipeline->Illuminate\\Pipeline\\{closure}()
#20 C:\\Users\\User\\OneDrive\\Documents\\Albert\\Appointment-Booking-System-master\\vendor\\laravel\\framework\\src\\Illuminate\\Pipeline\\Pipeline.php(208): Illuminate\\Auth\\Middleware\\RedirectIfAuthenticated->handle()
#21 C:\\Users\\User\\OneDrive\\Documents\\Albert\\Appointment-Booking-System-master\\vendor\\laravel\\framework\\src\\Illuminate\\Routing\\Middleware\\SubstituteBindings.php(50): Illuminate\\Pipeline\\Pipeline->Illuminate\\Pipeline\\{closure}()
#22 C:\\Users\\User\\OneDrive\\Documents\\Albert\\Appointment-Booking-System-master\\vendor\\laravel\\framework\\src\\Illuminate\\Pipeline\\Pipeline.php(208): Illuminate\\Routing\\Middleware\\SubstituteBindings->handle()
#23 C:\\Users\\User\\OneDrive\\Documents\\Albert\\Appointment-Booking-System-master\\vendor\\laravel\\framework\\src\\Illuminate\\Foundation\\Http\\Middleware\\VerifyCsrfToken.php(87): Illuminate\\Pipeline\\Pipeline->Illuminate\\Pipeline\\{closure}()
#24 C:\\Users\\User\\OneDrive\\Documents\\Albert\\Appointment-Booking-System-master\\vendor\\laravel\\framework\\src\\Illuminate\\Pipeline\\Pipeline.php(208): Illuminate\\Foundation\\Http\\Middleware\\VerifyCsrfToken->handle()
#25 C:\\Users\\User\\OneDrive\\Documents\\Albert\\Appointment-Booking-System-master\\vendor\\laravel\\framework\\src\\Illuminate\\View\\Middleware\\ShareErrorsFromSession.php(48): Illuminate\\Pipeline\\Pipeline->Illuminate\\Pipeline\\{closure}()
#26 C:\\Users\\User\\OneDrive\\Documents\\Albert\\Appointment-Booking-System-master\\vendor\\laravel\\framework\\src\\Illuminate\\Pipeline\\Pipeline.php(208): Illuminate\\View\\Middleware\\ShareErrorsFromSession->handle()
#27 C:\\Users\\User\\OneDrive\\Documents\\Albert\\Appointment-Booking-System-master\\vendor\\laravel\\framework\\src\\Illuminate\\Session\\Middleware\\StartSession.php(120): Illuminate\\Pipeline\\Pipeline->Illuminate\\Pipeline\\{closure}()
#28 C:\\Users\\User\\OneDrive\\Documents\\Albert\\Appointment-Booking-System-master\\vendor\\laravel\\framework\\src\\Illuminate\\Session\\Middleware\\StartSession.php(63): Illuminate\\Session\\Middleware\\StartSession->handleStatefulRequest()
#29 C:\\Users\\User\\OneDrive\\Documents\\Albert\\Appointment-Booking-System-master\\vendor\\laravel\\framework\\src\\Illuminate\\Pipeline\\Pipeline.php(208): Illuminate\\Session\\Middleware\\StartSession->handle()
#30 C:\\Users\\User\\OneDrive\\Documents\\Albert\\Appointment-Booking-System-master\\vendor\\laravel\\framework\\src\\Illuminate\\Cookie\\Middleware\\AddQueuedCookiesToResponse.php(36): Illuminate\\Pipeline\\Pipeline->Illuminate\\Pipeline\\{closure}()
#31 C:\\Users\\User\\OneDrive\\Documents\\Albert\\Appointment-Booking-System-master\\vendor\\laravel\\framework\\src\\Illuminate\\Pipeline\\Pipeline.php(208): Illuminate\\Cookie\\Middleware\\AddQueuedCookiesToResponse->handle()
#32 C:\\Users\\User\\OneDrive\\Documents\\Albert\\Appointment-Booking-System-master\\vendor\\laravel\\framework\\src\\Illuminate\\Cookie\\Middleware\\EncryptCookies.php(74): Illuminate\\Pipeline\\Pipeline->Illuminate\\Pipeline\\{closure}()
#33 C:\\Users\\User\\OneDrive\\Documents\\Albert\\Appointment-Booking-System-master\\vendor\\laravel\\framework\\src\\Illuminate\\Pipeline\\Pipeline.php(208): Illuminate\\Cookie\\Middleware\\EncryptCookies->handle()
#34 C:\\Users\\User\\OneDrive\\Documents\\Albert\\Appointment-Booking-System-master\\vendor\\laravel\\framework\\src\\Illuminate\\Pipeline\\Pipeline.php(126): Illuminate\\Pipeline\\Pipeline->Illuminate\\Pipeline\\{closure}()
#35 C:\\Users\\User\\OneDrive\\Documents\\Albert\\Appointment-Booking-System-master\\vendor\\laravel\\framework\\src\\Illuminate\\Routing\\Router.php(807): Illuminate\\Pipeline\\Pipeline->then()
#36 C:\\Users\\User\\OneDrive\\Documents\\Albert\\Appointment-Booking-System-master\\vendor\\laravel\\framework\\src\\Illuminate\\Routing\\Router.php(786): Illuminate\\Routing\\Router->runRouteWithinStack()
#37 C:\\Users\\User\\OneDrive\\Documents\\Albert\\Appointment-Booking-System-master\\vendor\\laravel\\framework\\src\\Illuminate\\Routing\\Router.php(750): Illuminate\\Routing\\Router->runRoute()
#38 C:\\Users\\User\\OneDrive\\Documents\\Albert\\Appointment-Booking-System-master\\vendor\\laravel\\framework\\src\\Illuminate\\Routing\\Router.php(739): Illuminate\\Routing\\Router->dispatchToRoute()
#39 C:\\Users\\User\\OneDrive\\Documents\\Albert\\Appointment-Booking-System-master\\vendor\\laravel\\framework\\src\\Illuminate\\Foundation\\Http\\Kernel.php(200): Illuminate\\Routing\\Router->dispatch()
#40 C:\\Users\\User\\OneDrive\\Documents\\Albert\\Appointment-Booking-System-master\\vendor\\laravel\\framework\\src\\Illuminate\\Pipeline\\Pipeline.php(169): Illuminate\\Foundation\\Http\\Kernel->Illuminate\\Foundation\\Http\\{closure}()
#41 C:\\Users\\User\\OneDrive\\Documents\\Albert\\Appointment-Booking-System-master\\vendor\\laravel\\framework\\src\\Illuminate\\Foundation\\Http\\Middleware\\TransformsRequest.php(21): Illuminate\\Pipeline\\Pipeline->Illuminate\\Pipeline\\{closure}()
#42 C:\\Users\\User\\OneDrive\\Documents\\Albert\\Appointment-Booking-System-master\\vendor\\laravel\\framework\\src\\Illuminate\\Foundation\\Http\\Middleware\\ConvertEmptyStringsToNull.php(31): Illuminate\\Foundation\\Http\\Middleware\\TransformsRequest->handle()
#43 C:\\Users\\User\\OneDrive\\Documents\\Albert\\Appointment-Booking-System-master\\vendor\\laravel\\framework\\src\\Illuminate\\Pipeline\\Pipeline.php(208): Illuminate\\Foundation\\Http\\Middleware\\ConvertEmptyStringsToNull->handle()
#44 C:\\Users\\User\\OneDrive\\Documents\\Albert\\Appointment-Booking-System-master\\vendor\\laravel\\framework\\src\\Illuminate\\Foundation\\Http\\Middleware\\TransformsRequest.php(21): Illuminate\\Pipeline\\Pipeline->Illuminate\\Pipeline\\{closure}()
#45 C:\\Users\\User\\OneDrive\\Documents\\Albert\\Appointment-Booking-System-master\\vendor\\laravel\\framework\\src\\Illuminate\\Foundation\\Http\\Middleware\\TrimStrings.php(51): Illuminate\\Foundation\\Http\\Middleware\\TransformsRequest->handle()
#46 C:\\Users\\User\\OneDrive\\Documents\\Albert\\Appointment-Booking-System-master\\vendor\\laravel\\framework\\src\\Illuminate\\Pipeline\\Pipeline.php(208): Illuminate\\Foundation\\Http\\Middleware\\TrimStrings->handle()
#47 C:\\Users\\User\\OneDrive\\Documents\\Albert\\Appointment-Booking-System-master\\vendor\\laravel\\framework\\src\\Illuminate\\Http\\Middleware\\ValidatePostSize.php(27): Illuminate\\Pipeline\\Pipeline->Illuminate\\Pipeline\\{closure}()
#48 C:\\Users\\User\\OneDrive\\Documents\\Albert\\Appointment-Booking-System-master\\vendor\\laravel\\framework\\src\\Illuminate\\Pipeline\\Pipeline.php(208): Illuminate\\Http\\Middleware\\ValidatePostSize->handle()
#49 C:\\Users\\User\\OneDrive\\Documents\\Albert\\Appointment-Booking-System-master\\vendor\\laravel\\framework\\src\\Illuminate\\Foundation\\Http\\Middleware\\PreventRequestsDuringMaintenance.php(109): Illuminate\\Pipeline\\Pipeline->Illuminate\\Pipeline\\{closure}()
#50 C:\\Users\\User\\OneDrive\\Documents\\Albert\\Appointment-Booking-System-master\\vendor\\laravel\\framework\\src\\Illuminate\\Pipeline\\Pipeline.php(208): Illuminate\\Foundation\\Http\\Middleware\\PreventRequestsDuringMaintenance->handle()
#51 C:\\Users\\User\\OneDrive\\Documents\\Albert\\Appointment-Booking-System-master\\vendor\\laravel\\framework\\src\\Illuminate\\Http\\Middleware\\HandleCors.php(48): Illuminate\\Pipeline\\Pipeline->Illuminate\\Pipeline\\{closure}()
#52 C:\\Users\\User\\OneDrive\\Documents\\Albert\\Appointment-Booking-System-master\\vendor\\laravel\\framework\\src\\Illuminate\\Pipeline\\Pipeline.php(208): Illuminate\\Http\\Middleware\\HandleCors->handle()
#53 C:\\Users\\User\\OneDrive\\Documents\\Albert\\Appointment-Booking-System-master\\vendor\\laravel\\framework\\src\\Illuminate\\Http\\Middleware\\TrustProxies.php(58): Illuminate\\Pipeline\\Pipeline->Illuminate\\Pipeline\\{closure}()
#54 C:\\Users\\User\\OneDrive\\Documents\\Albert\\Appointment-Booking-System-master\\vendor\\laravel\\framework\\src\\Illuminate\\Pipeline\\Pipeline.php(208): Illuminate\\Http\\Middleware\\TrustProxies->handle()
#55 C:\\Users\\User\\OneDrive\\Documents\\Albert\\Appointment-Booking-System-master\\vendor\\laravel\\framework\\src\\Illuminate\\Foundation\\Http\\Middleware\\InvokeDeferredCallbacks.php(22): Illuminate\\Pipeline\\Pipeline->Illuminate\\Pipeline\\{closure}()
#56 C:\\Users\\User\\OneDrive\\Documents\\Albert\\Appointment-Booking-System-master\\vendor\\laravel\\framework\\src\\Illuminate\\Pipeline\\Pipeline.php(208): Illuminate\\Foundation\\Http\\Middleware\\InvokeDeferredCallbacks->handle()
#57 C:\\Users\\User\\OneDrive\\Documents\\Albert\\Appointment-Booking-System-master\\vendor\\laravel\\framework\\src\\Illuminate\\Http\\Middleware\\ValidatePathEncoding.php(26): Illuminate\\Pipeline\\Pipeline->Illuminate\\Pipeline\\{closure}()
#58 C:\\Users\\User\\OneDrive\\Documents\\Albert\\Appointment-Booking-System-master\\vendor\\laravel\\framework\\src\\Illuminate\\Pipeline\\Pipeline.php(208): Illuminate\\Http\\Middleware\\ValidatePathEncoding->handle()
#59 C:\\Users\\User\\OneDrive\\Documents\\Albert\\Appointment-Booking-System-master\\vendor\\laravel\\framework\\src\\Illuminate\\Pipeline\\Pipeline.php(126): Illuminate\\Pipeline\\Pipeline->Illuminate\\Pipeline\\{closure}()
#60 C:\\Users\\User\\OneDrive\\Documents\\Albert\\Appointment-Booking-System-master\\vendor\\laravel\\framework\\src\\Illuminate\\Foundation\\Http\\Kernel.php(175): Illuminate\\Pipeline\\Pipeline->then()
#61 C:\\Users\\User\\OneDrive\\Documents\\Albert\\Appointment-Booking-System-master\\vendor\\laravel\\framework\\src\\Illuminate\\Foundation\\Http\\Kernel.php(144): Illuminate\\Foundation\\Http\\Kernel->sendRequestThroughRouter()
#62 C:\\Users\\User\\OneDrive\\Documents\\Albert\\Appointment-Booking-System-master\\vendor\\laravel\\framework\\src\\Illuminate\\Foundation\\Testing\\Concerns\\MakesHttpRequests.php(607): Illuminate\\Foundation\\Http\\Kernel->handle()
#63 C:\\Users\\User\\OneDrive\\Documents\\Albert\\Appointment-Booking-System-master\\vendor\\laravel\\framework\\src\\Illuminate\\Foundation\\Testing\\Concerns\\MakesHttpRequests.php(368): Illuminate\\Foundation\\Testing\\TestCase->call()
#64 C:\\Users\\User\\OneDrive\\Documents\\Albert\\Appointment-Booking-System-master\\tests\\Feature\\Auth\\PasswordResetTest.php(42): Illuminate\\Foundation\\Testing\\TestCase->get()
#65 C:\\Users\\User\\OneDrive\\Documents\\Albert\\Appointment-Booking-System-master\\vendor\\laravel\\framework\\src\\Illuminate\\Support\\Testing\\Fakes\\NotificationFake.php(257): Tests\\Feature\\Auth\\PasswordResetTest->Tests\\Feature\\Auth\\{closure}()
#66 [internal function]: Illuminate\\Support\\Testing\\Fakes\\NotificationFake->Illuminate\\Support\\Testing\\Fakes\\{closure}()
#67 C:\\Users\\User\\OneDrive\\Documents\\Albert\\Appointment-Booking-System-master\\vendor\\laravel\\framework\\src\\Illuminate\\Collections\\Arr.php(1119): array_filter()
#68 C:\\Users\\User\\OneDrive\\Documents\\Albert\\Appointment-Booking-System-master\\vendor\\laravel\\framework\\src\\Illuminate\\Collections\\Collection.php(404): Illuminate\\Support\\Arr::where()
#69 C:\\Users\\User\\OneDrive\\Documents\\Albert\\Appointment-Booking-System-master\\vendor\\laravel\\framework\\src\\Illuminate\\Support\\Testing\\Fakes\\NotificationFake.php(256): Illuminate\\Support\\Collection->filter()
#70 C:\\Users\\User\\OneDrive\\Documents\\Albert\\Appointment-Booking-System-master\\vendor\\laravel\\framework\\src\\Illuminate\\Support\\Testing\\Fakes\\NotificationFake.php(90): Illuminate\\Support\\Testing\\Fakes\\NotificationFake->sent()
#71 C:\\Users\\User\\OneDrive\\Documents\\Albert\\Appointment-Booking-System-master\\vendor\\laravel\\framework\\src\\Illuminate\\Support\\Facades\\Facade.php(361): Illuminate\\Support\\Testing\\Fakes\\NotificationFake->assertSentTo()
#72 C:\\Users\\User\\OneDrive\\Documents\\Albert\\Appointment-Booking-System-master\\tests\\Feature\\Auth\\PasswordResetTest.php(41): Illuminate\\Support\\Facades\\Facade::__callStatic()
#73 C:\\Users\\User\\OneDrive\\Documents\\Albert\\Appointment-Booking-System-master\\vendor\\phpunit\\phpunit\\src\\Framework\\TestCase.php(1656): Tests\\Feature\\Auth\\PasswordResetTest->test_reset_password_screen_can_be_rendered()
#74 C:\\Users\\User\\OneDrive\\Documents\\Albert\\Appointment-Booking-System-master\\vendor\\phpunit\\phpunit\\src\\Framework\\TestCase.php(514): PHPUnit\\Framework\\TestCase->runTest()
#75 C:\\Users\\User\\OneDrive\\Documents\\Albert\\Appointment-Booking-System-master\\vendor\\phpunit\\phpunit\\src\\Framework\\TestRunner\\TestRunner.php(87): PHPUnit\\Framework\\TestCase->runBare()
#76 C:\\Users\\User\\OneDrive\\Documents\\Albert\\Appointment-Booking-System-master\\vendor\\phpunit\\phpunit\\src\\Framework\\TestCase.php(361): PHPUnit\\Framework\\TestRunner->run()
#77 C:\\Users\\User\\OneDrive\\Documents\\Albert\\Appointment-Booking-System-master\\vendor\\phpunit\\phpunit\\src\\Framework\\TestSuite.php(369): PHPUnit\\Framework\\TestCase->run()
#78 C:\\Users\\User\\OneDrive\\Documents\\Albert\\Appointment-Booking-System-master\\vendor\\phpunit\\phpunit\\src\\Framework\\TestSuite.php(369): PHPUnit\\Framework\\TestSuite->run()
#79 C:\\Users\\User\\OneDrive\\Documents\\Albert\\Appointment-Booking-System-master\\vendor\\phpunit\\phpunit\\src\\Framework\\TestSuite.php(369): PHPUnit\\Framework\\TestSuite->run()
#80 C:\\Users\\User\\OneDrive\\Documents\\Albert\\Appointment-Booking-System-master\\vendor\\phpunit\\phpunit\\src\\TextUI\\TestRunner.php(64): PHPUnit\\Framework\\TestSuite->run()
#81 C:\\Users\\User\\OneDrive\\Documents\\Albert\\Appointment-Booking-System-master\\vendor\\phpunit\\phpunit\\src\\TextUI\\Application.php(210): PHPUnit\\TextUI\\TestRunner->run()
#82 C:\\Users\\User\\OneDrive\\Documents\\Albert\\Appointment-Booking-System-master\\vendor\\phpunit\\phpunit\\phpunit(104): PHPUnit\\TextUI\\Application->run()
#83 C:\\Users\\User\\OneDrive\\Documents\\Albert\\Appointment-Booking-System-master\\vendor\\bin\\phpunit(122): include('...')
#84 {main}
"} 
[2026-05-22 17:48:54] local.ERROR: SQLSTATE[HY000] [1049] Unknown database 'hospital_db' (Connection: mysql, SQL: select * from `sessions` where `id` = 521sAl7MLd9RfVSsbStamn1GFTh5wifvZE6PCHol limit 1) {"exception":"[object] (Illuminate\\Database\\QueryException(code: 1049): SQLSTATE[HY000] [1049] Unknown database 'hospital_db' (Connection: mysql, SQL: select * from `sessions` where `id` = 521sAl7MLd9RfVSsbStamn1GFTh5wifvZE6PCHol limit 1) at C:\\Users\\User\\OneDrive\\Documents\\Albert\\Appointment-Booking-System-master\\vendor\\laravel\\framework\\src\\Illuminate\\Database\\Connection.php:822)
[stacktrace]
#0 C:\\Users\\User\\OneDrive\\Documents\\Albert\\Appointment-Booking-System-master\\vendor\\laravel\\framework\\src\\Illuminate\\Database\\Connection.php(776): Illuminate\\Database\\Connection->runQueryCallback()
#1 C:\\Users\\User\\OneDrive\\Documents\\Albert\\Appointment-Booking-System-master\\vendor\\laravel\\framework\\src\\Illuminate\\Database\\Connection.php(395): Illuminate\\Database\\Connection->run()
#2 C:\\Users\\User\\OneDrive\\Documents\\Albert\\Appointment-Booking-System-master\\vendor\\laravel\\framework\\src\\Illuminate\\Database\\Query\\Builder.php(3131): Illuminate\\Database\\Connection->select()
#3 C:\\Users\\User\\OneDrive\\Documents\\Albert\\Appointment-Booking-System-master\\vendor\\laravel\\framework\\src\\Illuminate\\Database\\Query\\Builder.php(3116): Illuminate\\Database\\Query\\Builder->runSelect()
#4 C:\\Users\\User\\OneDrive\\Documents\\Albert\\Appointment-Booking-System-master\\vendor\\laravel\\framework\\src\\Illuminate\\Database\\Query\\Builder.php(3706): Illuminate\\Database\\Query\\Builder->Illuminate\\Database\\Query\\{closure}()
#5 C:\\Users\\User\\OneDrive\\Documents\\Albert\\Appointment-Booking-System-master\\vendor\\laravel\\framework\\src\\Illuminate\\Database\\Query\\Builder.php(3115): Illuminate\\Database\\Query\\Builder->onceWithColumns()
#6 C:\\Users\\User\\OneDrive\\Documents\\Albert\\Appointment-Booking-System-master\\vendor\\laravel\\framework\\src\\Illuminate\\Database\\Concerns\\BuildsQueries.php(366): Illuminate\\Database\\Query\\Builder->get()
#7 C:\\Users\\User\\OneDrive\\Documents\\Albert\\Appointment-Booking-System-master\\vendor\\laravel\\framework\\src\\Illuminate\\Database\\Query\\Builder.php(3038): Illuminate\\Database\\Query\\Builder->first()
#8 C:\\Users\\User\\OneDrive\\Documents\\Albert\\Appointment-Booking-System-master\\vendor\\laravel\\framework\\src\\Illuminate\\Session\\DatabaseSessionHandler.php(96): Illuminate\\Database\\Query\\Builder->find()
#9 C:\\Users\\User\\OneDrive\\Documents\\Albert\\Appointment-Booking-System-master\\vendor\\laravel\\framework\\src\\Illuminate\\Session\\Store.php(116): Illuminate\\Session\\DatabaseSessionHandler->read()
#10 C:\\Users\\User\\OneDrive\\Documents\\Albert\\Appointment-Booking-System-master\\vendor\\laravel\\framework\\src\\Illuminate\\Session\\Store.php(104): Illuminate\\Session\\Store->readFromHandler()
#11 C:\\Users\\User\\OneDrive\\Documents\\Albert\\Appointment-Booking-System-master\\vendor\\laravel\\framework\\src\\Illuminate\\Session\\Store.php(88): Illuminate\\Session\\Store->loadSession()
#12 C:\\Users\\User\\OneDrive\\Documents\\Albert\\Appointment-Booking-System-master\\vendor\\laravel\\framework\\src\\Illuminate\\Session\\Middleware\\StartSession.php(146): Illuminate\\Session\\Store->start()
#13 C:\\Users\\User\\OneDrive\\Documents\\Albert\\Appointment-Booking-System-master\\vendor\\laravel\\framework\\src\\Illuminate\\Support\\helpers.php(399): Illuminate\\Session\\Middleware\\StartSession->Illuminate\\Session\\Middleware\\{closure}()
#14 C:\\Users\\User\\OneDrive\\Documents\\Albert\\Appointment-Booking-System-master\\vendor\\laravel\\framework\\src\\Illuminate\\Session\\Middleware\\StartSession.php(143): tap()
#15 C:\\Users\\User\\OneDrive\\Documents\\Albert\\Appointment-Booking-System-master\\vendor\\laravel\\framework\\src\\Illuminate\\Session\\Middleware\\StartSession.php(115): Illuminate\\Session\\Middleware\\StartSession->startSession()
#16 C:\\Users\\User\\OneDrive\\Documents\\Albert\\Appointment-Booking-System-master\\vendor\\laravel\\framework\\src\\Illuminate\\Session\\Middleware\\StartSession.php(63): Illuminate\\Session\\Middleware\\StartSession->handleStatefulRequest()
#17 C:\\Users\\User\\OneDrive\\Documents\\Albert\\Appointment-Booking-System-master\\vendor\\laravel\\framework\\src\\Illuminate\\Pipeline\\Pipeline.php(208): Illuminate\\Session\\Middleware\\StartSession->handle()
#18 C:\\Users\\User\\OneDrive\\Documents\\Albert\\Appointment-Booking-System-master\\vendor\\laravel\\framework\\src\\Illuminate\\Cookie\\Middleware\\AddQueuedCookiesToResponse.php(36): Illuminate\\Pipeline\\Pipeline->Illuminate\\Pipeline\\{closure}()
#19 C:\\Users\\User\\OneDrive\\Documents\\Albert\\Appointment-Booking-System-master\\vendor\\laravel\\framework\\src\\Illuminate\\Pipeline\\Pipeline.php(208): Illuminate\\Cookie\\Middleware\\AddQueuedCookiesToResponse->handle()
#20 C:\\Users\\User\\OneDrive\\Documents\\Albert\\Appointment-Booking-System-master\\vendor\\laravel\\framework\\src\\Illuminate\\Cookie\\Middleware\\EncryptCookies.php(74): Illuminate\\Pipeline\\Pipeline->Illuminate\\Pipeline\\{closure}()
#21 C:\\Users\\User\\OneDrive\\Documents\\Albert\\Appointment-Booking-System-master\\vendor\\laravel\\framework\\src\\Illuminate\\Pipeline\\Pipeline.php(208): Illuminate\\Cookie\\Middleware\\EncryptCookies->handle()
#22 C:\\Users\\User\\OneDrive\\Documents\\Albert\\Appointment-Booking-System-master\\vendor\\laravel\\framework\\src\\Illuminate\\Pipeline\\Pipeline.php(126): Illuminate\\Pipeline\\Pipeline->Illuminate\\Pipeline\\{closure}()
#23 C:\\Users\\User\\OneDrive\\Documents\\Albert\\Appointment-Booking-System-master\\vendor\\laravel\\framework\\src\\Illuminate\\Routing\\Router.php(807): Illuminate\\Pipeline\\Pipeline->then()
#24 C:\\Users\\User\\OneDrive\\Documents\\Albert\\Appointment-Booking-System-master\\vendor\\laravel\\framework\\src\\Illuminate\\Routing\\Router.php(786): Illuminate\\Routing\\Router->runRouteWithinStack()
#25 C:\\Users\\User\\OneDrive\\Documents\\Albert\\Appointment-Booking-System-master\\vendor\\laravel\\framework\\src\\Illuminate\\Routing\\Router.php(750): Illuminate\\Routing\\Router->runRoute()
#26 C:\\Users\\User\\OneDrive\\Documents\\Albert\\Appointment-Booking-System-master\\vendor\\laravel\\framework\\src\\Illuminate\\Routing\\Router.php(739): Illuminate\\Routing\\Router->dispatchToRoute()
#27 C:\\Users\\User\\OneDrive\\Documents\\Albert\\Appointment-Booking-System-master\\vendor\\laravel\\framework\\src\\Illuminate\\Foundation\\Http\\Kernel.php(200): Illuminate\\Routing\\Router->dispatch()
#28 C:\\Users\\User\\OneDrive\\Documents\\Albert\\Appointment-Booking-System-master\\vendor\\laravel\\framework\\src\\Illuminate\\Pipeline\\Pipeline.php(169): Illuminate\\Foundation\\Http\\Kernel->Illuminate\\Foundation\\Http\\{closure}()
#29 C:\\Users\\User\\OneDrive\\Documents\\Albert\\Appointment-Booking-System-master\\vendor\\laravel\\framework\\src\\Illuminate\\Foundation\\Http\\Middleware\\TransformsRequest.php(21): Illuminate\\Pipeline\\Pipeline->Illuminate\\Pipeline\\{closure}()
#30 C:\\Users\\User\\OneDrive\\Documents\\Albert\\Appointment-Booking-System-master\\vendor\\laravel\\framework\\src\\Illuminate\\Foundation\\Http\\Middleware\\ConvertEmptyStringsToNull.php(31): Illuminate\\Foundation\\Http\\Middleware\\TransformsRequest->handle()
#31 C:\\Users\\User\\OneDrive\\Documents\\Albert\\Appointment-Booking-System-master\\vendor\\laravel\\framework\\src\\Illuminate\\Pipeline\\Pipeline.php(208): Illuminate\\Foundation\\Http\\Middleware\\ConvertEmptyStringsToNull->handle()
#32 C:\\Users\\User\\OneDrive\\Documents\\Albert\\Appointment-Booking-System-master\\vendor\\laravel\\framework\\src\\Illuminate\\Foundation\\Http\\Middleware\\TransformsRequest.php(21): Illuminate\\Pipeline\\Pipeline->Illuminate\\Pipeline\\{closure}()
#33 C:\\Users\\User\\OneDrive\\Documents\\Albert\\Appointment-Booking-System-master\\vendor\\laravel\\framework\\src\\Illuminate\\Foundation\\Http\\Middleware\\TrimStrings.php(51): Illuminate\\Foundation\\Http\\Middleware\\TransformsRequest->handle()
#34 C:\\Users\\User\\OneDrive\\Documents\\Albert\\Appointment-Booking-System-master\\vendor\\laravel\\framework\\src\\Illuminate\\Pipeline\\Pipeline.php(208): Illuminate\\Foundation\\Http\\Middleware\\TrimStrings->handle()
#35 C:\\Users\\User\\OneDrive\\Documents\\Albert\\Appointment-Booking-System-master\\vendor\\laravel\\framework\\src\\Illuminate\\Http\\Middleware\\ValidatePostSize.php(27): Illuminate\\Pipeline\\Pipeline->Illuminate\\Pipeline\\{closure}()
#36 C:\\Users\\User\\OneDrive\\Documents\\Albert\\Appointment-Booking-System-master\\vendor\\laravel\\framework\\src\\Illuminate\\Pipeline\\Pipeline.php(208): Illuminate\\Http\\Middleware\\ValidatePostSize->handle()
#37 C:\\Users\\User\\OneDrive\\Documents\\Albert\\Appointment-Booking-System-master\\vendor\\laravel\\framework\\src\\Illuminate\\Foundation\\Http\\Middleware\\PreventRequestsDuringMaintenance.php(109): Illuminate\\Pipeline\\Pipeline->Illuminate\\Pipeline\\{closure}()
#38 C:\\Users\\User\\OneDrive\\Documents\\Albert\\Appointment-Booking-System-master\\vendor\\laravel\\framework\\src\\Illuminate\\Pipeline\\Pipeline.php(208): Illuminate\\Foundation\\Http\\Middleware\\PreventRequestsDuringMaintenance->handle()
#39 C:\\Users\\User\\OneDrive\\Documents\\Albert\\Appointment-Booking-System-master\\vendor\\laravel\\framework\\src\\Illuminate\\Http\\Middleware\\HandleCors.php(48): Illuminate\\Pipeline\\Pipeline->Illuminate\\Pipeline\\{closure}()
#40 C:\\Users\\User\\OneDrive\\Documents\\Albert\\Appointment-Booking-System-master\\vendor\\laravel\\framework\\src\\Illuminate\\Pipeline\\Pipeline.php(208): Illuminate\\Http\\Middleware\\HandleCors->handle()
#41 C:\\Users\\User\\OneDrive\\Documents\\Albert\\Appointment-Booking-System-master\\vendor\\laravel\\framework\\src\\Illuminate\\Http\\Middleware\\TrustProxies.php(58): Illuminate\\Pipeline\\Pipeline->Illuminate\\Pipeline\\{closure}()
#42 C:\\Users\\User\\OneDrive\\Documents\\Albert\\Appointment-Booking-System-master\\vendor\\laravel\\framework\\src\\Illuminate\\Pipeline\\Pipeline.php(208): Illuminate\\Http\\Middleware\\TrustProxies->handle()
#43 C:\\Users\\User\\OneDrive\\Documents\\Albert\\Appointment-Booking-System-master\\vendor\\laravel\\framework\\src\\Illuminate\\Foundation\\Http\\Middleware\\InvokeDeferredCallbacks.php(22): Illuminate\\Pipeline\\Pipeline->Illuminate\\Pipeline\\{closure}()
#44 C:\\Users\\User\\OneDrive\\Documents\\Albert\\Appointment-Booking-System-master\\vendor\\laravel\\framework\\src\\Illuminate\\Pipeline\\Pipeline.php(208): Illuminate\\Foundation\\Http\\Middleware\\InvokeDeferredCallbacks->handle()
#45 C:\\Users\\User\\OneDrive\\Documents\\Albert\\Appointment-Booking-System-master\\vendor\\laravel\\framework\\src\\Illuminate\\Http\\Middleware\\ValidatePathEncoding.php(26): Illuminate\\Pipeline\\Pipeline->Illuminate\\Pipeline\\{closure}()
#46 C:\\Users\\User\\OneDrive\\Documents\\Albert\\Appointment-Booking-System-master\\vendor\\laravel\\framework\\src\\Illuminate\\Pipeline\\Pipeline.php(208): Illuminate\\Http\\Middleware\\ValidatePathEncoding->handle()
#47 C:\\Users\\User\\OneDrive\\Documents\\Albert\\Appointment-Booking-System-master\\vendor\\laravel\\framework\\src\\Illuminate\\Pipeline\\Pipeline.php(126): Illuminate\\Pipeline\\Pipeline->Illuminate\\Pipeline\\{closure}()
#48 C:\\Users\\User\\OneDrive\\Documents\\Albert\\Appointment-Booking-System-master\\vendor\\laravel\\framework\\src\\Illuminate\\Foundation\\Http\\Kernel.php(175): Illuminate\\Pipeline\\Pipeline->then()
#49 C:\\Users\\User\\OneDrive\\Documents\\Albert\\Appointment-Booking-System-master\\vendor\\laravel\\framework\\src\\Illuminate\\Foundation\\Http\\Kernel.php(144): Illuminate\\Foundation\\Http\\Kernel->sendRequestThroughRouter()
#50 C:\\Users\\User\\OneDrive\\Documents\\Albert\\Appointment-Booking-System-master\\vendor\\laravel\\framework\\src\\Illuminate\\Foundation\\Application.php(1219): Illuminate\\Foundation\\Http\\Kernel->handle()
#51 C:\\Users\\User\\OneDrive\\Documents\\Albert\\Appointment-Booking-System-master\\public\\index.php(20): Illuminate\\Foundation\\Application->handleRequest()
#52 C:\\Users\\User\\OneDrive\\Documents\\Albert\\Appointment-Booking-System-master\\vendor\\laravel\\framework\\src\\Illuminate\\Foundation\\resources\\server.php(23): require_once('...')
#53 {main}

[previous exception] [object] (PDOException(code: 1049): SQLSTATE[HY000] [1049] Unknown database 'hospital_db' at C:\\Users\\User\\OneDrive\\Documents\\Albert\\Appointment-Booking-System-master\\vendor\\laravel\\framework\\src\\Illuminate\\Database\\Connectors\\Connector.php:66)
[stacktrace]
#0 C:\\Users\\User\\OneDrive\\Documents\\Albert\\Appointment-Booking-System-master\\vendor\\laravel\\framework\\src\\Illuminate\\Database\\Connectors\\Connector.php(66): PDO->__construct()
#1 C:\\Users\\User\\OneDrive\\Documents\\Albert\\Appointment-Booking-System-master\\vendor\\laravel\\framework\\src\\Illuminate\\Database\\Connectors\\Connector.php(44): Illuminate\\Database\\Connectors\\Connector->createPdoConnection()
#2 C:\\Users\\User\\OneDrive\\Documents\\Albert\\Appointment-Booking-System-master\\vendor\\laravel\\framework\\src\\Illuminate\\Database\\Connectors\\MySqlConnector.php(24): Illuminate\\Database\\Connectors\\Connector->createConnection()
#3 C:\\Users\\User\\OneDrive\\Documents\\Albert\\Appointment-Booking-System-master\\vendor\\laravel\\framework\\src\\Illuminate\\Database\\Connectors\\ConnectionFactory.php(184): Illuminate\\Database\\Connectors\\MySqlConnector->connect()
#4 [internal function]: Illuminate\\Database\\Connectors\\ConnectionFactory->Illuminate\\Database\\Connectors\\{closure}()
#5 C:\\Users\\User\\OneDrive\\Documents\\Albert\\Appointment-Booking-System-master\\vendor\\laravel\\framework\\src\\Illuminate\\Database\\Connection.php(1228): call_user_func()
#6 C:\\Users\\User\\OneDrive\\Documents\\Albert\\Appointment-Booking-System-master\\vendor\\laravel\\framework\\src\\Illuminate\\Database\\Connection.php(509): Illuminate\\Database\\Connection->getPdo()
#7 C:\\Users\\User\\OneDrive\\Documents\\Albert\\Appointment-Booking-System-master\\vendor\\laravel\\framework\\src\\Illuminate\\Database\\Connection.php(404): Illuminate\\Database\\Connection->getPdoForSelect()
#8 C:\\Users\\User\\OneDrive\\Documents\\Albert\\Appointment-Booking-System-master\\vendor\\laravel\\framework\\src\\Illuminate\\Database\\Connection.php(809): Illuminate\\Database\\Connection->Illuminate\\Database\\{closure}()
#9 C:\\Users\\User\\OneDrive\\Documents\\Albert\\Appointment-Booking-System-master\\vendor\\laravel\\framework\\src\\Illuminate\\Database\\Connection.php(776): Illuminate\\Database\\Connection->runQueryCallback()
#10 C:\\Users\\User\\OneDrive\\Documents\\Albert\\Appointment-Booking-System-master\\vendor\\laravel\\framework\\src\\Illuminate\\Database\\Connection.php(395): Illuminate\\Database\\Connection->run()
#11 C:\\Users\\User\\OneDrive\\Documents\\Albert\\Appointment-Booking-System-master\\vendor\\laravel\\framework\\src\\Illuminate\\Database\\Query\\Builder.php(3131): Illuminate\\Database\\Connection->select()
#12 C:\\Users\\User\\OneDrive\\Documents\\Albert\\Appointment-Booking-System-master\\vendor\\laravel\\framework\\src\\Illuminate\\Database\\Query\\Builder.php(3116): Illuminate\\Database\\Query\\Builder->runSelect()
#13 C:\\Users\\User\\OneDrive\\Documents\\Albert\\Appointment-Booking-System-master\\vendor\\laravel\\framework\\src\\Illuminate\\Database\\Query\\Builder.php(3706): Illuminate\\Database\\Query\\Builder->Illuminate\\Database\\Query\\{closure}()
#14 C:\\Users\\User\\OneDrive\\Documents\\Albert\\Appointment-Booking-System-master\\vendor\\laravel\\framework\\src\\Illuminate\\Database\\Query\\Builder.php(3115): Illuminate\\Database\\Query\\Builder->onceWithColumns()
#15 C:\\Users\\User\\OneDrive\\Documents\\Albert\\Appointment-Booking-System-master\\vendor\\laravel\\framework\\src\\Illuminate\\Database\\Concerns\\BuildsQueries.php(366): Illuminate\\Database\\Query\\Builder->get()
#16 C:\\Users\\User\\OneDrive\\Documents\\Albert\\Appointment-Booking-System-master\\vendor\\laravel\\framework\\src\\Illuminate\\Database\\Query\\Builder.php(3038): Illuminate\\Database\\Query\\Builder->first()
#17 C:\\Users\\User\\OneDrive\\Documents\\Albert\\Appointment-Booking-System-master\\vendor\\laravel\\framework\\src\\Illuminate\\Session\\DatabaseSessionHandler.php(96): Illuminate\\Database\\Query\\Builder->find()
#18 C:\\Users\\User\\OneDrive\\Documents\\Albert\\Appointment-Booking-System-master\\vendor\\laravel\\framework\\src\\Illuminate\\Session\\Store.php(116): Illuminate\\Session\\DatabaseSessionHandler->read()
#19 C:\\Users\\User\\OneDrive\\Documents\\Albert\\Appointment-Booking-System-master\\vendor\\laravel\\framework\\src\\Illuminate\\Session\\Store.php(104): Illuminate\\Session\\Store->readFromHandler()
#20 C:\\Users\\User\\OneDrive\\Documents\\Albert\\Appointment-Booking-System-master\\vendor\\laravel\\framework\\src\\Illuminate\\Session\\Store.php(88): Illuminate\\Session\\Store->loadSession()
#21 C:\\Users\\User\\OneDrive\\Documents\\Albert\\Appointment-Booking-System-master\\vendor\\laravel\\framework\\src\\Illuminate\\Session\\Middleware\\StartSession.php(146): Illuminate\\Session\\Store->start()
#22 C:\\Users\\User\\OneDrive\\Documents\\Albert\\Appointment-Booking-System-master\\vendor\\laravel\\framework\\src\\Illuminate\\Support\\helpers.php(399): Illuminate\\Session\\Middleware\\StartSession->Illuminate\\Session\\Middleware\\{closure}()
#23 C:\\Users\\User\\OneDrive\\Documents\\Albert\\Appointment-Booking-System-master\\vendor\\laravel\\framework\\src\\Illuminate\\Session\\Middleware\\StartSession.php(143): tap()
#24 C:\\Users\\User\\OneDrive\\Documents\\Albert\\Appointment-Booking-System-master\\vendor\\laravel\\framework\\src\\Illuminate\\Session\\Middleware\\StartSession.php(115): Illuminate\\Session\\Middleware\\StartSession->startSession()
#25 C:\\Users\\User\\OneDrive\\Documents\\Albert\\Appointment-Booking-System-master\\vendor\\laravel\\framework\\src\\Illuminate\\Session\\Middleware\\StartSession.php(63): Illuminate\\Session\\Middleware\\StartSession->handleStatefulRequest()
#26 C:\\Users\\User\\OneDrive\\Documents\\Albert\\Appointment-Booking-System-master\\vendor\\laravel\\framework\\src\\Illuminate\\Pipeline\\Pipeline.php(208): Illuminate\\Session\\Middleware\\StartSession->handle()
#27 C:\\Users\\User\\OneDrive\\Documents\\Albert\\Appointment-Booking-System-master\\vendor\\laravel\\framework\\src\\Illuminate\\Cookie\\Middleware\\AddQueuedCookiesToResponse.php(36): Illuminate\\Pipeline\\Pipeline->Illuminate\\Pipeline\\{closure}()
#28 C:\\Users\\User\\OneDrive\\Documents\\Albert\\Appointment-Booking-System-master\\vendor\\laravel\\framework\\src\\Illuminate\\Pipeline\\Pipeline.php(208): Illuminate\\Cookie\\Middleware\\AddQueuedCookiesToResponse->handle()
#29 C:\\Users\\User\\OneDrive\\Documents\\Albert\\Appointment-Booking-System-master\\vendor\\laravel\\framework\\src\\Illuminate\\Cookie\\Middleware\\EncryptCookies.php(74): Illuminate\\Pipeline\\Pipeline->Illuminate\\Pipeline\\{closure}()
#30 C:\\Users\\User\\OneDrive\\Documents\\Albert\\Appointment-Booking-System-master\\vendor\\laravel\\framework\\src\\Illuminate\\Pipeline\\Pipeline.php(208): Illuminate\\Cookie\\Middleware\\EncryptCookies->handle()
#31 C:\\Users\\User\\OneDrive\\Documents\\Albert\\Appointment-Booking-System-master\\vendor\\laravel\\framework\\src\\Illuminate\\Pipeline\\Pipeline.php(126): Illuminate\\Pipeline\\Pipeline->Illuminate\\Pipeline\\{closure}()
#32 C:\\Users\\User\\OneDrive\\Documents\\Albert\\Appointment-Booking-System-master\\vendor\\laravel\\framework\\src\\Illuminate\\Routing\\Router.php(807): Illuminate\\Pipeline\\Pipeline->then()
#33 C:\\Users\\User\\OneDrive\\Documents\\Albert\\Appointment-Booking-System-master\\vendor\\laravel\\framework\\src\\Illuminate\\Routing\\Router.php(786): Illuminate\\Routing\\Router->runRouteWithinStack()
#34 C:\\Users\\User\\OneDrive\\Documents\\Albert\\Appointment-Booking-System-master\\vendor\\laravel\\framework\\src\\Illuminate\\Routing\\Router.php(750): Illuminate\\Routing\\Router->runRoute()
#35 C:\\Users\\User\\OneDrive\\Documents\\Albert\\Appointment-Booking-System-master\\vendor\\laravel\\framework\\src\\Illuminate\\Routing\\Router.php(739): Illuminate\\Routing\\Router->dispatchToRoute()
#36 C:\\Users\\User\\OneDrive\\Documents\\Albert\\Appointment-Booking-System-master\\vendor\\laravel\\framework\\src\\Illuminate\\Foundation\\Http\\Kernel.php(200): Illuminate\\Routing\\Router->dispatch()
#37 C:\\Users\\User\\OneDrive\\Documents\\Albert\\Appointment-Booking-System-master\\vendor\\laravel\\framework\\src\\Illuminate\\Pipeline\\Pipeline.php(169): Illuminate\\Foundation\\Http\\Kernel->Illuminate\\Foundation\\Http\\{closure}()
#38 C:\\Users\\User\\OneDrive\\Documents\\Albert\\Appointment-Booking-System-master\\vendor\\laravel\\framework\\src\\Illuminate\\Foundation\\Http\\Middleware\\TransformsRequest.php(21): Illuminate\\Pipeline\\Pipeline->Illuminate\\Pipeline\\{closure}()
#39 C:\\Users\\User\\OneDrive\\Documents\\Albert\\Appointment-Booking-System-master\\vendor\\laravel\\framework\\src\\Illuminate\\Foundation\\Http\\Middleware\\ConvertEmptyStringsToNull.php(31): Illuminate\\Foundation\\Http\\Middleware\\TransformsRequest->handle()
#40 C:\\Users\\User\\OneDrive\\Documents\\Albert\\Appointment-Booking-System-master\\vendor\\laravel\\framework\\src\\Illuminate\\Pipeline\\Pipeline.php(208): Illuminate\\Foundation\\Http\\Middleware\\ConvertEmptyStringsToNull->handle()
#41 C:\\Users\\User\\OneDrive\\Documents\\Albert\\Appointment-Booking-System-master\\vendor\\laravel\\framework\\src\\Illuminate\\Foundation\\Http\\Middleware\\TransformsRequest.php(21): Illuminate\\Pipeline\\Pipeline->Illuminate\\Pipeline\\{closure}()
#42 C:\\Users\\User\\OneDrive\\Documents\\Albert\\Appointment-Booking-System-master\\vendor\\laravel\\framework\\src\\Illuminate\\Foundation\\Http\\Middleware\\TrimStrings.php(51): Illuminate\\Foundation\\Http\\Middleware\\TransformsRequest->handle()
#43 C:\\Users\\User\\OneDrive\\Documents\\Albert\\Appointment-Booking-System-master\\vendor\\laravel\\framework\\src\\Illuminate\\Pipeline\\Pipeline.php(208): Illuminate\\Foundation\\Http\\Middleware\\TrimStrings->handle()
#44 C:\\Users\\User\\OneDrive\\Documents\\Albert\\Appointment-Booking-System-master\\vendor\\laravel\\framework\\src\\Illuminate\\Http\\Middleware\\ValidatePostSize.php(27): Illuminate\\Pipeline\\Pipeline->Illuminate\\Pipeline\\{closure}()
#45 C:\\Users\\User\\OneDrive\\Documents\\Albert\\Appointment-Booking-System-master\\vendor\\laravel\\framework\\src\\Illuminate\\Pipeline\\Pipeline.php(208): Illuminate\\Http\\Middleware\\ValidatePostSize->handle()
#46 C:\\Users\\User\\OneDrive\\Documents\\Albert\\Appointment-Booking-System-master\\vendor\\laravel\\framework\\src\\Illuminate\\Foundation\\Http\\Middleware\\PreventRequestsDuringMaintenance.php(109): Illuminate\\Pipeline\\Pipeline->Illuminate\\Pipeline\\{closure}()
#47 C:\\Users\\User\\OneDrive\\Documents\\Albert\\Appointment-Booking-System-master\\vendor\\laravel\\framework\\src\\Illuminate\\Pipeline\\Pipeline.php(208): Illuminate\\Foundation\\Http\\Middleware\\PreventRequestsDuringMaintenance->handle()
#48 C:\\Users\\User\\OneDrive\\Documents\\Albert\\Appointment-Booking-System-master\\vendor\\laravel\\framework\\src\\Illuminate\\Http\\Middleware\\HandleCors.php(48): Illuminate\\Pipeline\\Pipeline->Illuminate\\Pipeline\\{closure}()
#49 C:\\Users\\User\\OneDrive\\Documents\\Albert\\Appointment-Booking-System-master\\vendor\\laravel\\framework\\src\\Illuminate\\Pipeline\\Pipeline.php(208): Illuminate\\Http\\Middleware\\HandleCors->handle()
#50 C:\\Users\\User\\OneDrive\\Documents\\Albert\\Appointment-Booking-System-master\\vendor\\laravel\\framework\\src\\Illuminate\\Http\\Middleware\\TrustProxies.php(58): Illuminate\\Pipeline\\Pipeline->Illuminate\\Pipeline\\{closure}()
#51 C:\\Users\\User\\OneDrive\\Documents\\Albert\\Appointment-Booking-System-master\\vendor\\laravel\\framework\\src\\Illuminate\\Pipeline\\Pipeline.php(208): Illuminate\\Http\\Middleware\\TrustProxies->handle()
#52 C:\\Users\\User\\OneDrive\\Documents\\Albert\\Appointment-Booking-System-master\\vendor\\laravel\\framework\\src\\Illuminate\\Foundation\\Http\\Middleware\\InvokeDeferredCallbacks.php(22): Illuminate\\Pipeline\\Pipeline->Illuminate\\Pipeline\\{closure}()
#53 C:\\Users\\User\\OneDrive\\Documents\\Albert\\Appointment-Booking-System-master\\vendor\\laravel\\framework\\src\\Illuminate\\Pipeline\\Pipeline.php(208): Illuminate\\Foundation\\Http\\Middleware\\InvokeDeferredCallbacks->handle()
#54 C:\\Users\\User\\OneDrive\\Documents\\Albert\\Appointment-Booking-System-master\\vendor\\laravel\\framework\\src\\Illuminate\\Http\\Middleware\\ValidatePathEncoding.php(26): Illuminate\\Pipeline\\Pipeline->Illuminate\\Pipeline\\{closure}()
#55 C:\\Users\\User\\OneDrive\\Documents\\Albert\\Appointment-Booking-System-master\\vendor\\laravel\\framework\\src\\Illuminate\\Pipeline\\Pipeline.php(208): Illuminate\\Http\\Middleware\\ValidatePathEncoding->handle()
#56 C:\\Users\\User\\OneDrive\\Documents\\Albert\\Appointment-Booking-System-master\\vendor\\laravel\\framework\\src\\Illuminate\\Pipeline\\Pipeline.php(126): Illuminate\\Pipeline\\Pipeline->Illuminate\\Pipeline\\{closure}()
#57 C:\\Users\\User\\OneDrive\\Documents\\Albert\\Appointment-Booking-System-master\\vendor\\laravel\\framework\\src\\Illuminate\\Foundation\\Http\\Kernel.php(175): Illuminate\\Pipeline\\Pipeline->then()
#58 C:\\Users\\User\\OneDrive\\Documents\\Albert\\Appointment-Booking-System-master\\vendor\\laravel\\framework\\src\\Illuminate\\Foundation\\Http\\Kernel.php(144): Illuminate\\Foundation\\Http\\Kernel->sendRequestThroughRouter()
#59 C:\\Users\\User\\OneDrive\\Documents\\Albert\\Appointment-Booking-System-master\\vendor\\laravel\\framework\\src\\Illuminate\\Foundation\\Application.php(1219): Illuminate\\Foundation\\Http\\Kernel->handle()
#60 C:\\Users\\User\\OneDrive\\Documents\\Albert\\Appointment-Booking-System-master\\public\\index.php(20): Illuminate\\Foundation\\Application->handleRequest()
#61 C:\\Users\\User\\OneDrive\\Documents\\Albert\\Appointment-Booking-System-master\\vendor\\laravel\\framework\\src\\Illuminate\\Foundation\\resources\\server.php(23): require_once('...')
#62 {main}
"} 
[2026-05-22 17:49:02] local.ERROR: SQLSTATE[HY000] [1049] Unknown database 'hospital_db' (Connection: mysql, SQL: select * from `sessions` where `id` = WSqaIGUG4msgYUOxSqhPKTAXDlugbAnlvUNcOlbG limit 1) {"exception":"[object] (Illuminate\\Database\\QueryException(code: 1049): SQLSTATE[HY000] [1049] Unknown database 'hospital_db' (Connection: mysql, SQL: select * from `sessions` where `id` = WSqaIGUG4msgYUOxSqhPKTAXDlugbAnlvUNcOlbG limit 1) at C:\\Users\\User\\OneDrive\\Documents\\Albert\\Appointment-Booking-System-master\\vendor\\laravel\\framework\\src\\Illuminate\\Database\\Connection.php:822)
[stacktrace]
#0 C:\\Users\\User\\OneDrive\\Documents\\Albert\\Appointment-Booking-System-master\\vendor\\laravel\\framework\\src\\Illuminate\\Database\\Connection.php(776): Illuminate\\Database\\Connection->runQueryCallback()
#1 C:\\Users\\User\\OneDrive\\Documents\\Albert\\Appointment-Booking-System-master\\vendor\\laravel\\framework\\src\\Illuminate\\Database\\Connection.php(395): Illuminate\\Database\\Connection->run()
#2 C:\\Users\\User\\OneDrive\\Documents\\Albert\\Appointment-Booking-System-master\\vendor\\laravel\\framework\\src\\Illuminate\\Database\\Query\\Builder.php(3131): Illuminate\\Database\\Connection->select()
#3 C:\\Users\\User\\OneDrive\\Documents\\Albert\\Appointment-Booking-System-master\\vendor\\laravel\\framework\\src\\Illuminate\\Database\\Query\\Builder.php(3116): Illuminate\\Database\\Query\\Builder->runSelect()
#4 C:\\Users\\User\\OneDrive\\Documents\\Albert\\Appointment-Booking-System-master\\vendor\\laravel\\framework\\src\\Illuminate\\Database\\Query\\Builder.php(3706): Illuminate\\Database\\Query\\Builder->Illuminate\\Database\\Query\\{closure}()
#5 C:\\Users\\User\\OneDrive\\Documents\\Albert\\Appointment-Booking-System-master\\vendor\\laravel\\framework\\src\\Illuminate\\Database\\Query\\Builder.php(3115): Illuminate\\Database\\Query\\Builder->onceWithColumns()
#6 C:\\Users\\User\\OneDrive\\Documents\\Albert\\Appointment-Booking-System-master\\vendor\\laravel\\framework\\src\\Illuminate\\Database\\Concerns\\BuildsQueries.php(366): Illuminate\\Database\\Query\\Builder->get()
#7 C:\\Users\\User\\OneDrive\\Documents\\Albert\\Appointment-Booking-System-master\\vendor\\laravel\\framework\\src\\Illuminate\\Database\\Query\\Builder.php(3038): Illuminate\\Database\\Query\\Builder->first()
#8 C:\\Users\\User\\OneDrive\\Documents\\Albert\\Appointment-Booking-System-master\\vendor\\laravel\\framework\\src\\Illuminate\\Session\\DatabaseSessionHandler.php(96): Illuminate\\Database\\Query\\Builder->find()
#9 C:\\Users\\User\\OneDrive\\Documents\\Albert\\Appointment-Booking-System-master\\vendor\\laravel\\framework\\src\\Illuminate\\Session\\Store.php(116): Illuminate\\Session\\DatabaseSessionHandler->read()
#10 C:\\Users\\User\\OneDrive\\Documents\\Albert\\Appointment-Booking-System-master\\vendor\\laravel\\framework\\src\\Illuminate\\Session\\Store.php(104): Illuminate\\Session\\Store->readFromHandler()
#11 C:\\Users\\User\\OneDrive\\Documents\\Albert\\Appointment-Booking-System-master\\vendor\\laravel\\framework\\src\\Illuminate\\Session\\Store.php(88): Illuminate\\Session\\Store->loadSession()
#12 C:\\Users\\User\\OneDrive\\Documents\\Albert\\Appointment-Booking-System-master\\vendor\\laravel\\framework\\src\\Illuminate\\Session\\Middleware\\StartSession.php(146): Illuminate\\Session\\Store->start()
#13 C:\\Users\\User\\OneDrive\\Documents\\Albert\\Appointment-Booking-System-master\\vendor\\laravel\\framework\\src\\Illuminate\\Support\\helpers.php(399): Illuminate\\Session\\Middleware\\StartSession->Illuminate\\Session\\Middleware\\{closure}()
#14 C:\\Users\\User\\OneDrive\\Documents\\Albert\\Appointment-Booking-System-master\\vendor\\laravel\\framework\\src\\Illuminate\\Session\\Middleware\\StartSession.php(143): tap()
#15 C:\\Users\\User\\OneDrive\\Documents\\Albert\\Appointment-Booking-System-master\\vendor\\laravel\\framework\\src\\Illuminate\\Session\\Middleware\\StartSession.php(115): Illuminate\\Session\\Middleware\\StartSession->startSession()
#16 C:\\Users\\User\\OneDrive\\Documents\\Albert\\Appointment-Booking-System-master\\vendor\\laravel\\framework\\src\\Illuminate\\Session\\Middleware\\StartSession.php(63): Illuminate\\Session\\Middleware\\StartSession->handleStatefulRequest()
#17 C:\\Users\\User\\OneDrive\\Documents\\Albert\\Appointment-Booking-System-master\\vendor\\laravel\\framework\\src\\Illuminate\\Pipeline\\Pipeline.php(208): Illuminate\\Session\\Middleware\\StartSession->handle()
#18 C:\\Users\\User\\OneDrive\\Documents\\Albert\\Appointment-Booking-System-master\\vendor\\laravel\\framework\\src\\Illuminate\\Cookie\\Middleware\\AddQueuedCookiesToResponse.php(36): Illuminate\\Pipeline\\Pipeline->Illuminate\\Pipeline\\{closure}()
#19 C:\\Users\\User\\OneDrive\\Documents\\Albert\\Appointment-Booking-System-master\\vendor\\laravel\\framework\\src\\Illuminate\\Pipeline\\Pipeline.php(208): Illuminate\\Cookie\\Middleware\\AddQueuedCookiesToResponse->handle()
#20 C:\\Users\\User\\OneDrive\\Documents\\Albert\\Appointment-Booking-System-master\\vendor\\laravel\\framework\\src\\Illuminate\\Cookie\\Middleware\\EncryptCookies.php(74): Illuminate\\Pipeline\\Pipeline->Illuminate\\Pipeline\\{closure}()
#21 C:\\Users\\User\\OneDrive\\Documents\\Albert\\Appointment-Booking-System-master\\vendor\\laravel\\framework\\src\\Illuminate\\Pipeline\\Pipeline.php(208): Illuminate\\Cookie\\Middleware\\EncryptCookies->handle()
#22 C:\\Users\\User\\OneDrive\\Documents\\Albert\\Appointment-Booking-System-master\\vendor\\laravel\\framework\\src\\Illuminate\\Pipeline\\Pipeline.php(126): Illuminate\\Pipeline\\Pipeline->Illuminate\\Pipeline\\{closure}()
#23 C:\\Users\\User\\OneDrive\\Documents\\Albert\\Appointment-Booking-System-master\\vendor\\laravel\\framework\\src\\Illuminate\\Routing\\Router.php(807): Illuminate\\Pipeline\\Pipeline->then()
#24 C:\\Users\\User\\OneDrive\\Documents\\Albert\\Appointment-Booking-System-master\\vendor\\laravel\\framework\\src\\Illuminate\\Routing\\Router.php(786): Illuminate\\Routing\\Router->runRouteWithinStack()
#25 C:\\Users\\User\\OneDrive\\Documents\\Albert\\Appointment-Booking-System-master\\vendor\\laravel\\framework\\src\\Illuminate\\Routing\\Router.php(750): Illuminate\\Routing\\Router->runRoute()
#26 C:\\Users\\User\\OneDrive\\Documents\\Albert\\Appointment-Booking-System-master\\vendor\\laravel\\framework\\src\\Illuminate\\Routing\\Router.php(739): Illuminate\\Routing\\Router->dispatchToRoute()
#27 C:\\Users\\User\\OneDrive\\Documents\\Albert\\Appointment-Booking-System-master\\vendor\\laravel\\framework\\src\\Illuminate\\Foundation\\Http\\Kernel.php(200): Illuminate\\Routing\\Router->dispatch()
#28 C:\\Users\\User\\OneDrive\\Documents\\Albert\\Appointment-Booking-System-master\\vendor\\laravel\\framework\\src\\Illuminate\\Pipeline\\Pipeline.php(169): Illuminate\\Foundation\\Http\\Kernel->Illuminate\\Foundation\\Http\\{closure}()
#29 C:\\Users\\User\\OneDrive\\Documents\\Albert\\Appointment-Booking-System-master\\vendor\\laravel\\framework\\src\\Illuminate\\Foundation\\Http\\Middleware\\TransformsRequest.php(21): Illuminate\\Pipeline\\Pipeline->Illuminate\\Pipeline\\{closure}()
#30 C:\\Users\\User\\OneDrive\\Documents\\Albert\\Appointment-Booking-System-master\\vendor\\laravel\\framework\\src\\Illuminate\\Foundation\\Http\\Middleware\\ConvertEmptyStringsToNull.php(31): Illuminate\\Foundation\\Http\\Middleware\\TransformsRequest->handle()
#31 C:\\Users\\User\\OneDrive\\Documents\\Albert\\Appointment-Booking-System-master\\vendor\\laravel\\framework\\src\\Illuminate\\Pipeline\\Pipeline.php(208): Illuminate\\Foundation\\Http\\Middleware\\ConvertEmptyStringsToNull->handle()
#32 C:\\Users\\User\\OneDrive\\Documents\\Albert\\Appointment-Booking-System-master\\vendor\\laravel\\framework\\src\\Illuminate\\Foundation\\Http\\Middleware\\TransformsRequest.php(21): Illuminate\\Pipeline\\Pipeline->Illuminate\\Pipeline\\{closure}()
#33 C:\\Users\\User\\OneDrive\\Documents\\Albert\\Appointment-Booking-System-master\\vendor\\laravel\\framework\\src\\Illuminate\\Foundation\\Http\\Middleware\\TrimStrings.php(51): Illuminate\\Foundation\\Http\\Middleware\\TransformsRequest->handle()
#34 C:\\Users\\User\\OneDrive\\Documents\\Albert\\Appointment-Booking-System-master\\vendor\\laravel\\framework\\src\\Illuminate\\Pipeline\\Pipeline.php(208): Illuminate\\Foundation\\Http\\Middleware\\TrimStrings->handle()
#35 C:\\Users\\User\\OneDrive\\Documents\\Albert\\Appointment-Booking-System-master\\vendor\\laravel\\framework\\src\\Illuminate\\Http\\Middleware\\ValidatePostSize.php(27): Illuminate\\Pipeline\\Pipeline->Illuminate\\Pipeline\\{closure}()
#36 C:\\Users\\User\\OneDrive\\Documents\\Albert\\Appointment-Booking-System-master\\vendor\\laravel\\framework\\src\\Illuminate\\Pipeline\\Pipeline.php(208): Illuminate\\Http\\Middleware\\ValidatePostSize->handle()
#37 C:\\Users\\User\\OneDrive\\Documents\\Albert\\Appointment-Booking-System-master\\vendor\\laravel\\framework\\src\\Illuminate\\Foundation\\Http\\Middleware\\PreventRequestsDuringMaintenance.php(109): Illuminate\\Pipeline\\Pipeline->Illuminate\\Pipeline\\{closure}()
#38 C:\\Users\\User\\OneDrive\\Documents\\Albert\\Appointment-Booking-System-master\\vendor\\laravel\\framework\\src\\Illuminate\\Pipeline\\Pipeline.php(208): Illuminate\\Foundation\\Http\\Middleware\\PreventRequestsDuringMaintenance->handle()
#39 C:\\Users\\User\\OneDrive\\Documents\\Albert\\Appointment-Booking-System-master\\vendor\\laravel\\framework\\src\\Illuminate\\Http\\Middleware\\HandleCors.php(48): Illuminate\\Pipeline\\Pipeline->Illuminate\\Pipeline\\{closure}()
#40 C:\\Users\\User\\OneDrive\\Documents\\Albert\\Appointment-Booking-System-master\\vendor\\laravel\\framework\\src\\Illuminate\\Pipeline\\Pipeline.php(208): Illuminate\\Http\\Middleware\\HandleCors->handle()
#41 C:\\Users\\User\\OneDrive\\Documents\\Albert\\Appointment-Booking-System-master\\vendor\\laravel\\framework\\src\\Illuminate\\Http\\Middleware\\TrustProxies.php(58): Illuminate\\Pipeline\\Pipeline->Illuminate\\Pipeline\\{closure}()
#42 C:\\Users\\User\\OneDrive\\Documents\\Albert\\Appointment-Booking-System-master\\vendor\\laravel\\framework\\src\\Illuminate\\Pipeline\\Pipeline.php(208): Illuminate\\Http\\Middleware\\TrustProxies->handle()
#43 C:\\Users\\User\\OneDrive\\Documents\\Albert\\Appointment-Booking-System-master\\vendor\\laravel\\framework\\src\\Illuminate\\Foundation\\Http\\Middleware\\InvokeDeferredCallbacks.php(22): Illuminate\\Pipeline\\Pipeline->Illuminate\\Pipeline\\{closure}()
#44 C:\\Users\\User\\OneDrive\\Documents\\Albert\\Appointment-Booking-System-master\\vendor\\laravel\\framework\\src\\Illuminate\\Pipeline\\Pipeline.php(208): Illuminate\\Foundation\\Http\\Middleware\\InvokeDeferredCallbacks->handle()
#45 C:\\Users\\User\\OneDrive\\Documents\\Albert\\Appointment-Booking-System-master\\vendor\\laravel\\framework\\src\\Illuminate\\Http\\Middleware\\ValidatePathEncoding.php(26): Illuminate\\Pipeline\\Pipeline->Illuminate\\Pipeline\\{closure}()
#46 C:\\Users\\User\\OneDrive\\Documents\\Albert\\Appointment-Booking-System-master\\vendor\\laravel\\framework\\src\\Illuminate\\Pipeline\\Pipeline.php(208): Illuminate\\Http\\Middleware\\ValidatePathEncoding->handle()
#47 C:\\Users\\User\\OneDrive\\Documents\\Albert\\Appointment-Booking-System-master\\vendor\\laravel\\framework\\src\\Illuminate\\Pipeline\\Pipeline.php(126): Illuminate\\Pipeline\\Pipeline->Illuminate\\Pipeline\\{closure}()
#48 C:\\Users\\User\\OneDrive\\Documents\\Albert\\Appointment-Booking-System-master\\vendor\\laravel\\framework\\src\\Illuminate\\Foundation\\Http\\Kernel.php(175): Illuminate\\Pipeline\\Pipeline->then()
#49 C:\\Users\\User\\OneDrive\\Documents\\Albert\\Appointment-Booking-System-master\\vendor\\laravel\\framework\\src\\Illuminate\\Foundation\\Http\\Kernel.php(144): Illuminate\\Foundation\\Http\\Kernel->sendRequestThroughRouter()
#50 C:\\Users\\User\\OneDrive\\Documents\\Albert\\Appointment-Booking-System-master\\vendor\\laravel\\framework\\src\\Illuminate\\Foundation\\Application.php(1219): Illuminate\\Foundation\\Http\\Kernel->handle()
#51 C:\\Users\\User\\OneDrive\\Documents\\Albert\\Appointment-Booking-System-master\\public\\index.php(20): Illuminate\\Foundation\\Application->handleRequest()
#52 C:\\Users\\User\\OneDrive\\Documents\\Albert\\Appointment-Booking-System-master\\vendor\\laravel\\framework\\src\\Illuminate\\Foundation\\resources\\server.php(23): require_once('...')
#53 {main}

[previous exception] [object] (PDOException(code: 1049): SQLSTATE[HY000] [1049] Unknown database 'hospital_db' at C:\\Users\\User\\OneDrive\\Documents\\Albert\\Appointment-Booking-System-master\\vendor\\laravel\\framework\\src\\Illuminate\\Database\\Connectors\\Connector.php:66)
[stacktrace]
#0 C:\\Users\\User\\OneDrive\\Documents\\Albert\\Appointment-Booking-System-master\\vendor\\laravel\\framework\\src\\Illuminate\\Database\\Connectors\\Connector.php(66): PDO->__construct()
#1 C:\\Users\\User\\OneDrive\\Documents\\Albert\\Appointment-Booking-System-master\\vendor\\laravel\\framework\\src\\Illuminate\\Database\\Connectors\\Connector.php(44): Illuminate\\Database\\Connectors\\Connector->createPdoConnection()
#2 C:\\Users\\User\\OneDrive\\Documents\\Albert\\Appointment-Booking-System-master\\vendor\\laravel\\framework\\src\\Illuminate\\Database\\Connectors\\MySqlConnector.php(24): Illuminate\\Database\\Connectors\\Connector->createConnection()
#3 C:\\Users\\User\\OneDrive\\Documents\\Albert\\Appointment-Booking-System-master\\vendor\\laravel\\framework\\src\\Illuminate\\Database\\Connectors\\ConnectionFactory.php(184): Illuminate\\Database\\Connectors\\MySqlConnector->connect()
#4 [internal function]: Illuminate\\Database\\Connectors\\ConnectionFactory->Illuminate\\Database\\Connectors\\{closure}()
#5 C:\\Users\\User\\OneDrive\\Documents\\Albert\\Appointment-Booking-System-master\\vendor\\laravel\\framework\\src\\Illuminate\\Database\\Connection.php(1228): call_user_func()
#6 C:\\Users\\User\\OneDrive\\Documents\\Albert\\Appointment-Booking-System-master\\vendor\\laravel\\framework\\src\\Illuminate\\Database\\Connection.php(509): Illuminate\\Database\\Connection->getPdo()
#7 C:\\Users\\User\\OneDrive\\Documents\\Albert\\Appointment-Booking-System-master\\vendor\\laravel\\framework\\src\\Illuminate\\Database\\Connection.php(404): Illuminate\\Database\\Connection->getPdoForSelect()
#8 C:\\Users\\User\\OneDrive\\Documents\\Albert\\Appointment-Booking-System-master\\vendor\\laravel\\framework\\src\\Illuminate\\Database\\Connection.php(809): Illuminate\\Database\\Connection->Illuminate\\Database\\{closure}()
#9 C:\\Users\\User\\OneDrive\\Documents\\Albert\\Appointment-Booking-System-master\\vendor\\laravel\\framework\\src\\Illuminate\\Database\\Connection.php(776): Illuminate\\Database\\Connection->runQueryCallback()
#10 C:\\Users\\User\\OneDrive\\Documents\\Albert\\Appointment-Booking-System-master\\vendor\\laravel\\framework\\src\\Illuminate\\Database\\Connection.php(395): Illuminate\\Database\\Connection->run()
#11 C:\\Users\\User\\OneDrive\\Documents\\Albert\\Appointment-Booking-System-master\\vendor\\laravel\\framework\\src\\Illuminate\\Database\\Query\\Builder.php(3131): Illuminate\\Database\\Connection->select()
#12 C:\\Users\\User\\OneDrive\\Documents\\Albert\\Appointment-Booking-System-master\\vendor\\laravel\\framework\\src\\Illuminate\\Database\\Query\\Builder.php(3116): Illuminate\\Database\\Query\\Builder->runSelect()
#13 C:\\Users\\User\\OneDrive\\Documents\\Albert\\Appointment-Booking-System-master\\vendor\\laravel\\framework\\src\\Illuminate\\Database\\Query\\Builder.php(3706): Illuminate\\Database\\Query\\Builder->Illuminate\\Database\\Query\\{closure}()
#14 C:\\Users\\User\\OneDrive\\Documents\\Albert\\Appointment-Booking-System-master\\vendor\\laravel\\framework\\src\\Illuminate\\Database\\Query\\Builder.php(3115): Illuminate\\Database\\Query\\Builder->onceWithColumns()
#15 C:\\Users\\User\\OneDrive\\Documents\\Albert\\Appointment-Booking-System-master\\vendor\\laravel\\framework\\src\\Illuminate\\Database\\Concerns\\BuildsQueries.php(366): Illuminate\\Database\\Query\\Builder->get()
#16 C:\\Users\\User\\OneDrive\\Documents\\Albert\\Appointment-Booking-System-master\\vendor\\laravel\\framework\\src\\Illuminate\\Database\\Query\\Builder.php(3038): Illuminate\\Database\\Query\\Builder->first()
#17 C:\\Users\\User\\OneDrive\\Documents\\Albert\\Appointment-Booking-System-master\\vendor\\laravel\\framework\\src\\Illuminate\\Session\\DatabaseSessionHandler.php(96): Illuminate\\Database\\Query\\Builder->find()
#18 C:\\Users\\User\\OneDrive\\Documents\\Albert\\Appointment-Booking-System-master\\vendor\\laravel\\framework\\src\\Illuminate\\Session\\Store.php(116): Illuminate\\Session\\DatabaseSessionHandler->read()
#19 C:\\Users\\User\\OneDrive\\Documents\\Albert\\Appointment-Booking-System-master\\vendor\\laravel\\framework\\src\\Illuminate\\Session\\Store.php(104): Illuminate\\Session\\Store->readFromHandler()
#20 C:\\Users\\User\\OneDrive\\Documents\\Albert\\Appointment-Booking-System-master\\vendor\\laravel\\framework\\src\\Illuminate\\Session\\Store.php(88): Illuminate\\Session\\Store->loadSession()
#21 C:\\Users\\User\\OneDrive\\Documents\\Albert\\Appointment-Booking-System-master\\vendor\\laravel\\framework\\src\\Illuminate\\Session\\Middleware\\StartSession.php(146): Illuminate\\Session\\Store->start()
#22 C:\\Users\\User\\OneDrive\\Documents\\Albert\\Appointment-Booking-System-master\\vendor\\laravel\\framework\\src\\Illuminate\\Support\\helpers.php(399): Illuminate\\Session\\Middleware\\StartSession->Illuminate\\Session\\Middleware\\{closure}()
#23 C:\\Users\\User\\OneDrive\\Documents\\Albert\\Appointment-Booking-System-master\\vendor\\laravel\\framework\\src\\Illuminate\\Session\\Middleware\\StartSession.php(143): tap()
#24 C:\\Users\\User\\OneDrive\\Documents\\Albert\\Appointment-Booking-System-master\\vendor\\laravel\\framework\\src\\Illuminate\\Session\\Middleware\\StartSession.php(115): Illuminate\\Session\\Middleware\\StartSession->startSession()
#25 C:\\Users\\User\\OneDrive\\Documents\\Albert\\Appointment-Booking-System-master\\vendor\\laravel\\framework\\src\\Illuminate\\Session\\Middleware\\StartSession.php(63): Illuminate\\Session\\Middleware\\StartSession->handleStatefulRequest()
#26 C:\\Users\\User\\OneDrive\\Documents\\Albert\\Appointment-Booking-System-master\\vendor\\laravel\\framework\\src\\Illuminate\\Pipeline\\Pipeline.php(208): Illuminate\\Session\\Middleware\\StartSession->handle()
#27 C:\\Users\\User\\OneDrive\\Documents\\Albert\\Appointment-Booking-System-master\\vendor\\laravel\\framework\\src\\Illuminate\\Cookie\\Middleware\\AddQueuedCookiesToResponse.php(36): Illuminate\\Pipeline\\Pipeline->Illuminate\\Pipeline\\{closure}()
#28 C:\\Users\\User\\OneDrive\\Documents\\Albert\\Appointment-Booking-System-master\\vendor\\laravel\\framework\\src\\Illuminate\\Pipeline\\Pipeline.php(208): Illuminate\\Cookie\\Middleware\\AddQueuedCookiesToResponse->handle()
#29 C:\\Users\\User\\OneDrive\\Documents\\Albert\\Appointment-Booking-System-master\\vendor\\laravel\\framework\\src\\Illuminate\\Cookie\\Middleware\\EncryptCookies.php(74): Illuminate\\Pipeline\\Pipeline->Illuminate\\Pipeline\\{closure}()
#30 C:\\Users\\User\\OneDrive\\Documents\\Albert\\Appointment-Booking-System-master\\vendor\\laravel\\framework\\src\\Illuminate\\Pipeline\\Pipeline.php(208): Illuminate\\Cookie\\Middleware\\EncryptCookies->handle()
#31 C:\\Users\\User\\OneDrive\\Documents\\Albert\\Appointment-Booking-System-master\\vendor\\laravel\\framework\\src\\Illuminate\\Pipeline\\Pipeline.php(126): Illuminate\\Pipeline\\Pipeline->Illuminate\\Pipeline\\{closure}()
#32 C:\\Users\\User\\OneDrive\\Documents\\Albert\\Appointment-Booking-System-master\\vendor\\laravel\\framework\\src\\Illuminate\\Routing\\Router.php(807): Illuminate\\Pipeline\\Pipeline->then()
#33 C:\\Users\\User\\OneDrive\\Documents\\Albert\\Appointment-Booking-System-master\\vendor\\laravel\\framework\\src\\Illuminate\\Routing\\Router.php(786): Illuminate\\Routing\\Router->runRouteWithinStack()
#34 C:\\Users\\User\\OneDrive\\Documents\\Albert\\Appointment-Booking-System-master\\vendor\\laravel\\framework\\src\\Illuminate\\Routing\\Router.php(750): Illuminate\\Routing\\Router->runRoute()
#35 C:\\Users\\User\\OneDrive\\Documents\\Albert\\Appointment-Booking-System-master\\vendor\\laravel\\framework\\src\\Illuminate\\Routing\\Router.php(739): Illuminate\\Routing\\Router->dispatchToRoute()
#36 C:\\Users\\User\\OneDrive\\Documents\\Albert\\Appointment-Booking-System-master\\vendor\\laravel\\framework\\src\\Illuminate\\Foundation\\Http\\Kernel.php(200): Illuminate\\Routing\\Router->dispatch()
#37 C:\\Users\\User\\OneDrive\\Documents\\Albert\\Appointment-Booking-System-master\\vendor\\laravel\\framework\\src\\Illuminate\\Pipeline\\Pipeline.php(169): Illuminate\\Foundation\\Http\\Kernel->Illuminate\\Foundation\\Http\\{closure}()
#38 C:\\Users\\User\\OneDrive\\Documents\\Albert\\Appointment-Booking-System-master\\vendor\\laravel\\framework\\src\\Illuminate\\Foundation\\Http\\Middleware\\TransformsRequest.php(21): Illuminate\\Pipeline\\Pipeline->Illuminate\\Pipeline\\{closure}()
#39 C:\\Users\\User\\OneDrive\\Documents\\Albert\\Appointment-Booking-System-master\\vendor\\laravel\\framework\\src\\Illuminate\\Foundation\\Http\\Middleware\\ConvertEmptyStringsToNull.php(31): Illuminate\\Foundation\\Http\\Middleware\\TransformsRequest->handle()
#40 C:\\Users\\User\\OneDrive\\Documents\\Albert\\Appointment-Booking-System-master\\vendor\\laravel\\framework\\src\\Illuminate\\Pipeline\\Pipeline.php(208): Illuminate\\Foundation\\Http\\Middleware\\ConvertEmptyStringsToNull->handle()
#41 C:\\Users\\User\\OneDrive\\Documents\\Albert\\Appointment-Booking-System-master\\vendor\\laravel\\framework\\src\\Illuminate\\Foundation\\Http\\Middleware\\TransformsRequest.php(21): Illuminate\\Pipeline\\Pipeline->Illuminate\\Pipeline\\{closure}()
#42 C:\\Users\\User\\OneDrive\\Documents\\Albert\\Appointment-Booking-System-master\\vendor\\laravel\\framework\\src\\Illuminate\\Foundation\\Http\\Middleware\\TrimStrings.php(51): Illuminate\\Foundation\\Http\\Middleware\\TransformsRequest->handle()
#43 C:\\Users\\User\\OneDrive\\Documents\\Albert\\Appointment-Booking-System-master\\vendor\\laravel\\framework\\src\\Illuminate\\Pipeline\\Pipeline.php(208): Illuminate\\Foundation\\Http\\Middleware\\TrimStrings->handle()
#44 C:\\Users\\User\\OneDrive\\Documents\\Albert\\Appointment-Booking-System-master\\vendor\\laravel\\framework\\src\\Illuminate\\Http\\Middleware\\ValidatePostSize.php(27): Illuminate\\Pipeline\\Pipeline->Illuminate\\Pipeline\\{closure}()
#45 C:\\Users\\User\\OneDrive\\Documents\\Albert\\Appointment-Booking-System-master\\vendor\\laravel\\framework\\src\\Illuminate\\Pipeline\\Pipeline.php(208): Illuminate\\Http\\Middleware\\ValidatePostSize->handle()
#46 C:\\Users\\User\\OneDrive\\Documents\\Albert\\Appointment-Booking-System-master\\vendor\\laravel\\framework\\src\\Illuminate\\Foundation\\Http\\Middleware\\PreventRequestsDuringMaintenance.php(109): Illuminate\\Pipeline\\Pipeline->Illuminate\\Pipeline\\{closure}()
#47 C:\\Users\\User\\OneDrive\\Documents\\Albert\\Appointment-Booking-System-master\\vendor\\laravel\\framework\\src\\Illuminate\\Pipeline\\Pipeline.php(208): Illuminate\\Foundation\\Http\\Middleware\\PreventRequestsDuringMaintenance->handle()
#48 C:\\Users\\User\\OneDrive\\Documents\\Albert\\Appointment-Booking-System-master\\vendor\\laravel\\framework\\src\\Illuminate\\Http\\Middleware\\HandleCors.php(48): Illuminate\\Pipeline\\Pipeline->Illuminate\\Pipeline\\{closure}()
#49 C:\\Users\\User\\OneDrive\\Documents\\Albert\\Appointment-Booking-System-master\\vendor\\laravel\\framework\\src\\Illuminate\\Pipeline\\Pipeline.php(208): Illuminate\\Http\\Middleware\\HandleCors->handle()
#50 C:\\Users\\User\\OneDrive\\Documents\\Albert\\Appointment-Booking-System-master\\vendor\\laravel\\framework\\src\\Illuminate\\Http\\Middleware\\TrustProxies.php(58): Illuminate\\Pipeline\\Pipeline->Illuminate\\Pipeline\\{closure}()
#51 C:\\Users\\User\\OneDrive\\Documents\\Albert\\Appointment-Booking-System-master\\vendor\\laravel\\framework\\src\\Illuminate\\Pipeline\\Pipeline.php(208): Illuminate\\Http\\Middleware\\TrustProxies->handle()
#52 C:\\Users\\User\\OneDrive\\Documents\\Albert\\Appointment-Booking-System-master\\vendor\\laravel\\framework\\src\\Illuminate\\Foundation\\Http\\Middleware\\InvokeDeferredCallbacks.php(22): Illuminate\\Pipeline\\Pipeline->Illuminate\\Pipeline\\{closure}()
#53 C:\\Users\\User\\OneDrive\\Documents\\Albert\\Appointment-Booking-System-master\\vendor\\laravel\\framework\\src\\Illuminate\\Pipeline\\Pipeline.php(208): Illuminate\\Foundation\\Http\\Middleware\\InvokeDeferredCallbacks->handle()
#54 C:\\Users\\User\\OneDrive\\Documents\\Albert\\Appointment-Booking-System-master\\vendor\\laravel\\framework\\src\\Illuminate\\Http\\Middleware\\ValidatePathEncoding.php(26): Illuminate\\Pipeline\\Pipeline->Illuminate\\Pipeline\\{closure}()
#55 C:\\Users\\User\\OneDrive\\Documents\\Albert\\Appointment-Booking-System-master\\vendor\\laravel\\framework\\src\\Illuminate\\Pipeline\\Pipeline.php(208): Illuminate\\Http\\Middleware\\ValidatePathEncoding->handle()
#56 C:\\Users\\User\\OneDrive\\Documents\\Albert\\Appointment-Booking-System-master\\vendor\\laravel\\framework\\src\\Illuminate\\Pipeline\\Pipeline.php(126): Illuminate\\Pipeline\\Pipeline->Illuminate\\Pipeline\\{closure}()
#57 C:\\Users\\User\\OneDrive\\Documents\\Albert\\Appointment-Booking-System-master\\vendor\\laravel\\framework\\src\\Illuminate\\Foundation\\Http\\Kernel.php(175): Illuminate\\Pipeline\\Pipeline->then()
#58 C:\\Users\\User\\OneDrive\\Documents\\Albert\\Appointment-Booking-System-master\\vendor\\laravel\\framework\\src\\Illuminate\\Foundation\\Http\\Kernel.php(144): Illuminate\\Foundation\\Http\\Kernel->sendRequestThroughRouter()
#59 C:\\Users\\User\\OneDrive\\Documents\\Albert\\Appointment-Booking-System-master\\vendor\\laravel\\framework\\src\\Illuminate\\Foundation\\Application.php(1219): Illuminate\\Foundation\\Http\\Kernel->handle()
#60 C:\\Users\\User\\OneDrive\\Documents\\Albert\\Appointment-Booking-System-master\\public\\index.php(20): Illuminate\\Foundation\\Application->handleRequest()
#61 C:\\Users\\User\\OneDrive\\Documents\\Albert\\Appointment-Booking-System-master\\vendor\\laravel\\framework\\src\\Illuminate\\Foundation\\resources\\server.php(23): require_once('...')
#62 {main}
"} 
[2026-05-28 08:51:46] local.ERROR: SQLSTATE[HY000] [2002] No connection could be made because the target machine actively refused it (Connection: mysql, Host: 127.0.0.1, Port: 3306, Database: hospital_db, SQL: select * from `sessions` where `id` = YsC2GH9rfVt13VWIBCIGI0BJtfP0cFDPbbNs6GVd limit 1) {"exception":"[object] (Illuminate\\Database\\QueryException(code: 2002): SQLSTATE[HY000] [2002] No connection could be made because the target machine actively refused it (Connection: mysql, Host: 127.0.0.1, Port: 3306, Database: hospital_db, SQL: select * from `sessions` where `id` = YsC2GH9rfVt13VWIBCIGI0BJtfP0cFDPbbNs6GVd limit 1) at C:/Users/User/OneDrive/Documents/Albert/Testing-Implementasi/vendor/laravel/framework/src/Illuminate/Database/Connection.php:838)
[stacktrace]
#0 C:/Users/User/OneDrive/Documents/Albert/Testing-Implementasi/vendor/laravel/framework/src/Illuminate/Database/Connection.php(999): Illuminate/Database/Connection->runQueryCallback('select * from `...', Array, Object(Closure))
#1 C:/Users/User/OneDrive/Documents/Albert/Testing-Implementasi/vendor/laravel/framework/src/Illuminate/Database/Connection.php(978): Illuminate/Database/Connection->tryAgainIfCausedByLostConnection(Object(Illuminate/Database/QueryException), 'select * from `...', Array, Object(Closure))
#2 C:/Users/User/OneDrive/Documents/Albert/Testing-Implementasi/vendor/laravel/framework/src/Illuminate/Database/Connection.php(796): Illuminate/Database/Connection->handleQueryException(Object(Illuminate/Database/QueryException), 'select * from `...', Array, Object(Closure))
#3 C:/Users/User/OneDrive/Documents/Albert/Testing-Implementasi/vendor/laravel/framework/src/Illuminate/Database/Connection.php(411): Illuminate/Database/Connection->run('select * from `...', Array, Object(Closure))
#4 C:/Users/User/OneDrive/Documents/Albert/Testing-Implementasi/vendor/laravel/framework/src/Illuminate/Database/Query/Builder.php(3505): Illuminate/Database/Connection->select('select * from `...', Array, false)
#5 C:/Users/User/OneDrive/Documents/Albert/Testing-Implementasi/vendor/laravel/framework/src/Illuminate/Database/Query/Builder.php(3490): Illuminate/Database/Query/Builder->runSelect()
#6 C:/Users/User/OneDrive/Documents/Albert/Testing-Implementasi/vendor/laravel/framework/src/Illuminate/Database/Query/Builder.php(4080): Illuminate/Database/Query/Builder->{closure:Illuminate/Database/Query/Builder::get():3489}()
#7 C:/Users/User/OneDrive/Documents/Albert/Testing-Implementasi/vendor/laravel/framework/src/Illuminate/Database/Query/Builder.php(3489): Illuminate/Database/Query/Builder->onceWithColumns(Array, Object(Closure))
#8 C:/Users/User/OneDrive/Documents/Albert/Testing-Implementasi/vendor/laravel/framework/src/Illuminate/Database/Concerns/BuildsQueries.php(366): Illuminate/Database/Query/Builder->get(Array)
#9 C:/Users/User/OneDrive/Documents/Albert/Testing-Implementasi/vendor/laravel/framework/src/Illuminate/Database/Query/Builder.php(3412): Illuminate/Database/Query/Builder->first(Array)
#10 C:/Users/User/OneDrive/Documents/Albert/Testing-Implementasi/vendor/laravel/framework/src/Illuminate/Session/DatabaseSessionHandler.php(96): Illuminate/Database/Query/Builder->find('YsC2GH9rfVt13VW...')
#11 C:/Users/User/OneDrive/Documents/Albert/Testing-Implementasi/vendor/laravel/framework/src/Illuminate/Session/Store.php(128): Illuminate/Session/DatabaseSessionHandler->read('YsC2GH9rfVt13VW...')
#12 C:/Users/User/OneDrive/Documents/Albert/Testing-Implementasi/vendor/laravel/framework/src/Illuminate/Session/Store.php(116): Illuminate/Session/Store->readFromHandler()
#13 C:/Users/User/OneDrive/Documents/Albert/Testing-Implementasi/vendor/laravel/framework/src/Illuminate/Session/Store.php(100): Illuminate/Session/Store->loadSession()
#14 C:/Users/User/OneDrive/Documents/Albert/Testing-Implementasi/vendor/laravel/framework/src/Illuminate/Session/Middleware/StartSession.php(146): Illuminate/Session/Store->start()
#15 C:/Users/User/OneDrive/Documents/Albert/Testing-Implementasi/vendor/laravel/framework/src/Illuminate/Support/helpers.php(393): Illuminate/Session/Middleware/StartSession->{closure:Illuminate/Session/Middleware/StartSession::startSession():143}(Object(Illuminate/Session/Store))
#16 C:/Users/User/OneDrive/Documents/Albert/Testing-Implementasi/vendor/laravel/framework/src/Illuminate/Session/Middleware/StartSession.php(143): tap(Object(Illuminate/Session/Store), Object(Closure))
#17 C:/Users/User/OneDrive/Documents/Albert/Testing-Implementasi/vendor/laravel/framework/src/Illuminate/Session/Middleware/StartSession.php(115): Illuminate/Session/Middleware/StartSession->startSession(Object(Illuminate/Http/Request), Object(Illuminate/Session/Store))
#18 C:/Users/User/OneDrive/Documents/Albert/Testing-Implementasi/vendor/laravel/framework/src/Illuminate/Session/Middleware/StartSession.php(63): Illuminate/Session/Middleware/StartSession->handleStatefulRequest(Object(Illuminate/Http/Request), Object(Illuminate/Session/Store), Object(Closure))
#19 C:/Users/User/OneDrive/Documents/Albert/Testing-Implementasi/vendor/laravel/framework/src/Illuminate/Pipeline/Pipeline.php(219): Illuminate/Session/Middleware/StartSession->handle(Object(Illuminate/Http/Request), Object(Closure))
#20 C:/Users/User/OneDrive/Documents/Albert/Testing-Implementasi/vendor/laravel/framework/src/Illuminate/Cookie/Middleware/AddQueuedCookiesToResponse.php(36): Illuminate/Pipeline/Pipeline->{closure:{closure:Illuminate/Pipeline/Pipeline::carry():194}:195}(Object(Illuminate/Http/Request))
#21 C:/Users/User/OneDrive/Documents/Albert/Testing-Implementasi/vendor/laravel/framework/src/Illuminate/Pipeline/Pipeline.php(219): Illuminate/Cookie/Middleware/AddQueuedCookiesToResponse->handle(Object(Illuminate/Http/Request), Object(Closure))
#22 C:/Users/User/OneDrive/Documents/Albert/Testing-Implementasi/vendor/laravel/framework/src/Illuminate/Cookie/Middleware/EncryptCookies.php(74): Illuminate/Pipeline/Pipeline->{closure:{closure:Illuminate/Pipeline/Pipeline::carry():194}:195}(Object(Illuminate/Http/Request))
#23 C:/Users/User/OneDrive/Documents/Albert/Testing-Implementasi/vendor/laravel/framework/src/Illuminate/Pipeline/Pipeline.php(219): Illuminate/Cookie/Middleware/EncryptCookies->handle(Object(Illuminate/Http/Request), Object(Closure))
#24 C:/Users/User/OneDrive/Documents/Albert/Testing-Implementasi/vendor/laravel/framework/src/Illuminate/Pipeline/Pipeline.php(137): Illuminate/Pipeline/Pipeline->{closure:{closure:Illuminate/Pipeline/Pipeline::carry():194}:195}(Object(Illuminate/Http/Request))
#25 C:/Users/User/OneDrive/Documents/Albert/Testing-Implementasi/vendor/laravel/framework/src/Illuminate/Routing/Router.php(821): Illuminate/Pipeline/Pipeline->then(Object(Closure))
#26 C:/Users/User/OneDrive/Documents/Albert/Testing-Implementasi/vendor/laravel/framework/src/Illuminate/Routing/Router.php(800): Illuminate/Routing/Router->runRouteWithinStack(Object(Illuminate/Routing/Route), Object(Illuminate/Http/Request))
#27 C:/Users/User/OneDrive/Documents/Albert/Testing-Implementasi/vendor/laravel/framework/src/Illuminate/Routing/Router.php(764): Illuminate/Routing/Router->runRoute(Object(Illuminate/Http/Request), Object(Illuminate/Routing/Route))
#28 C:/Users/User/OneDrive/Documents/Albert/Testing-Implementasi/vendor/laravel/framework/src/Illuminate/Routing/Router.php(753): Illuminate/Routing/Router->dispatchToRoute(Object(Illuminate/Http/Request))
#29 C:/Users/User/OneDrive/Documents/Albert/Testing-Implementasi/vendor/laravel/framework/src/Illuminate/Foundation/Http/Kernel.php(200): Illuminate/Routing/Router->dispatch(Object(Illuminate/Http/Request))
#30 C:/Users/User/OneDrive/Documents/Albert/Testing-Implementasi/vendor/laravel/framework/src/Illuminate/Pipeline/Pipeline.php(180): Illuminate/Foundation/Http/Kernel->{closure:Illuminate/Foundation/Http/Kernel::dispatchToRouter():197}(Object(Illuminate/Http/Request))
#31 C:/Users/User/OneDrive/Documents/Albert/Testing-Implementasi/vendor/laravel/framework/src/Illuminate/Foundation/Http/Middleware/TransformsRequest.php(21): Illuminate/Pipeline/Pipeline->{closure:Illuminate/Pipeline/Pipeline::prepareDestination():178}(Object(Illuminate/Http/Request))
#32 C:/Users/User/OneDrive/Documents/Albert/Testing-Implementasi/vendor/laravel/framework/src/Illuminate/Foundation/Http/Middleware/ConvertEmptyStringsToNull.php(31): Illuminate/Foundation/Http/Middleware/TransformsRequest->handle(Object(Illuminate/Http/Request), Object(Closure))
#33 C:/Users/User/OneDrive/Documents/Albert/Testing-Implementasi/vendor/laravel/framework/src/Illuminate/Pipeline/Pipeline.php(219): Illuminate/Foundation/Http/Middleware/ConvertEmptyStringsToNull->handle(Object(Illuminate/Http/Request), Object(Closure))
#34 C:/Users/User/OneDrive/Documents/Albert/Testing-Implementasi/vendor/laravel/framework/src/Illuminate/Foundation/Http/Middleware/TransformsRequest.php(21): Illuminate/Pipeline/Pipeline->{closure:{closure:Illuminate/Pipeline/Pipeline::carry():194}:195}(Object(Illuminate/Http/Request))
#35 C:/Users/User/OneDrive/Documents/Albert/Testing-Implementasi/vendor/laravel/framework/src/Illuminate/Foundation/Http/Middleware/TrimStrings.php(51): Illuminate/Foundation/Http/Middleware/TransformsRequest->handle(Object(Illuminate/Http/Request), Object(Closure))
#36 C:/Users/User/OneDrive/Documents/Albert/Testing-Implementasi/vendor/laravel/framework/src/Illuminate/Pipeline/Pipeline.php(219): Illuminate/Foundation/Http/Middleware/TrimStrings->handle(Object(Illuminate/Http/Request), Object(Closure))
#37 C:/Users/User/OneDrive/Documents/Albert/Testing-Implementasi/vendor/laravel/framework/src/Illuminate/Http/Middleware/ValidatePostSize.php(27): Illuminate/Pipeline/Pipeline->{closure:{closure:Illuminate/Pipeline/Pipeline::carry():194}:195}(Object(Illuminate/Http/Request))
#38 C:/Users/User/OneDrive/Documents/Albert/Testing-Implementasi/vendor/laravel/framework/src/Illuminate/Pipeline/Pipeline.php(219): Illuminate/Http/Middleware/ValidatePostSize->handle(Object(Illuminate/Http/Request), Object(Closure))
#39 C:/Users/User/OneDrive/Documents/Albert/Testing-Implementasi/vendor/laravel/framework/src/Illuminate/Foundation/Http/Middleware/PreventRequestsDuringMaintenance.php(109): Illuminate/Pipeline/Pipeline->{closure:{closure:Illuminate/Pipeline/Pipeline::carry():194}:195}(Object(Illuminate/Http/Request))
#40 C:/Users/User/OneDrive/Documents/Albert/Testing-Implementasi/vendor/laravel/framework/src/Illuminate/Pipeline/Pipeline.php(219): Illuminate/Foundation/Http/Middleware/PreventRequestsDuringMaintenance->handle(Object(Illuminate/Http/Request), Object(Closure))
#41 C:/Users/User/OneDrive/Documents/Albert/Testing-Implementasi/vendor/laravel/framework/src/Illuminate/Http/Middleware/HandleCors.php(61): Illuminate/Pipeline/Pipeline->{closure:{closure:Illuminate/Pipeline/Pipeline::carry():194}:195}(Object(Illuminate/Http/Request))
#42 C:/Users/User/OneDrive/Documents/Albert/Testing-Implementasi/vendor/laravel/framework/src/Illuminate/Pipeline/Pipeline.php(219): Illuminate/Http/Middleware/HandleCors->handle(Object(Illuminate/Http/Request), Object(Closure))
#43 C:/Users/User/OneDrive/Documents/Albert/Testing-Implementasi/vendor/laravel/framework/src/Illuminate/Http/Middleware/TrustProxies.php(58): Illuminate/Pipeline/Pipeline->{closure:{closure:Illuminate/Pipeline/Pipeline::carry():194}:195}(Object(Illuminate/Http/Request))
#44 C:/Users/User/OneDrive/Documents/Albert/Testing-Implementasi/vendor/laravel/framework/src/Illuminate/Pipeline/Pipeline.php(219): Illuminate/Http/Middleware/TrustProxies->handle(Object(Illuminate/Http/Request), Object(Closure))
#45 C:/Users/User/OneDrive/Documents/Albert/Testing-Implementasi/vendor/laravel/framework/src/Illuminate/Foundation/Http/Middleware/InvokeDeferredCallbacks.php(22): Illuminate/Pipeline/Pipeline->{closure:{closure:Illuminate/Pipeline/Pipeline::carry():194}:195}(Object(Illuminate/Http/Request))
#46 C:/Users/User/OneDrive/Documents/Albert/Testing-Implementasi/vendor/laravel/framework/src/Illuminate/Pipeline/Pipeline.php(219): Illuminate/Foundation/Http/Middleware/InvokeDeferredCallbacks->handle(Object(Illuminate/Http/Request), Object(Closure))
#47 C:/Users/User/OneDrive/Documents/Albert/Testing-Implementasi/vendor/laravel/framework/src/Illuminate/Http/Middleware/ValidatePathEncoding.php(26): Illuminate/Pipeline/Pipeline->{closure:{closure:Illuminate/Pipeline/Pipeline::carry():194}:195}(Object(Illuminate/Http/Request))
#48 C:/Users/User/OneDrive/Documents/Albert/Testing-Implementasi/vendor/laravel/framework/src/Illuminate/Pipeline/Pipeline.php(219): Illuminate/Http/Middleware/ValidatePathEncoding->handle(Object(Illuminate/Http/Request), Object(Closure))
#49 C:/Users/User/OneDrive/Documents/Albert/Testing-Implementasi/vendor/laravel/framework/src/Illuminate/Pipeline/Pipeline.php(137): Illuminate/Pipeline/Pipeline->{closure:{closure:Illuminate/Pipeline/Pipeline::carry():194}:195}(Object(Illuminate/Http/Request))
#50 C:/Users/User/OneDrive/Documents/Albert/Testing-Implementasi/vendor/laravel/framework/src/Illuminate/Foundation/Http/Kernel.php(175): Illuminate/Pipeline/Pipeline->then(Object(Closure))
#51 C:/Users/User/OneDrive/Documents/Albert/Testing-Implementasi/vendor/laravel/framework/src/Illuminate/Foundation/Http/Kernel.php(144): Illuminate/Foundation/Http/Kernel->sendRequestThroughRouter(Object(Illuminate/Http/Request))
#52 C:/Users/User/OneDrive/Documents/Albert/Testing-Implementasi/vendor/laravel/framework/src/Illuminate/Foundation/Application.php(1220): Illuminate/Foundation/Http/Kernel->handle(Object(Illuminate/Http/Request))
#53 C:/Users/User/OneDrive/Documents/Albert/Testing-Implementasi/public/index.php(20): Illuminate/Foundation/Application->handleRequest(Object(Illuminate/Http/Request))
#54 C:/Users/User/OneDrive/Documents/Albert/Testing-Implementasi/vendor/laravel/framework/src/Illuminate/Foundation/resources/server.php(23): require_once('C://Users//User//O...')
#55 {main}

[previous exception] [object] (PDOException(code: 2002): SQLSTATE[HY000] [2002] No connection could be made because the target machine actively refused it at C:/Users/User/OneDrive/Documents/Albert/Testing-Implementasi/vendor/laravel/framework/src/Illuminate/Database/Connectors/Connector.php:67)
[stacktrace]
#0 C:/Users/User/OneDrive/Documents/Albert/Testing-Implementasi/vendor/laravel/framework/src/Illuminate/Database/Connectors/Connector.php(67): PDO::connect('mysql:host=127....', 'root', Object(SensitiveParameterValue), Array)
#1 C:/Users/User/OneDrive/Documents/Albert/Testing-Implementasi/vendor/laravel/framework/src/Illuminate/Database/Connectors/Connector.php(85): Illuminate/Database/Connectors/Connector->createPdoConnection('mysql:host=127....', 'root', Object(SensitiveParameterValue), Array)
#2 C:/Users/User/OneDrive/Documents/Albert/Testing-Implementasi/vendor/laravel/framework/src/Illuminate/Database/Connectors/Connector.php(48): Illuminate/Database/Connectors/Connector->tryAgainIfCausedByLostConnection(Object(PDOException), 'mysql:host=127....', 'root', Object(SensitiveParameterValue), Array)
#3 C:/Users/User/OneDrive/Documents/Albert/Testing-Implementasi/vendor/laravel/framework/src/Illuminate/Database/Connectors/MySqlConnector.php(24): Illuminate/Database/Connectors/Connector->createConnection('mysql:host=127....', Array, Array)
#4 C:/Users/User/OneDrive/Documents/Albert/Testing-Implementasi/vendor/laravel/framework/src/Illuminate/Database/Connectors/ConnectionFactory.php(186): Illuminate/Database/Connectors/MySqlConnector->connect(Array)
#5 [internal function]: Illuminate/Database/Connectors/ConnectionFactory->{closure:Illuminate/Database/Connectors/ConnectionFactory::createPdoResolverWithHosts():181}()
#6 C:/Users/User/OneDrive/Documents/Albert/Testing-Implementasi/vendor/laravel/framework/src/Illuminate/Database/Connection.php(1257): call_user_func(Object(Closure))
#7 C:/Users/User/OneDrive/Documents/Albert/Testing-Implementasi/vendor/laravel/framework/src/Illuminate/Database/Connection.php(525): Illuminate/Database/Connection->getPdo()
#8 C:/Users/User/OneDrive/Documents/Albert/Testing-Implementasi/vendor/laravel/framework/src/Illuminate/Database/Connection.php(420): Illuminate/Database/Connection->getPdoForSelect(false)
#9 C:/Users/User/OneDrive/Documents/Albert/Testing-Implementasi/vendor/laravel/framework/src/Illuminate/Database/Connection.php(827): Illuminate/Database/Connection->{closure:Illuminate/Database/Connection::select():411}('select * from `...', Array)
#10 C:/Users/User/OneDrive/Documents/Albert/Testing-Implementasi/vendor/laravel/framework/src/Illuminate/Database/Connection.php(999): Illuminate/Database/Connection->runQueryCallback('select * from `...', Array, Object(Closure))
#11 C:/Users/User/OneDrive/Documents/Albert/Testing-Implementasi/vendor/laravel/framework/src/Illuminate/Database/Connection.php(978): Illuminate/Database/Connection->tryAgainIfCausedByLostConnection(Object(Illuminate/Database/QueryException), 'select * from `...', Array, Object(Closure))
#12 C:/Users/User/OneDrive/Documents/Albert/Testing-Implementasi/vendor/laravel/framework/src/Illuminate/Database/Connection.php(796): Illuminate/Database/Connection->handleQueryException(Object(Illuminate/Database/QueryException), 'select * from `...', Array, Object(Closure))
#13 C:/Users/User/OneDrive/Documents/Albert/Testing-Implementasi/vendor/laravel/framework/src/Illuminate/Database/Connection.php(411): Illuminate/Database/Connection->run('select * from `...', Array, Object(Closure))
#14 C:/Users/User/OneDrive/Documents/Albert/Testing-Implementasi/vendor/laravel/framework/src/Illuminate/Database/Query/Builder.php(3505): Illuminate/Database/Connection->select('select * from `...', Array, false)
#15 C:/Users/User/OneDrive/Documents/Albert/Testing-Implementasi/vendor/laravel/framework/src/Illuminate/Database/Query/Builder.php(3490): Illuminate/Database/Query/Builder->runSelect()
#16 C:/Users/User/OneDrive/Documents/Albert/Testing-Implementasi/vendor/laravel/framework/src/Illuminate/Database/Query/Builder.php(4080): Illuminate/Database/Query/Builder->{closure:Illuminate/Database/Query/Builder::get():3489}()
#17 C:/Users/User/OneDrive/Documents/Albert/Testing-Implementasi/vendor/laravel/framework/src/Illuminate/Database/Query/Builder.php(3489): Illuminate/Database/Query/Builder->onceWithColumns(Array, Object(Closure))
#18 C:/Users/User/OneDrive/Documents/Albert/Testing-Implementasi/vendor/laravel/framework/src/Illuminate/Database/Concerns/BuildsQueries.php(366): Illuminate/Database/Query/Builder->get(Array)
#19 C:/Users/User/OneDrive/Documents/Albert/Testing-Implementasi/vendor/laravel/framework/src/Illuminate/Database/Query/Builder.php(3412): Illuminate/Database/Query/Builder->first(Array)
#20 C:/Users/User/OneDrive/Documents/Albert/Testing-Implementasi/vendor/laravel/framework/src/Illuminate/Session/DatabaseSessionHandler.php(96): Illuminate/Database/Query/Builder->find('YsC2GH9rfVt13VW...')
#21 C:/Users/User/OneDrive/Documents/Albert/Testing-Implementasi/vendor/laravel/framework/src/Illuminate/Session/Store.php(128): Illuminate/Session/DatabaseSessionHandler->read('YsC2GH9rfVt13VW...')
#22 C:/Users/User/OneDrive/Documents/Albert/Testing-Implementasi/vendor/laravel/framework/src/Illuminate/Session/Store.php(116): Illuminate/Session/Store->readFromHandler()
#23 C:/Users/User/OneDrive/Documents/Albert/Testing-Implementasi/vendor/laravel/framework/src/Illuminate/Session/Store.php(100): Illuminate/Session/Store->loadSession()
#24 C:/Users/User/OneDrive/Documents/Albert/Testing-Implementasi/vendor/laravel/framework/src/Illuminate/Session/Middleware/StartSession.php(146): Illuminate/Session/Store->start()
#25 C:/Users/User/OneDrive/Documents/Albert/Testing-Implementasi/vendor/laravel/framework/src/Illuminate/Support/helpers.php(393): Illuminate/Session/Middleware/StartSession->{closure:Illuminate/Session/Middleware/StartSession::startSession():143}(Object(Illuminate/Session/Store))
#26 C:/Users/User/OneDrive/Documents/Albert/Testing-Implementasi/vendor/laravel/framework/src/Illuminate/Session/Middleware/StartSession.php(143): tap(Object(Illuminate/Session/Store), Object(Closure))
#27 C:/Users/User/OneDrive/Documents/Albert/Testing-Implementasi/vendor/laravel/framework/src/Illuminate/Session/Middleware/StartSession.php(115): Illuminate/Session/Middleware/StartSession->startSession(Object(Illuminate/Http/Request), Object(Illuminate/Session/Store))
#28 C:/Users/User/OneDrive/Documents/Albert/Testing-Implementasi/vendor/laravel/framework/src/Illuminate/Session/Middleware/StartSession.php(63): Illuminate/Session/Middleware/StartSession->handleStatefulRequest(Object(Illuminate/Http/Request), Object(Illuminate/Session/Store), Object(Closure))
#29 C:/Users/User/OneDrive/Documents/Albert/Testing-Implementasi/vendor/laravel/framework/src/Illuminate/Pipeline/Pipeline.php(219): Illuminate/Session/Middleware/StartSession->handle(Object(Illuminate/Http/Request), Object(Closure))
#30 C:/Users/User/OneDrive/Documents/Albert/Testing-Implementasi/vendor/laravel/framework/src/Illuminate/Cookie/Middleware/AddQueuedCookiesToResponse.php(36): Illuminate/Pipeline/Pipeline->{closure:{closure:Illuminate/Pipeline/Pipeline::carry():194}:195}(Object(Illuminate/Http/Request))
#31 C:/Users/User/OneDrive/Documents/Albert/Testing-Implementasi/vendor/laravel/framework/src/Illuminate/Pipeline/Pipeline.php(219): Illuminate/Cookie/Middleware/AddQueuedCookiesToResponse->handle(Object(Illuminate/Http/Request), Object(Closure))
#32 C:/Users/User/OneDrive/Documents/Albert/Testing-Implementasi/vendor/laravel/framework/src/Illuminate/Cookie/Middleware/EncryptCookies.php(74): Illuminate/Pipeline/Pipeline->{closure:{closure:Illuminate/Pipeline/Pipeline::carry():194}:195}(Object(Illuminate/Http/Request))
#33 C:/Users/User/OneDrive/Documents/Albert/Testing-Implementasi/vendor/laravel/framework/src/Illuminate/Pipeline/Pipeline.php(219): Illuminate/Cookie/Middleware/EncryptCookies->handle(Object(Illuminate/Http/Request), Object(Closure))
#34 C:/Users/User/OneDrive/Documents/Albert/Testing-Implementasi/vendor/laravel/framework/src/Illuminate/Pipeline/Pipeline.php(137): Illuminate/Pipeline/Pipeline->{closure:{closure:Illuminate/Pipeline/Pipeline::carry():194}:195}(Object(Illuminate/Http/Request))
#35 C:/Users/User/OneDrive/Documents/Albert/Testing-Implementasi/vendor/laravel/framework/src/Illuminate/Routing/Router.php(821): Illuminate/Pipeline/Pipeline->then(Object(Closure))
#36 C:/Users/User/OneDrive/Documents/Albert/Testing-Implementasi/vendor/laravel/framework/src/Illuminate/Routing/Router.php(800): Illuminate/Routing/Router->runRouteWithinStack(Object(Illuminate/Routing/Route), Object(Illuminate/Http/Request))
#37 C:/Users/User/OneDrive/Documents/Albert/Testing-Implementasi/vendor/laravel/framework/src/Illuminate/Routing/Router.php(764): Illuminate/Routing/Router->runRoute(Object(Illuminate/Http/Request), Object(Illuminate/Routing/Route))
#38 C:/Users/User/OneDrive/Documents/Albert/Testing-Implementasi/vendor/laravel/framework/src/Illuminate/Routing/Router.php(753): Illuminate/Routing/Router->dispatchToRoute(Object(Illuminate/Http/Request))
#39 C:/Users/User/OneDrive/Documents/Albert/Testing-Implementasi/vendor/laravel/framework/src/Illuminate/Foundation/Http/Kernel.php(200): Illuminate/Routing/Router->dispatch(Object(Illuminate/Http/Request))
#40 C:/Users/User/OneDrive/Documents/Albert/Testing-Implementasi/vendor/laravel/framework/src/Illuminate/Pipeline/Pipeline.php(180): Illuminate/Foundation/Http/Kernel->{closure:Illuminate/Foundation/Http/Kernel::dispatchToRouter():197}(Object(Illuminate/Http/Request))
#41 C:/Users/User/OneDrive/Documents/Albert/Testing-Implementasi/vendor/laravel/framework/src/Illuminate/Foundation/Http/Middleware/TransformsRequest.php(21): Illuminate/Pipeline/Pipeline->{closure:Illuminate/Pipeline/Pipeline::prepareDestination():178}(Object(Illuminate/Http/Request))
#42 C:/Users/User/OneDrive/Documents/Albert/Testing-Implementasi/vendor/laravel/framework/src/Illuminate/Foundation/Http/Middleware/ConvertEmptyStringsToNull.php(31): Illuminate/Foundation/Http/Middleware/TransformsRequest->handle(Object(Illuminate/Http/Request), Object(Closure))
#43 C:/Users/User/OneDrive/Documents/Albert/Testing-Implementasi/vendor/laravel/framework/src/Illuminate/Pipeline/Pipeline.php(219): Illuminate/Foundation/Http/Middleware/ConvertEmptyStringsToNull->handle(Object(Illuminate/Http/Request), Object(Closure))
#44 C:/Users/User/OneDrive/Documents/Albert/Testing-Implementasi/vendor/laravel/framework/src/Illuminate/Foundation/Http/Middleware/TransformsRequest.php(21): Illuminate/Pipeline/Pipeline->{closure:{closure:Illuminate/Pipeline/Pipeline::carry():194}:195}(Object(Illuminate/Http/Request))
#45 C:/Users/User/OneDrive/Documents/Albert/Testing-Implementasi/vendor/laravel/framework/src/Illuminate/Foundation/Http/Middleware/TrimStrings.php(51): Illuminate/Foundation/Http/Middleware/TransformsRequest->handle(Object(Illuminate/Http/Request), Object(Closure))
#46 C:/Users/User/OneDrive/Documents/Albert/Testing-Implementasi/vendor/laravel/framework/src/Illuminate/Pipeline/Pipeline.php(219): Illuminate/Foundation/Http/Middleware/TrimStrings->handle(Object(Illuminate/Http/Request), Object(Closure))
#47 C:/Users/User/OneDrive/Documents/Albert/Testing-Implementasi/vendor/laravel/framework/src/Illuminate/Http/Middleware/ValidatePostSize.php(27): Illuminate/Pipeline/Pipeline->{closure:{closure:Illuminate/Pipeline/Pipeline::carry():194}:195}(Object(Illuminate/Http/Request))
#48 C:/Users/User/OneDrive/Documents/Albert/Testing-Implementasi/vendor/laravel/framework/src/Illuminate/Pipeline/Pipeline.php(219): Illuminate/Http/Middleware/ValidatePostSize->handle(Object(Illuminate/Http/Request), Object(Closure))
#49 C:/Users/User/OneDrive/Documents/Albert/Testing-Implementasi/vendor/laravel/framework/src/Illuminate/Foundation/Http/Middleware/PreventRequestsDuringMaintenance.php(109): Illuminate/Pipeline/Pipeline->{closure:{closure:Illuminate/Pipeline/Pipeline::carry():194}:195}(Object(Illuminate/Http/Request))
#50 C:/Users/User/OneDrive/Documents/Albert/Testing-Implementasi/vendor/laravel/framework/src/Illuminate/Pipeline/Pipeline.php(219): Illuminate/Foundation/Http/Middleware/PreventRequestsDuringMaintenance->handle(Object(Illuminate/Http/Request), Object(Closure))
#51 C:/Users/User/OneDrive/Documents/Albert/Testing-Implementasi/vendor/laravel/framework/src/Illuminate/Http/Middleware/HandleCors.php(61): Illuminate/Pipeline/Pipeline->{closure:{closure:Illuminate/Pipeline/Pipeline::carry():194}:195}(Object(Illuminate/Http/Request))
#52 C:/Users/User/OneDrive/Documents/Albert/Testing-Implementasi/vendor/laravel/framework/src/Illuminate/Pipeline/Pipeline.php(219): Illuminate/Http/Middleware/HandleCors->handle(Object(Illuminate/Http/Request), Object(Closure))
#53 C:/Users/User/OneDrive/Documents/Albert/Testing-Implementasi/vendor/laravel/framework/src/Illuminate/Http/Middleware/TrustProxies.php(58): Illuminate/Pipeline/Pipeline->{closure:{closure:Illuminate/Pipeline/Pipeline::carry():194}:195}(Object(Illuminate/Http/Request))
#54 C:/Users/User/OneDrive/Documents/Albert/Testing-Implementasi/vendor/laravel/framework/src/Illuminate/Pipeline/Pipeline.php(219): Illuminate/Http/Middleware/TrustProxies->handle(Object(Illuminate/Http/Request), Object(Closure))
#55 C:/Users/User/OneDrive/Documents/Albert/Testing-Implementasi/vendor/laravel/framework/src/Illuminate/Foundation/Http/Middleware/InvokeDeferredCallbacks.php(22): Illuminate/Pipeline/Pipeline->{closure:{closure:Illuminate/Pipeline/Pipeline::carry():194}:195}(Object(Illuminate/Http/Request))
#56 C:/Users/User/OneDrive/Documents/Albert/Testing-Implementasi/vendor/laravel/framework/src/Illuminate/Pipeline/Pipeline.php(219): Illuminate/Foundation/Http/Middleware/InvokeDeferredCallbacks->handle(Object(Illuminate/Http/Request), Object(Closure))
#57 C:/Users/User/OneDrive/Documents/Albert/Testing-Implementasi/vendor/laravel/framework/src/Illuminate/Http/Middleware/ValidatePathEncoding.php(26): Illuminate/Pipeline/Pipeline->{closure:{closure:Illuminate/Pipeline/Pipeline::carry():194}:195}(Object(Illuminate/Http/Request))
#58 C:/Users/User/OneDrive/Documents/Albert/Testing-Implementasi/vendor/laravel/framework/src/Illuminate/Pipeline/Pipeline.php(219): Illuminate/Http/Middleware/ValidatePathEncoding->handle(Object(Illuminate/Http/Request), Object(Closure))
#59 C:/Users/User/OneDrive/Documents/Albert/Testing-Implementasi/vendor/laravel/framework/src/Illuminate/Pipeline/Pipeline.php(137): Illuminate/Pipeline/Pipeline->{closure:{closure:Illuminate/Pipeline/Pipeline::carry():194}:195}(Object(Illuminate/Http/Request))
#60 C:/Users/User/OneDrive/Documents/Albert/Testing-Implementasi/vendor/laravel/framework/src/Illuminate/Foundation/Http/Kernel.php(175): Illuminate/Pipeline/Pipeline->then(Object(Closure))
#61 C:/Users/User/OneDrive/Documents/Albert/Testing-Implementasi/vendor/laravel/framework/src/Illuminate/Foundation/Http/Kernel.php(144): Illuminate/Foundation/Http/Kernel->sendRequestThroughRouter(Object(Illuminate/Http/Request))
#62 C:/Users/User/OneDrive/Documents/Albert/Testing-Implementasi/vendor/laravel/framework/src/Illuminate/Foundation/Application.php(1220): Illuminate/Foundation/Http/Kernel->handle(Object(Illuminate/Http/Request))
#63 C:/Users/User/OneDrive/Documents/Albert/Testing-Implementasi/public/index.php(20): Illuminate/Foundation/Application->handleRequest(Object(Illuminate/Http/Request))
#64 C:/Users/User/OneDrive/Documents/Albert/Testing-Implementasi/vendor/laravel/framework/src/Illuminate/Foundation/resources/server.php(23): require_once('C://Users//User//O...')
#65 {main}
"} 
[2026-05-28 08:52:06] local.ERROR: SQLSTATE[HY000] [2002] No connection could be made because the target machine actively refused it (Connection: mysql, Host: 127.0.0.1, Port: 3306, Database: hospital_db, SQL: select * from `sessions` where `id` = MgiHNfCAwmdd0PNqXNrCzNMBOpFqVeqSLEgCXhiz limit 1) {"exception":"[object] (Illuminate\\Database\\QueryException(code: 2002): SQLSTATE[HY000] [2002] No connection could be made because the target machine actively refused it (Connection: mysql, Host: 127.0.0.1, Port: 3306, Database: hospital_db, SQL: select * from `sessions` where `id` = MgiHNfCAwmdd0PNqXNrCzNMBOpFqVeqSLEgCXhiz limit 1) at C:/Users/User/OneDrive/Documents/Albert/Testing-Implementasi/vendor/laravel/framework/src/Illuminate/Database/Connection.php:838)
[stacktrace]
#0 C:/Users/User/OneDrive/Documents/Albert/Testing-Implementasi/vendor/laravel/framework/src/Illuminate/Database/Connection.php(999): Illuminate/Database/Connection->runQueryCallback('select * from `...', Array, Object(Closure))
#1 C:/Users/User/OneDrive/Documents/Albert/Testing-Implementasi/vendor/laravel/framework/src/Illuminate/Database/Connection.php(978): Illuminate/Database/Connection->tryAgainIfCausedByLostConnection(Object(Illuminate/Database/QueryException), 'select * from `...', Array, Object(Closure))
#2 C:/Users/User/OneDrive/Documents/Albert/Testing-Implementasi/vendor/laravel/framework/src/Illuminate/Database/Connection.php(796): Illuminate/Database/Connection->handleQueryException(Object(Illuminate/Database/QueryException), 'select * from `...', Array, Object(Closure))
#3 C:/Users/User/OneDrive/Documents/Albert/Testing-Implementasi/vendor/laravel/framework/src/Illuminate/Database/Connection.php(411): Illuminate/Database/Connection->run('select * from `...', Array, Object(Closure))
#4 C:/Users/User/OneDrive/Documents/Albert/Testing-Implementasi/vendor/laravel/framework/src/Illuminate/Database/Query/Builder.php(3505): Illuminate/Database/Connection->select('select * from `...', Array, false)
#5 C:/Users/User/OneDrive/Documents/Albert/Testing-Implementasi/vendor/laravel/framework/src/Illuminate/Database/Query/Builder.php(3490): Illuminate/Database/Query/Builder->runSelect()
#6 C:/Users/User/OneDrive/Documents/Albert/Testing-Implementasi/vendor/laravel/framework/src/Illuminate/Database/Query/Builder.php(4080): Illuminate/Database/Query/Builder->{closure:Illuminate/Database/Query/Builder::get():3489}()
#7 C:/Users/User/OneDrive/Documents/Albert/Testing-Implementasi/vendor/laravel/framework/src/Illuminate/Database/Query/Builder.php(3489): Illuminate/Database/Query/Builder->onceWithColumns(Array, Object(Closure))
#8 C:/Users/User/OneDrive/Documents/Albert/Testing-Implementasi/vendor/laravel/framework/src/Illuminate/Database/Concerns/BuildsQueries.php(366): Illuminate/Database/Query/Builder->get(Array)
#9 C:/Users/User/OneDrive/Documents/Albert/Testing-Implementasi/vendor/laravel/framework/src/Illuminate/Database/Query/Builder.php(3412): Illuminate/Database/Query/Builder->first(Array)
#10 C:/Users/User/OneDrive/Documents/Albert/Testing-Implementasi/vendor/laravel/framework/src/Illuminate/Session/DatabaseSessionHandler.php(96): Illuminate/Database/Query/Builder->find('MgiHNfCAwmdd0PN...')
#11 C:/Users/User/OneDrive/Documents/Albert/Testing-Implementasi/vendor/laravel/framework/src/Illuminate/Session/Store.php(128): Illuminate/Session/DatabaseSessionHandler->read('MgiHNfCAwmdd0PN...')
#12 C:/Users/User/OneDrive/Documents/Albert/Testing-Implementasi/vendor/laravel/framework/src/Illuminate/Session/Store.php(116): Illuminate/Session/Store->readFromHandler()
#13 C:/Users/User/OneDrive/Documents/Albert/Testing-Implementasi/vendor/laravel/framework/src/Illuminate/Session/Store.php(100): Illuminate/Session/Store->loadSession()
#14 C:/Users/User/OneDrive/Documents/Albert/Testing-Implementasi/vendor/laravel/framework/src/Illuminate/Session/Middleware/StartSession.php(146): Illuminate/Session/Store->start()
#15 C:/Users/User/OneDrive/Documents/Albert/Testing-Implementasi/vendor/laravel/framework/src/Illuminate/Support/helpers.php(393): Illuminate/Session/Middleware/StartSession->{closure:Illuminate/Session/Middleware/StartSession::startSession():143}(Object(Illuminate/Session/Store))
#16 C:/Users/User/OneDrive/Documents/Albert/Testing-Implementasi/vendor/laravel/framework/src/Illuminate/Session/Middleware/StartSession.php(143): tap(Object(Illuminate/Session/Store), Object(Closure))
#17 C:/Users/User/OneDrive/Documents/Albert/Testing-Implementasi/vendor/laravel/framework/src/Illuminate/Session/Middleware/StartSession.php(115): Illuminate/Session/Middleware/StartSession->startSession(Object(Illuminate/Http/Request), Object(Illuminate/Session/Store))
#18 C:/Users/User/OneDrive/Documents/Albert/Testing-Implementasi/vendor/laravel/framework/src/Illuminate/Session/Middleware/StartSession.php(63): Illuminate/Session/Middleware/StartSession->handleStatefulRequest(Object(Illuminate/Http/Request), Object(Illuminate/Session/Store), Object(Closure))
#19 C:/Users/User/OneDrive/Documents/Albert/Testing-Implementasi/vendor/laravel/framework/src/Illuminate/Pipeline/Pipeline.php(219): Illuminate/Session/Middleware/StartSession->handle(Object(Illuminate/Http/Request), Object(Closure))
#20 C:/Users/User/OneDrive/Documents/Albert/Testing-Implementasi/vendor/laravel/framework/src/Illuminate/Cookie/Middleware/AddQueuedCookiesToResponse.php(36): Illuminate/Pipeline/Pipeline->{closure:{closure:Illuminate/Pipeline/Pipeline::carry():194}:195}(Object(Illuminate/Http/Request))
#21 C:/Users/User/OneDrive/Documents/Albert/Testing-Implementasi/vendor/laravel/framework/src/Illuminate/Pipeline/Pipeline.php(219): Illuminate/Cookie/Middleware/AddQueuedCookiesToResponse->handle(Object(Illuminate/Http/Request), Object(Closure))
#22 C:/Users/User/OneDrive/Documents/Albert/Testing-Implementasi/vendor/laravel/framework/src/Illuminate/Cookie/Middleware/EncryptCookies.php(74): Illuminate/Pipeline/Pipeline->{closure:{closure:Illuminate/Pipeline/Pipeline::carry():194}:195}(Object(Illuminate/Http/Request))
#23 C:/Users/User/OneDrive/Documents/Albert/Testing-Implementasi/vendor/laravel/framework/src/Illuminate/Pipeline/Pipeline.php(219): Illuminate/Cookie/Middleware/EncryptCookies->handle(Object(Illuminate/Http/Request), Object(Closure))
#24 C:/Users/User/OneDrive/Documents/Albert/Testing-Implementasi/vendor/laravel/framework/src/Illuminate/Pipeline/Pipeline.php(137): Illuminate/Pipeline/Pipeline->{closure:{closure:Illuminate/Pipeline/Pipeline::carry():194}:195}(Object(Illuminate/Http/Request))
#25 C:/Users/User/OneDrive/Documents/Albert/Testing-Implementasi/vendor/laravel/framework/src/Illuminate/Routing/Router.php(821): Illuminate/Pipeline/Pipeline->then(Object(Closure))
#26 C:/Users/User/OneDrive/Documents/Albert/Testing-Implementasi/vendor/laravel/framework/src/Illuminate/Routing/Router.php(800): Illuminate/Routing/Router->runRouteWithinStack(Object(Illuminate/Routing/Route), Object(Illuminate/Http/Request))
#27 C:/Users/User/OneDrive/Documents/Albert/Testing-Implementasi/vendor/laravel/framework/src/Illuminate/Routing/Router.php(764): Illuminate/Routing/Router->runRoute(Object(Illuminate/Http/Request), Object(Illuminate/Routing/Route))
#28 C:/Users/User/OneDrive/Documents/Albert/Testing-Implementasi/vendor/laravel/framework/src/Illuminate/Routing/Router.php(753): Illuminate/Routing/Router->dispatchToRoute(Object(Illuminate/Http/Request))
#29 C:/Users/User/OneDrive/Documents/Albert/Testing-Implementasi/vendor/laravel/framework/src/Illuminate/Foundation/Http/Kernel.php(200): Illuminate/Routing/Router->dispatch(Object(Illuminate/Http/Request))
#30 C:/Users/User/OneDrive/Documents/Albert/Testing-Implementasi/vendor/laravel/framework/src/Illuminate/Pipeline/Pipeline.php(180): Illuminate/Foundation/Http/Kernel->{closure:Illuminate/Foundation/Http/Kernel::dispatchToRouter():197}(Object(Illuminate/Http/Request))
#31 C:/Users/User/OneDrive/Documents/Albert/Testing-Implementasi/vendor/laravel/framework/src/Illuminate/Foundation/Http/Middleware/TransformsRequest.php(21): Illuminate/Pipeline/Pipeline->{closure:Illuminate/Pipeline/Pipeline::prepareDestination():178}(Object(Illuminate/Http/Request))
#32 C:/Users/User/OneDrive/Documents/Albert/Testing-Implementasi/vendor/laravel/framework/src/Illuminate/Foundation/Http/Middleware/ConvertEmptyStringsToNull.php(31): Illuminate/Foundation/Http/Middleware/TransformsRequest->handle(Object(Illuminate/Http/Request), Object(Closure))
#33 C:/Users/User/OneDrive/Documents/Albert/Testing-Implementasi/vendor/laravel/framework/src/Illuminate/Pipeline/Pipeline.php(219): Illuminate/Foundation/Http/Middleware/ConvertEmptyStringsToNull->handle(Object(Illuminate/Http/Request), Object(Closure))
#34 C:/Users/User/OneDrive/Documents/Albert/Testing-Implementasi/vendor/laravel/framework/src/Illuminate/Foundation/Http/Middleware/TransformsRequest.php(21): Illuminate/Pipeline/Pipeline->{closure:{closure:Illuminate/Pipeline/Pipeline::carry():194}:195}(Object(Illuminate/Http/Request))
#35 C:/Users/User/OneDrive/Documents/Albert/Testing-Implementasi/vendor/laravel/framework/src/Illuminate/Foundation/Http/Middleware/TrimStrings.php(51): Illuminate/Foundation/Http/Middleware/TransformsRequest->handle(Object(Illuminate/Http/Request), Object(Closure))
#36 C:/Users/User/OneDrive/Documents/Albert/Testing-Implementasi/vendor/laravel/framework/src/Illuminate/Pipeline/Pipeline.php(219): Illuminate/Foundation/Http/Middleware/TrimStrings->handle(Object(Illuminate/Http/Request), Object(Closure))
#37 C:/Users/User/OneDrive/Documents/Albert/Testing-Implementasi/vendor/laravel/framework/src/Illuminate/Http/Middleware/ValidatePostSize.php(27): Illuminate/Pipeline/Pipeline->{closure:{closure:Illuminate/Pipeline/Pipeline::carry():194}:195}(Object(Illuminate/Http/Request))
#38 C:/Users/User/OneDrive/Documents/Albert/Testing-Implementasi/vendor/laravel/framework/src/Illuminate/Pipeline/Pipeline.php(219): Illuminate/Http/Middleware/ValidatePostSize->handle(Object(Illuminate/Http/Request), Object(Closure))
#39 C:/Users/User/OneDrive/Documents/Albert/Testing-Implementasi/vendor/laravel/framework/src/Illuminate/Foundation/Http/Middleware/PreventRequestsDuringMaintenance.php(109): Illuminate/Pipeline/Pipeline->{closure:{closure:Illuminate/Pipeline/Pipeline::carry():194}:195}(Object(Illuminate/Http/Request))
#40 C:/Users/User/OneDrive/Documents/Albert/Testing-Implementasi/vendor/laravel/framework/src/Illuminate/Pipeline/Pipeline.php(219): Illuminate/Foundation/Http/Middleware/PreventRequestsDuringMaintenance->handle(Object(Illuminate/Http/Request), Object(Closure))
#41 C:/Users/User/OneDrive/Documents/Albert/Testing-Implementasi/vendor/laravel/framework/src/Illuminate/Http/Middleware/HandleCors.php(61): Illuminate/Pipeline/Pipeline->{closure:{closure:Illuminate/Pipeline/Pipeline::carry():194}:195}(Object(Illuminate/Http/Request))
#42 C:/Users/User/OneDrive/Documents/Albert/Testing-Implementasi/vendor/laravel/framework/src/Illuminate/Pipeline/Pipeline.php(219): Illuminate/Http/Middleware/HandleCors->handle(Object(Illuminate/Http/Request), Object(Closure))
#43 C:/Users/User/OneDrive/Documents/Albert/Testing-Implementasi/vendor/laravel/framework/src/Illuminate/Http/Middleware/TrustProxies.php(58): Illuminate/Pipeline/Pipeline->{closure:{closure:Illuminate/Pipeline/Pipeline::carry():194}:195}(Object(Illuminate/Http/Request))
#44 C:/Users/User/OneDrive/Documents/Albert/Testing-Implementasi/vendor/laravel/framework/src/Illuminate/Pipeline/Pipeline.php(219): Illuminate/Http/Middleware/TrustProxies->handle(Object(Illuminate/Http/Request), Object(Closure))
#45 C:/Users/User/OneDrive/Documents/Albert/Testing-Implementasi/vendor/laravel/framework/src/Illuminate/Foundation/Http/Middleware/InvokeDeferredCallbacks.php(22): Illuminate/Pipeline/Pipeline->{closure:{closure:Illuminate/Pipeline/Pipeline::carry():194}:195}(Object(Illuminate/Http/Request))
#46 C:/Users/User/OneDrive/Documents/Albert/Testing-Implementasi/vendor/laravel/framework/src/Illuminate/Pipeline/Pipeline.php(219): Illuminate/Foundation/Http/Middleware/InvokeDeferredCallbacks->handle(Object(Illuminate/Http/Request), Object(Closure))
#47 C:/Users/User/OneDrive/Documents/Albert/Testing-Implementasi/vendor/laravel/framework/src/Illuminate/Http/Middleware/ValidatePathEncoding.php(26): Illuminate/Pipeline/Pipeline->{closure:{closure:Illuminate/Pipeline/Pipeline::carry():194}:195}(Object(Illuminate/Http/Request))
#48 C:/Users/User/OneDrive/Documents/Albert/Testing-Implementasi/vendor/laravel/framework/src/Illuminate/Pipeline/Pipeline.php(219): Illuminate/Http/Middleware/ValidatePathEncoding->handle(Object(Illuminate/Http/Request), Object(Closure))
#49 C:/Users/User/OneDrive/Documents/Albert/Testing-Implementasi/vendor/laravel/framework/src/Illuminate/Pipeline/Pipeline.php(137): Illuminate/Pipeline/Pipeline->{closure:{closure:Illuminate/Pipeline/Pipeline::carry():194}:195}(Object(Illuminate/Http/Request))
#50 C:/Users/User/OneDrive/Documents/Albert/Testing-Implementasi/vendor/laravel/framework/src/Illuminate/Foundation/Http/Kernel.php(175): Illuminate/Pipeline/Pipeline->then(Object(Closure))
#51 C:/Users/User/OneDrive/Documents/Albert/Testing-Implementasi/vendor/laravel/framework/src/Illuminate/Foundation/Http/Kernel.php(144): Illuminate/Foundation/Http/Kernel->sendRequestThroughRouter(Object(Illuminate/Http/Request))
#52 C:/Users/User/OneDrive/Documents/Albert/Testing-Implementasi/vendor/laravel/framework/src/Illuminate/Foundation/Application.php(1220): Illuminate/Foundation/Http/Kernel->handle(Object(Illuminate/Http/Request))
#53 C:/Users/User/OneDrive/Documents/Albert/Testing-Implementasi/public/index.php(20): Illuminate/Foundation/Application->handleRequest(Object(Illuminate/Http/Request))
#54 C:/Users/User/OneDrive/Documents/Albert/Testing-Implementasi/vendor/laravel/framework/src/Illuminate/Foundation/resources/server.php(23): require_once('C://Users//User//O...')
#55 {main}

[previous exception] [object] (PDOException(code: 2002): SQLSTATE[HY000] [2002] No connection could be made because the target machine actively refused it at C:/Users/User/OneDrive/Documents/Albert/Testing-Implementasi/vendor/laravel/framework/src/Illuminate/Database/Connectors/Connector.php:67)
[stacktrace]
#0 C:/Users/User/OneDrive/Documents/Albert/Testing-Implementasi/vendor/laravel/framework/src/Illuminate/Database/Connectors/Connector.php(67): PDO::connect('mysql:host=127....', 'root', Object(SensitiveParameterValue), Array)
#1 C:/Users/User/OneDrive/Documents/Albert/Testing-Implementasi/vendor/laravel/framework/src/Illuminate/Database/Connectors/Connector.php(85): Illuminate/Database/Connectors/Connector->createPdoConnection('mysql:host=127....', 'root', Object(SensitiveParameterValue), Array)
#2 C:/Users/User/OneDrive/Documents/Albert/Testing-Implementasi/vendor/laravel/framework/src/Illuminate/Database/Connectors/Connector.php(48): Illuminate/Database/Connectors/Connector->tryAgainIfCausedByLostConnection(Object(PDOException), 'mysql:host=127....', 'root', Object(SensitiveParameterValue), Array)
#3 C:/Users/User/OneDrive/Documents/Albert/Testing-Implementasi/vendor/laravel/framework/src/Illuminate/Database/Connectors/MySqlConnector.php(24): Illuminate/Database/Connectors/Connector->createConnection('mysql:host=127....', Array, Array)
#4 C:/Users/User/OneDrive/Documents/Albert/Testing-Implementasi/vendor/laravel/framework/src/Illuminate/Database/Connectors/ConnectionFactory.php(186): Illuminate/Database/Connectors/MySqlConnector->connect(Array)
#5 [internal function]: Illuminate/Database/Connectors/ConnectionFactory->{closure:Illuminate/Database/Connectors/ConnectionFactory::createPdoResolverWithHosts():181}()
#6 C:/Users/User/OneDrive/Documents/Albert/Testing-Implementasi/vendor/laravel/framework/src/Illuminate/Database/Connection.php(1257): call_user_func(Object(Closure))
#7 C:/Users/User/OneDrive/Documents/Albert/Testing-Implementasi/vendor/laravel/framework/src/Illuminate/Database/Connection.php(525): Illuminate/Database/Connection->getPdo()
#8 C:/Users/User/OneDrive/Documents/Albert/Testing-Implementasi/vendor/laravel/framework/src/Illuminate/Database/Connection.php(420): Illuminate/Database/Connection->getPdoForSelect(false)
#9 C:/Users/User/OneDrive/Documents/Albert/Testing-Implementasi/vendor/laravel/framework/src/Illuminate/Database/Connection.php(827): Illuminate/Database/Connection->{closure:Illuminate/Database/Connection::select():411}('select * from `...', Array)
#10 C:/Users/User/OneDrive/Documents/Albert/Testing-Implementasi/vendor/laravel/framework/src/Illuminate/Database/Connection.php(999): Illuminate/Database/Connection->runQueryCallback('select * from `...', Array, Object(Closure))
#11 C:/Users/User/OneDrive/Documents/Albert/Testing-Implementasi/vendor/laravel/framework/src/Illuminate/Database/Connection.php(978): Illuminate/Database/Connection->tryAgainIfCausedByLostConnection(Object(Illuminate/Database/QueryException), 'select * from `...', Array, Object(Closure))
#12 C:/Users/User/OneDrive/Documents/Albert/Testing-Implementasi/vendor/laravel/framework/src/Illuminate/Database/Connection.php(796): Illuminate/Database/Connection->handleQueryException(Object(Illuminate/Database/QueryException), 'select * from `...', Array, Object(Closure))
#13 C:/Users/User/OneDrive/Documents/Albert/Testing-Implementasi/vendor/laravel/framework/src/Illuminate/Database/Connection.php(411): Illuminate/Database/Connection->run('select * from `...', Array, Object(Closure))
#14 C:/Users/User/OneDrive/Documents/Albert/Testing-Implementasi/vendor/laravel/framework/src/Illuminate/Database/Query/Builder.php(3505): Illuminate/Database/Connection->select('select * from `...', Array, false)
#15 C:/Users/User/OneDrive/Documents/Albert/Testing-Implementasi/vendor/laravel/framework/src/Illuminate/Database/Query/Builder.php(3490): Illuminate/Database/Query/Builder->runSelect()
#16 C:/Users/User/OneDrive/Documents/Albert/Testing-Implementasi/vendor/laravel/framework/src/Illuminate/Database/Query/Builder.php(4080): Illuminate/Database/Query/Builder->{closure:Illuminate/Database/Query/Builder::get():3489}()
#17 C:/Users/User/OneDrive/Documents/Albert/Testing-Implementasi/vendor/laravel/framework/src/Illuminate/Database/Query/Builder.php(3489): Illuminate/Database/Query/Builder->onceWithColumns(Array, Object(Closure))
#18 C:/Users/User/OneDrive/Documents/Albert/Testing-Implementasi/vendor/laravel/framework/src/Illuminate/Database/Concerns/BuildsQueries.php(366): Illuminate/Database/Query/Builder->get(Array)
#19 C:/Users/User/OneDrive/Documents/Albert/Testing-Implementasi/vendor/laravel/framework/src/Illuminate/Database/Query/Builder.php(3412): Illuminate/Database/Query/Builder->first(Array)
#20 C:/Users/User/OneDrive/Documents/Albert/Testing-Implementasi/vendor/laravel/framework/src/Illuminate/Session/DatabaseSessionHandler.php(96): Illuminate/Database/Query/Builder->find('MgiHNfCAwmdd0PN...')
#21 C:/Users/User/OneDrive/Documents/Albert/Testing-Implementasi/vendor/laravel/framework/src/Illuminate/Session/Store.php(128): Illuminate/Session/DatabaseSessionHandler->read('MgiHNfCAwmdd0PN...')
#22 C:/Users/User/OneDrive/Documents/Albert/Testing-Implementasi/vendor/laravel/framework/src/Illuminate/Session/Store.php(116): Illuminate/Session/Store->readFromHandler()
#23 C:/Users/User/OneDrive/Documents/Albert/Testing-Implementasi/vendor/laravel/framework/src/Illuminate/Session/Store.php(100): Illuminate/Session/Store->loadSession()
#24 C:/Users/User/OneDrive/Documents/Albert/Testing-Implementasi/vendor/laravel/framework/src/Illuminate/Session/Middleware/StartSession.php(146): Illuminate/Session/Store->start()
#25 C:/Users/User/OneDrive/Documents/Albert/Testing-Implementasi/vendor/laravel/framework/src/Illuminate/Support/helpers.php(393): Illuminate/Session/Middleware/StartSession->{closure:Illuminate/Session/Middleware/StartSession::startSession():143}(Object(Illuminate/Session/Store))
#26 C:/Users/User/OneDrive/Documents/Albert/Testing-Implementasi/vendor/laravel/framework/src/Illuminate/Session/Middleware/StartSession.php(143): tap(Object(Illuminate/Session/Store), Object(Closure))
#27 C:/Users/User/OneDrive/Documents/Albert/Testing-Implementasi/vendor/laravel/framework/src/Illuminate/Session/Middleware/StartSession.php(115): Illuminate/Session/Middleware/StartSession->startSession(Object(Illuminate/Http/Request), Object(Illuminate/Session/Store))
#28 C:/Users/User/OneDrive/Documents/Albert/Testing-Implementasi/vendor/laravel/framework/src/Illuminate/Session/Middleware/StartSession.php(63): Illuminate/Session/Middleware/StartSession->handleStatefulRequest(Object(Illuminate/Http/Request), Object(Illuminate/Session/Store), Object(Closure))
#29 C:/Users/User/OneDrive/Documents/Albert/Testing-Implementasi/vendor/laravel/framework/src/Illuminate/Pipeline/Pipeline.php(219): Illuminate/Session/Middleware/StartSession->handle(Object(Illuminate/Http/Request), Object(Closure))
#30 C:/Users/User/OneDrive/Documents/Albert/Testing-Implementasi/vendor/laravel/framework/src/Illuminate/Cookie/Middleware/AddQueuedCookiesToResponse.php(36): Illuminate/Pipeline/Pipeline->{closure:{closure:Illuminate/Pipeline/Pipeline::carry():194}:195}(Object(Illuminate/Http/Request))
#31 C:/Users/User/OneDrive/Documents/Albert/Testing-Implementasi/vendor/laravel/framework/src/Illuminate/Pipeline/Pipeline.php(219): Illuminate/Cookie/Middleware/AddQueuedCookiesToResponse->handle(Object(Illuminate/Http/Request), Object(Closure))
#32 C:/Users/User/OneDrive/Documents/Albert/Testing-Implementasi/vendor/laravel/framework/src/Illuminate/Cookie/Middleware/EncryptCookies.php(74): Illuminate/Pipeline/Pipeline->{closure:{closure:Illuminate/Pipeline/Pipeline::carry():194}:195}(Object(Illuminate/Http/Request))
#33 C:/Users/User/OneDrive/Documents/Albert/Testing-Implementasi/vendor/laravel/framework/src/Illuminate/Pipeline/Pipeline.php(219): Illuminate/Cookie/Middleware/EncryptCookies->handle(Object(Illuminate/Http/Request), Object(Closure))
#34 C:/Users/User/OneDrive/Documents/Albert/Testing-Implementasi/vendor/laravel/framework/src/Illuminate/Pipeline/Pipeline.php(137): Illuminate/Pipeline/Pipeline->{closure:{closure:Illuminate/Pipeline/Pipeline::carry():194}:195}(Object(Illuminate/Http/Request))
#35 C:/Users/User/OneDrive/Documents/Albert/Testing-Implementasi/vendor/laravel/framework/src/Illuminate/Routing/Router.php(821): Illuminate/Pipeline/Pipeline->then(Object(Closure))
#36 C:/Users/User/OneDrive/Documents/Albert/Testing-Implementasi/vendor/laravel/framework/src/Illuminate/Routing/Router.php(800): Illuminate/Routing/Router->runRouteWithinStack(Object(Illuminate/Routing/Route), Object(Illuminate/Http/Request))
#37 C:/Users/User/OneDrive/Documents/Albert/Testing-Implementasi/vendor/laravel/framework/src/Illuminate/Routing/Router.php(764): Illuminate/Routing/Router->runRoute(Object(Illuminate/Http/Request), Object(Illuminate/Routing/Route))
#38 C:/Users/User/OneDrive/Documents/Albert/Testing-Implementasi/vendor/laravel/framework/src/Illuminate/Routing/Router.php(753): Illuminate/Routing/Router->dispatchToRoute(Object(Illuminate/Http/Request))
#39 C:/Users/User/OneDrive/Documents/Albert/Testing-Implementasi/vendor/laravel/framework/src/Illuminate/Foundation/Http/Kernel.php(200): Illuminate/Routing/Router->dispatch(Object(Illuminate/Http/Request))
#40 C:/Users/User/OneDrive/Documents/Albert/Testing-Implementasi/vendor/laravel/framework/src/Illuminate/Pipeline/Pipeline.php(180): Illuminate/Foundation/Http/Kernel->{closure:Illuminate/Foundation/Http/Kernel::dispatchToRouter():197}(Object(Illuminate/Http/Request))
#41 C:/Users/User/OneDrive/Documents/Albert/Testing-Implementasi/vendor/laravel/framework/src/Illuminate/Foundation/Http/Middleware/TransformsRequest.php(21): Illuminate/Pipeline/Pipeline->{closure:Illuminate/Pipeline/Pipeline::prepareDestination():178}(Object(Illuminate/Http/Request))
#42 C:/Users/User/OneDrive/Documents/Albert/Testing-Implementasi/vendor/laravel/framework/src/Illuminate/Foundation/Http/Middleware/ConvertEmptyStringsToNull.php(31): Illuminate/Foundation/Http/Middleware/TransformsRequest->handle(Object(Illuminate/Http/Request), Object(Closure))
#43 C:/Users/User/OneDrive/Documents/Albert/Testing-Implementasi/vendor/laravel/framework/src/Illuminate/Pipeline/Pipeline.php(219): Illuminate/Foundation/Http/Middleware/ConvertEmptyStringsToNull->handle(Object(Illuminate/Http/Request), Object(Closure))
#44 C:/Users/User/OneDrive/Documents/Albert/Testing-Implementasi/vendor/laravel/framework/src/Illuminate/Foundation/Http/Middleware/TransformsRequest.php(21): Illuminate/Pipeline/Pipeline->{closure:{closure:Illuminate/Pipeline/Pipeline::carry():194}:195}(Object(Illuminate/Http/Request))
#45 C:/Users/User/OneDrive/Documents/Albert/Testing-Implementasi/vendor/laravel/framework/src/Illuminate/Foundation/Http/Middleware/TrimStrings.php(51): Illuminate/Foundation/Http/Middleware/TransformsRequest->handle(Object(Illuminate/Http/Request), Object(Closure))
#46 C:/Users/User/OneDrive/Documents/Albert/Testing-Implementasi/vendor/laravel/framework/src/Illuminate/Pipeline/Pipeline.php(219): Illuminate/Foundation/Http/Middleware/TrimStrings->handle(Object(Illuminate/Http/Request), Object(Closure))
#47 C:/Users/User/OneDrive/Documents/Albert/Testing-Implementasi/vendor/laravel/framework/src/Illuminate/Http/Middleware/ValidatePostSize.php(27): Illuminate/Pipeline/Pipeline->{closure:{closure:Illuminate/Pipeline/Pipeline::carry():194}:195}(Object(Illuminate/Http/Request))
#48 C:/Users/User/OneDrive/Documents/Albert/Testing-Implementasi/vendor/laravel/framework/src/Illuminate/Pipeline/Pipeline.php(219): Illuminate/Http/Middleware/ValidatePostSize->handle(Object(Illuminate/Http/Request), Object(Closure))
#49 C:/Users/User/OneDrive/Documents/Albert/Testing-Implementasi/vendor/laravel/framework/src/Illuminate/Foundation/Http/Middleware/PreventRequestsDuringMaintenance.php(109): Illuminate/Pipeline/Pipeline->{closure:{closure:Illuminate/Pipeline/Pipeline::carry():194}:195}(Object(Illuminate/Http/Request))
#50 C:/Users/User/OneDrive/Documents/Albert/Testing-Implementasi/vendor/laravel/framework/src/Illuminate/Pipeline/Pipeline.php(219): Illuminate/Foundation/Http/Middleware/PreventRequestsDuringMaintenance->handle(Object(Illuminate/Http/Request), Object(Closure))
#51 C:/Users/User/OneDrive/Documents/Albert/Testing-Implementasi/vendor/laravel/framework/src/Illuminate/Http/Middleware/HandleCors.php(61): Illuminate/Pipeline/Pipeline->{closure:{closure:Illuminate/Pipeline/Pipeline::carry():194}:195}(Object(Illuminate/Http/Request))
#52 C:/Users/User/OneDrive/Documents/Albert/Testing-Implementasi/vendor/laravel/framework/src/Illuminate/Pipeline/Pipeline.php(219): Illuminate/Http/Middleware/HandleCors->handle(Object(Illuminate/Http/Request), Object(Closure))
#53 C:/Users/User/OneDrive/Documents/Albert/Testing-Implementasi/vendor/laravel/framework/src/Illuminate/Http/Middleware/TrustProxies.php(58): Illuminate/Pipeline/Pipeline->{closure:{closure:Illuminate/Pipeline/Pipeline::carry():194}:195}(Object(Illuminate/Http/Request))
#54 C:/Users/User/OneDrive/Documents/Albert/Testing-Implementasi/vendor/laravel/framework/src/Illuminate/Pipeline/Pipeline.php(219): Illuminate/Http/Middleware/TrustProxies->handle(Object(Illuminate/Http/Request), Object(Closure))
#55 C:/Users/User/OneDrive/Documents/Albert/Testing-Implementasi/vendor/laravel/framework/src/Illuminate/Foundation/Http/Middleware/InvokeDeferredCallbacks.php(22): Illuminate/Pipeline/Pipeline->{closure:{closure:Illuminate/Pipeline/Pipeline::carry():194}:195}(Object(Illuminate/Http/Request))
#56 C:/Users/User/OneDrive/Documents/Albert/Testing-Implementasi/vendor/laravel/framework/src/Illuminate/Pipeline/Pipeline.php(219): Illuminate/Foundation/Http/Middleware/InvokeDeferredCallbacks->handle(Object(Illuminate/Http/Request), Object(Closure))
#57 C:/Users/User/OneDrive/Documents/Albert/Testing-Implementasi/vendor/laravel/framework/src/Illuminate/Http/Middleware/ValidatePathEncoding.php(26): Illuminate/Pipeline/Pipeline->{closure:{closure:Illuminate/Pipeline/Pipeline::carry():194}:195}(Object(Illuminate/Http/Request))
#58 C:/Users/User/OneDrive/Documents/Albert/Testing-Implementasi/vendor/laravel/framework/src/Illuminate/Pipeline/Pipeline.php(219): Illuminate/Http/Middleware/ValidatePathEncoding->handle(Object(Illuminate/Http/Request), Object(Closure))
#59 C:/Users/User/OneDrive/Documents/Albert/Testing-Implementasi/vendor/laravel/framework/src/Illuminate/Pipeline/Pipeline.php(137): Illuminate/Pipeline/Pipeline->{closure:{closure:Illuminate/Pipeline/Pipeline::carry():194}:195}(Object(Illuminate/Http/Request))
#60 C:/Users/User/OneDrive/Documents/Albert/Testing-Implementasi/vendor/laravel/framework/src/Illuminate/Foundation/Http/Kernel.php(175): Illuminate/Pipeline/Pipeline->then(Object(Closure))
#61 C:/Users/User/OneDrive/Documents/Albert/Testing-Implementasi/vendor/laravel/framework/src/Illuminate/Foundation/Http/Kernel.php(144): Illuminate/Foundation/Http/Kernel->sendRequestThroughRouter(Object(Illuminate/Http/Request))
#62 C:/Users/User/OneDrive/Documents/Albert/Testing-Implementasi/vendor/laravel/framework/src/Illuminate/Foundation/Application.php(1220): Illuminate/Foundation/Http/Kernel->handle(Object(Illuminate/Http/Request))
#63 C:/Users/User/OneDrive/Documents/Albert/Testing-Implementasi/public/index.php(20): Illuminate/Foundation/Application->handleRequest(Object(Illuminate/Http/Request))
#64 C:/Users/User/OneDrive/Documents/Albert/Testing-Implementasi/vendor/laravel/framework/src/Illuminate/Foundation/resources/server.php(23): require_once('C://Users//User//O...')
#65 {main}
"} 
[2026-05-29 04:35:30] local.ERROR: SQLSTATE[HY000] [2002] No connection could be made because the target machine actively refused it (Connection: mysql, Host: 127.0.0.1, Port: 3306, Database: hospital_db, SQL: select * from `sessions` where `id` = H9ib7vKrXG4nCFZgC5DwuQOhIIEN314W3R9555Ea limit 1) {"exception":"[object] (Illuminate\\Database\\QueryException(code: 2002): SQLSTATE[HY000] [2002] No connection could be made because the target machine actively refused it (Connection: mysql, Host: 127.0.0.1, Port: 3306, Database: hospital_db, SQL: select * from `sessions` where `id` = H9ib7vKrXG4nCFZgC5DwuQOhIIEN314W3R9555Ea limit 1) at C:/Users/User/OneDrive/Documents/Albert/Testing-Implementasi/vendor/laravel/framework/src/Illuminate/Database/Connection.php:838)
[stacktrace]
#0 C:/Users/User/OneDrive/Documents/Albert/Testing-Implementasi/vendor/laravel/framework/src/Illuminate/Database/Connection.php(999): Illuminate/Database/Connection->runQueryCallback('select * from `...', Array, Object(Closure))
#1 C:/Users/User/OneDrive/Documents/Albert/Testing-Implementasi/vendor/laravel/framework/src/Illuminate/Database/Connection.php(978): Illuminate/Database/Connection->tryAgainIfCausedByLostConnection(Object(Illuminate/Database/QueryException), 'select * from `...', Array, Object(Closure))
#2 C:/Users/User/OneDrive/Documents/Albert/Testing-Implementasi/vendor/laravel/framework/src/Illuminate/Database/Connection.php(796): Illuminate/Database/Connection->handleQueryException(Object(Illuminate/Database/QueryException), 'select * from `...', Array, Object(Closure))
#3 C:/Users/User/OneDrive/Documents/Albert/Testing-Implementasi/vendor/laravel/framework/src/Illuminate/Database/Connection.php(411): Illuminate/Database/Connection->run('select * from `...', Array, Object(Closure))
#4 C:/Users/User/OneDrive/Documents/Albert/Testing-Implementasi/vendor/laravel/framework/src/Illuminate/Database/Query/Builder.php(3505): Illuminate/Database/Connection->select('select * from `...', Array, false)
#5 C:/Users/User/OneDrive/Documents/Albert/Testing-Implementasi/vendor/laravel/framework/src/Illuminate/Database/Query/Builder.php(3490): Illuminate/Database/Query/Builder->runSelect()
#6 C:/Users/User/OneDrive/Documents/Albert/Testing-Implementasi/vendor/laravel/framework/src/Illuminate/Database/Query/Builder.php(4080): Illuminate/Database/Query/Builder->{closure:Illuminate/Database/Query/Builder::get():3489}()
#7 C:/Users/User/OneDrive/Documents/Albert/Testing-Implementasi/vendor/laravel/framework/src/Illuminate/Database/Query/Builder.php(3489): Illuminate/Database/Query/Builder->onceWithColumns(Array, Object(Closure))
#8 C:/Users/User/OneDrive/Documents/Albert/Testing-Implementasi/vendor/laravel/framework/src/Illuminate/Database/Concerns/BuildsQueries.php(366): Illuminate/Database/Query/Builder->get(Array)
#9 C:/Users/User/OneDrive/Documents/Albert/Testing-Implementasi/vendor/laravel/framework/src/Illuminate/Database/Query/Builder.php(3412): Illuminate/Database/Query/Builder->first(Array)
#10 C:/Users/User/OneDrive/Documents/Albert/Testing-Implementasi/vendor/laravel/framework/src/Illuminate/Session/DatabaseSessionHandler.php(96): Illuminate/Database/Query/Builder->find('H9ib7vKrXG4nCFZ...')
#11 C:/Users/User/OneDrive/Documents/Albert/Testing-Implementasi/vendor/laravel/framework/src/Illuminate/Session/Store.php(128): Illuminate/Session/DatabaseSessionHandler->read('H9ib7vKrXG4nCFZ...')
#12 C:/Users/User/OneDrive/Documents/Albert/Testing-Implementasi/vendor/laravel/framework/src/Illuminate/Session/Store.php(116): Illuminate/Session/Store->readFromHandler()
#13 C:/Users/User/OneDrive/Documents/Albert/Testing-Implementasi/vendor/laravel/framework/src/Illuminate/Session/Store.php(100): Illuminate/Session/Store->loadSession()
#14 C:/Users/User/OneDrive/Documents/Albert/Testing-Implementasi/vendor/laravel/framework/src/Illuminate/Session/Middleware/StartSession.php(146): Illuminate/Session/Store->start()
#15 C:/Users/User/OneDrive/Documents/Albert/Testing-Implementasi/vendor/laravel/framework/src/Illuminate/Support/helpers.php(393): Illuminate/Session/Middleware/StartSession->{closure:Illuminate/Session/Middleware/StartSession::startSession():143}(Object(Illuminate/Session/Store))
#16 C:/Users/User/OneDrive/Documents/Albert/Testing-Implementasi/vendor/laravel/framework/src/Illuminate/Session/Middleware/StartSession.php(143): tap(Object(Illuminate/Session/Store), Object(Closure))
#17 C:/Users/User/OneDrive/Documents/Albert/Testing-Implementasi/vendor/laravel/framework/src/Illuminate/Session/Middleware/StartSession.php(115): Illuminate/Session/Middleware/StartSession->startSession(Object(Illuminate/Http/Request), Object(Illuminate/Session/Store))
#18 C:/Users/User/OneDrive/Documents/Albert/Testing-Implementasi/vendor/laravel/framework/src/Illuminate/Session/Middleware/StartSession.php(63): Illuminate/Session/Middleware/StartSession->handleStatefulRequest(Object(Illuminate/Http/Request), Object(Illuminate/Session/Store), Object(Closure))
#19 C:/Users/User/OneDrive/Documents/Albert/Testing-Implementasi/vendor/laravel/framework/src/Illuminate/Pipeline/Pipeline.php(219): Illuminate/Session/Middleware/StartSession->handle(Object(Illuminate/Http/Request), Object(Closure))
#20 C:/Users/User/OneDrive/Documents/Albert/Testing-Implementasi/vendor/laravel/framework/src/Illuminate/Cookie/Middleware/AddQueuedCookiesToResponse.php(36): Illuminate/Pipeline/Pipeline->{closure:{closure:Illuminate/Pipeline/Pipeline::carry():194}:195}(Object(Illuminate/Http/Request))
#21 C:/Users/User/OneDrive/Documents/Albert/Testing-Implementasi/vendor/laravel/framework/src/Illuminate/Pipeline/Pipeline.php(219): Illuminate/Cookie/Middleware/AddQueuedCookiesToResponse->handle(Object(Illuminate/Http/Request), Object(Closure))
#22 C:/Users/User/OneDrive/Documents/Albert/Testing-Implementasi/vendor/laravel/framework/src/Illuminate/Cookie/Middleware/EncryptCookies.php(74): Illuminate/Pipeline/Pipeline->{closure:{closure:Illuminate/Pipeline/Pipeline::carry():194}:195}(Object(Illuminate/Http/Request))
#23 C:/Users/User/OneDrive/Documents/Albert/Testing-Implementasi/vendor/laravel/framework/src/Illuminate/Pipeline/Pipeline.php(219): Illuminate/Cookie/Middleware/EncryptCookies->handle(Object(Illuminate/Http/Request), Object(Closure))
#24 C:/Users/User/OneDrive/Documents/Albert/Testing-Implementasi/vendor/laravel/framework/src/Illuminate/Pipeline/Pipeline.php(137): Illuminate/Pipeline/Pipeline->{closure:{closure:Illuminate/Pipeline/Pipeline::carry():194}:195}(Object(Illuminate/Http/Request))
#25 C:/Users/User/OneDrive/Documents/Albert/Testing-Implementasi/vendor/laravel/framework/src/Illuminate/Routing/Router.php(821): Illuminate/Pipeline/Pipeline->then(Object(Closure))
#26 C:/Users/User/OneDrive/Documents/Albert/Testing-Implementasi/vendor/laravel/framework/src/Illuminate/Routing/Router.php(800): Illuminate/Routing/Router->runRouteWithinStack(Object(Illuminate/Routing/Route), Object(Illuminate/Http/Request))
#27 C:/Users/User/OneDrive/Documents/Albert/Testing-Implementasi/vendor/laravel/framework/src/Illuminate/Routing/Router.php(764): Illuminate/Routing/Router->runRoute(Object(Illuminate/Http/Request), Object(Illuminate/Routing/Route))
#28 C:/Users/User/OneDrive/Documents/Albert/Testing-Implementasi/vendor/laravel/framework/src/Illuminate/Routing/Router.php(753): Illuminate/Routing/Router->dispatchToRoute(Object(Illuminate/Http/Request))
#29 C:/Users/User/OneDrive/Documents/Albert/Testing-Implementasi/vendor/laravel/framework/src/Illuminate/Foundation/Http/Kernel.php(200): Illuminate/Routing/Router->dispatch(Object(Illuminate/Http/Request))
#30 C:/Users/User/OneDrive/Documents/Albert/Testing-Implementasi/vendor/laravel/framework/src/Illuminate/Pipeline/Pipeline.php(180): Illuminate/Foundation/Http/Kernel->{closure:Illuminate/Foundation/Http/Kernel::dispatchToRouter():197}(Object(Illuminate/Http/Request))
#31 C:/Users/User/OneDrive/Documents/Albert/Testing-Implementasi/vendor/laravel/framework/src/Illuminate/Foundation/Http/Middleware/TransformsRequest.php(21): Illuminate/Pipeline/Pipeline->{closure:Illuminate/Pipeline/Pipeline::prepareDestination():178}(Object(Illuminate/Http/Request))
#32 C:/Users/User/OneDrive/Documents/Albert/Testing-Implementasi/vendor/laravel/framework/src/Illuminate/Foundation/Http/Middleware/ConvertEmptyStringsToNull.php(31): Illuminate/Foundation/Http/Middleware/TransformsRequest->handle(Object(Illuminate/Http/Request), Object(Closure))
#33 C:/Users/User/OneDrive/Documents/Albert/Testing-Implementasi/vendor/laravel/framework/src/Illuminate/Pipeline/Pipeline.php(219): Illuminate/Foundation/Http/Middleware/ConvertEmptyStringsToNull->handle(Object(Illuminate/Http/Request), Object(Closure))
#34 C:/Users/User/OneDrive/Documents/Albert/Testing-Implementasi/vendor/laravel/framework/src/Illuminate/Foundation/Http/Middleware/TransformsRequest.php(21): Illuminate/Pipeline/Pipeline->{closure:{closure:Illuminate/Pipeline/Pipeline::carry():194}:195}(Object(Illuminate/Http/Request))
#35 C:/Users/User/OneDrive/Documents/Albert/Testing-Implementasi/vendor/laravel/framework/src/Illuminate/Foundation/Http/Middleware/TrimStrings.php(51): Illuminate/Foundation/Http/Middleware/TransformsRequest->handle(Object(Illuminate/Http/Request), Object(Closure))
#36 C:/Users/User/OneDrive/Documents/Albert/Testing-Implementasi/vendor/laravel/framework/src/Illuminate/Pipeline/Pipeline.php(219): Illuminate/Foundation/Http/Middleware/TrimStrings->handle(Object(Illuminate/Http/Request), Object(Closure))
#37 C:/Users/User/OneDrive/Documents/Albert/Testing-Implementasi/vendor/laravel/framework/src/Illuminate/Http/Middleware/ValidatePostSize.php(27): Illuminate/Pipeline/Pipeline->{closure:{closure:Illuminate/Pipeline/Pipeline::carry():194}:195}(Object(Illuminate/Http/Request))
#38 C:/Users/User/OneDrive/Documents/Albert/Testing-Implementasi/vendor/laravel/framework/src/Illuminate/Pipeline/Pipeline.php(219): Illuminate/Http/Middleware/ValidatePostSize->handle(Object(Illuminate/Http/Request), Object(Closure))
#39 C:/Users/User/OneDrive/Documents/Albert/Testing-Implementasi/vendor/laravel/framework/src/Illuminate/Foundation/Http/Middleware/PreventRequestsDuringMaintenance.php(109): Illuminate/Pipeline/Pipeline->{closure:{closure:Illuminate/Pipeline/Pipeline::carry():194}:195}(Object(Illuminate/Http/Request))
#40 C:/Users/User/OneDrive/Documents/Albert/Testing-Implementasi/vendor/laravel/framework/src/Illuminate/Pipeline/Pipeline.php(219): Illuminate/Foundation/Http/Middleware/PreventRequestsDuringMaintenance->handle(Object(Illuminate/Http/Request), Object(Closure))
#41 C:/Users/User/OneDrive/Documents/Albert/Testing-Implementasi/vendor/laravel/framework/src/Illuminate/Http/Middleware/HandleCors.php(61): Illuminate/Pipeline/Pipeline->{closure:{closure:Illuminate/Pipeline/Pipeline::carry():194}:195}(Object(Illuminate/Http/Request))
#42 C:/Users/User/OneDrive/Documents/Albert/Testing-Implementasi/vendor/laravel/framework/src/Illuminate/Pipeline/Pipeline.php(219): Illuminate/Http/Middleware/HandleCors->handle(Object(Illuminate/Http/Request), Object(Closure))
#43 C:/Users/User/OneDrive/Documents/Albert/Testing-Implementasi/vendor/laravel/framework/src/Illuminate/Http/Middleware/TrustProxies.php(58): Illuminate/Pipeline/Pipeline->{closure:{closure:Illuminate/Pipeline/Pipeline::carry():194}:195}(Object(Illuminate/Http/Request))
#44 C:/Users/User/OneDrive/Documents/Albert/Testing-Implementasi/vendor/laravel/framework/src/Illuminate/Pipeline/Pipeline.php(219): Illuminate/Http/Middleware/TrustProxies->handle(Object(Illuminate/Http/Request), Object(Closure))
#45 C:/Users/User/OneDrive/Documents/Albert/Testing-Implementasi/vendor/laravel/framework/src/Illuminate/Foundation/Http/Middleware/InvokeDeferredCallbacks.php(22): Illuminate/Pipeline/Pipeline->{closure:{closure:Illuminate/Pipeline/Pipeline::carry():194}:195}(Object(Illuminate/Http/Request))
#46 C:/Users/User/OneDrive/Documents/Albert/Testing-Implementasi/vendor/laravel/framework/src/Illuminate/Pipeline/Pipeline.php(219): Illuminate/Foundation/Http/Middleware/InvokeDeferredCallbacks->handle(Object(Illuminate/Http/Request), Object(Closure))
#47 C:/Users/User/OneDrive/Documents/Albert/Testing-Implementasi/vendor/laravel/framework/src/Illuminate/Http/Middleware/ValidatePathEncoding.php(26): Illuminate/Pipeline/Pipeline->{closure:{closure:Illuminate/Pipeline/Pipeline::carry():194}:195}(Object(Illuminate/Http/Request))
#48 C:/Users/User/OneDrive/Documents/Albert/Testing-Implementasi/vendor/laravel/framework/src/Illuminate/Pipeline/Pipeline.php(219): Illuminate/Http/Middleware/ValidatePathEncoding->handle(Object(Illuminate/Http/Request), Object(Closure))
#49 C:/Users/User/OneDrive/Documents/Albert/Testing-Implementasi/vendor/laravel/framework/src/Illuminate/Pipeline/Pipeline.php(137): Illuminate/Pipeline/Pipeline->{closure:{closure:Illuminate/Pipeline/Pipeline::carry():194}:195}(Object(Illuminate/Http/Request))
#50 C:/Users/User/OneDrive/Documents/Albert/Testing-Implementasi/vendor/laravel/framework/src/Illuminate/Foundation/Http/Kernel.php(175): Illuminate/Pipeline/Pipeline->then(Object(Closure))
#51 C:/Users/User/OneDrive/Documents/Albert/Testing-Implementasi/vendor/laravel/framework/src/Illuminate/Foundation/Http/Kernel.php(144): Illuminate/Foundation/Http/Kernel->sendRequestThroughRouter(Object(Illuminate/Http/Request))
#52 C:/Users/User/OneDrive/Documents/Albert/Testing-Implementasi/vendor/laravel/framework/src/Illuminate/Foundation/Application.php(1220): Illuminate/Foundation/Http/Kernel->handle(Object(Illuminate/Http/Request))
#53 C:/Users/User/OneDrive/Documents/Albert/Testing-Implementasi/public/index.php(20): Illuminate/Foundation/Application->handleRequest(Object(Illuminate/Http/Request))
#54 C:/Users/User/OneDrive/Documents/Albert/Testing-Implementasi/vendor/laravel/framework/src/Illuminate/Foundation/resources/server.php(23): require_once('C://Users//User//O...')
#55 {main}

[previous exception] [object] (PDOException(code: 2002): SQLSTATE[HY000] [2002] No connection could be made because the target machine actively refused it at C:/Users/User/OneDrive/Documents/Albert/Testing-Implementasi/vendor/laravel/framework/src/Illuminate/Database/Connectors/Connector.php:67)
[stacktrace]
#0 C:/Users/User/OneDrive/Documents/Albert/Testing-Implementasi/vendor/laravel/framework/src/Illuminate/Database/Connectors/Connector.php(67): PDO::connect('mysql:host=127....', 'root', Object(SensitiveParameterValue), Array)
#1 C:/Users/User/OneDrive/Documents/Albert/Testing-Implementasi/vendor/laravel/framework/src/Illuminate/Database/Connectors/Connector.php(85): Illuminate/Database/Connectors/Connector->createPdoConnection('mysql:host=127....', 'root', Object(SensitiveParameterValue), Array)
#2 C:/Users/User/OneDrive/Documents/Albert/Testing-Implementasi/vendor/laravel/framework/src/Illuminate/Database/Connectors/Connector.php(48): Illuminate/Database/Connectors/Connector->tryAgainIfCausedByLostConnection(Object(PDOException), 'mysql:host=127....', 'root', Object(SensitiveParameterValue), Array)
#3 C:/Users/User/OneDrive/Documents/Albert/Testing-Implementasi/vendor/laravel/framework/src/Illuminate/Database/Connectors/MySqlConnector.php(24): Illuminate/Database/Connectors/Connector->createConnection('mysql:host=127....', Array, Array)
#4 C:/Users/User/OneDrive/Documents/Albert/Testing-Implementasi/vendor/laravel/framework/src/Illuminate/Database/Connectors/ConnectionFactory.php(186): Illuminate/Database/Connectors/MySqlConnector->connect(Array)
#5 [internal function]: Illuminate/Database/Connectors/ConnectionFactory->{closure:Illuminate/Database/Connectors/ConnectionFactory::createPdoResolverWithHosts():181}()
#6 C:/Users/User/OneDrive/Documents/Albert/Testing-Implementasi/vendor/laravel/framework/src/Illuminate/Database/Connection.php(1257): call_user_func(Object(Closure))
#7 C:/Users/User/OneDrive/Documents/Albert/Testing-Implementasi/vendor/laravel/framework/src/Illuminate/Database/Connection.php(525): Illuminate/Database/Connection->getPdo()
#8 C:/Users/User/OneDrive/Documents/Albert/Testing-Implementasi/vendor/laravel/framework/src/Illuminate/Database/Connection.php(420): Illuminate/Database/Connection->getPdoForSelect(false)
#9 C:/Users/User/OneDrive/Documents/Albert/Testing-Implementasi/vendor/laravel/framework/src/Illuminate/Database/Connection.php(827): Illuminate/Database/Connection->{closure:Illuminate/Database/Connection::select():411}('select * from `...', Array)
#10 C:/Users/User/OneDrive/Documents/Albert/Testing-Implementasi/vendor/laravel/framework/src/Illuminate/Database/Connection.php(999): Illuminate/Database/Connection->runQueryCallback('select * from `...', Array, Object(Closure))
#11 C:/Users/User/OneDrive/Documents/Albert/Testing-Implementasi/vendor/laravel/framework/src/Illuminate/Database/Connection.php(978): Illuminate/Database/Connection->tryAgainIfCausedByLostConnection(Object(Illuminate/Database/QueryException), 'select * from `...', Array, Object(Closure))
#12 C:/Users/User/OneDrive/Documents/Albert/Testing-Implementasi/vendor/laravel/framework/src/Illuminate/Database/Connection.php(796): Illuminate/Database/Connection->handleQueryException(Object(Illuminate/Database/QueryException), 'select * from `...', Array, Object(Closure))
#13 C:/Users/User/OneDrive/Documents/Albert/Testing-Implementasi/vendor/laravel/framework/src/Illuminate/Database/Connection.php(411): Illuminate/Database/Connection->run('select * from `...', Array, Object(Closure))
#14 C:/Users/User/OneDrive/Documents/Albert/Testing-Implementasi/vendor/laravel/framework/src/Illuminate/Database/Query/Builder.php(3505): Illuminate/Database/Connection->select('select * from `...', Array, false)
#15 C:/Users/User/OneDrive/Documents/Albert/Testing-Implementasi/vendor/laravel/framework/src/Illuminate/Database/Query/Builder.php(3490): Illuminate/Database/Query/Builder->runSelect()
#16 C:/Users/User/OneDrive/Documents/Albert/Testing-Implementasi/vendor/laravel/framework/src/Illuminate/Database/Query/Builder.php(4080): Illuminate/Database/Query/Builder->{closure:Illuminate/Database/Query/Builder::get():3489}()
#17 C:/Users/User/OneDrive/Documents/Albert/Testing-Implementasi/vendor/laravel/framework/src/Illuminate/Database/Query/Builder.php(3489): Illuminate/Database/Query/Builder->onceWithColumns(Array, Object(Closure))
#18 C:/Users/User/OneDrive/Documents/Albert/Testing-Implementasi/vendor/laravel/framework/src/Illuminate/Database/Concerns/BuildsQueries.php(366): Illuminate/Database/Query/Builder->get(Array)
#19 C:/Users/User/OneDrive/Documents/Albert/Testing-Implementasi/vendor/laravel/framework/src/Illuminate/Database/Query/Builder.php(3412): Illuminate/Database/Query/Builder->first(Array)
#20 C:/Users/User/OneDrive/Documents/Albert/Testing-Implementasi/vendor/laravel/framework/src/Illuminate/Session/DatabaseSessionHandler.php(96): Illuminate/Database/Query/Builder->find('H9ib7vKrXG4nCFZ...')
#21 C:/Users/User/OneDrive/Documents/Albert/Testing-Implementasi/vendor/laravel/framework/src/Illuminate/Session/Store.php(128): Illuminate/Session/DatabaseSessionHandler->read('H9ib7vKrXG4nCFZ...')
#22 C:/Users/User/OneDrive/Documents/Albert/Testing-Implementasi/vendor/laravel/framework/src/Illuminate/Session/Store.php(116): Illuminate/Session/Store->readFromHandler()
#23 C:/Users/User/OneDrive/Documents/Albert/Testing-Implementasi/vendor/laravel/framework/src/Illuminate/Session/Store.php(100): Illuminate/Session/Store->loadSession()
#24 C:/Users/User/OneDrive/Documents/Albert/Testing-Implementasi/vendor/laravel/framework/src/Illuminate/Session/Middleware/StartSession.php(146): Illuminate/Session/Store->start()
#25 C:/Users/User/OneDrive/Documents/Albert/Testing-Implementasi/vendor/laravel/framework/src/Illuminate/Support/helpers.php(393): Illuminate/Session/Middleware/StartSession->{closure:Illuminate/Session/Middleware/StartSession::startSession():143}(Object(Illuminate/Session/Store))
#26 C:/Users/User/OneDrive/Documents/Albert/Testing-Implementasi/vendor/laravel/framework/src/Illuminate/Session/Middleware/StartSession.php(143): tap(Object(Illuminate/Session/Store), Object(Closure))
#27 C:/Users/User/OneDrive/Documents/Albert/Testing-Implementasi/vendor/laravel/framework/src/Illuminate/Session/Middleware/StartSession.php(115): Illuminate/Session/Middleware/StartSession->startSession(Object(Illuminate/Http/Request), Object(Illuminate/Session/Store))
#28 C:/Users/User/OneDrive/Documents/Albert/Testing-Implementasi/vendor/laravel/framework/src/Illuminate/Session/Middleware/StartSession.php(63): Illuminate/Session/Middleware/StartSession->handleStatefulRequest(Object(Illuminate/Http/Request), Object(Illuminate/Session/Store), Object(Closure))
#29 C:/Users/User/OneDrive/Documents/Albert/Testing-Implementasi/vendor/laravel/framework/src/Illuminate/Pipeline/Pipeline.php(219): Illuminate/Session/Middleware/StartSession->handle(Object(Illuminate/Http/Request), Object(Closure))
#30 C:/Users/User/OneDrive/Documents/Albert/Testing-Implementasi/vendor/laravel/framework/src/Illuminate/Cookie/Middleware/AddQueuedCookiesToResponse.php(36): Illuminate/Pipeline/Pipeline->{closure:{closure:Illuminate/Pipeline/Pipeline::carry():194}:195}(Object(Illuminate/Http/Request))
#31 C:/Users/User/OneDrive/Documents/Albert/Testing-Implementasi/vendor/laravel/framework/src/Illuminate/Pipeline/Pipeline.php(219): Illuminate/Cookie/Middleware/AddQueuedCookiesToResponse->handle(Object(Illuminate/Http/Request), Object(Closure))
#32 C:/Users/User/OneDrive/Documents/Albert/Testing-Implementasi/vendor/laravel/framework/src/Illuminate/Cookie/Middleware/EncryptCookies.php(74): Illuminate/Pipeline/Pipeline->{closure:{closure:Illuminate/Pipeline/Pipeline::carry():194}:195}(Object(Illuminate/Http/Request))
#33 C:/Users/User/OneDrive/Documents/Albert/Testing-Implementasi/vendor/laravel/framework/src/Illuminate/Pipeline/Pipeline.php(219): Illuminate/Cookie/Middleware/EncryptCookies->handle(Object(Illuminate/Http/Request), Object(Closure))
#34 C:/Users/User/OneDrive/Documents/Albert/Testing-Implementasi/vendor/laravel/framework/src/Illuminate/Pipeline/Pipeline.php(137): Illuminate/Pipeline/Pipeline->{closure:{closure:Illuminate/Pipeline/Pipeline::carry():194}:195}(Object(Illuminate/Http/Request))
#35 C:/Users/User/OneDrive/Documents/Albert/Testing-Implementasi/vendor/laravel/framework/src/Illuminate/Routing/Router.php(821): Illuminate/Pipeline/Pipeline->then(Object(Closure))
#36 C:/Users/User/OneDrive/Documents/Albert/Testing-Implementasi/vendor/laravel/framework/src/Illuminate/Routing/Router.php(800): Illuminate/Routing/Router->runRouteWithinStack(Object(Illuminate/Routing/Route), Object(Illuminate/Http/Request))
#37 C:/Users/User/OneDrive/Documents/Albert/Testing-Implementasi/vendor/laravel/framework/src/Illuminate/Routing/Router.php(764): Illuminate/Routing/Router->runRoute(Object(Illuminate/Http/Request), Object(Illuminate/Routing/Route))
#38 C:/Users/User/OneDrive/Documents/Albert/Testing-Implementasi/vendor/laravel/framework/src/Illuminate/Routing/Router.php(753): Illuminate/Routing/Router->dispatchToRoute(Object(Illuminate/Http/Request))
#39 C:/Users/User/OneDrive/Documents/Albert/Testing-Implementasi/vendor/laravel/framework/src/Illuminate/Foundation/Http/Kernel.php(200): Illuminate/Routing/Router->dispatch(Object(Illuminate/Http/Request))
#40 C:/Users/User/OneDrive/Documents/Albert/Testing-Implementasi/vendor/laravel/framework/src/Illuminate/Pipeline/Pipeline.php(180): Illuminate/Foundation/Http/Kernel->{closure:Illuminate/Foundation/Http/Kernel::dispatchToRouter():197}(Object(Illuminate/Http/Request))
#41 C:/Users/User/OneDrive/Documents/Albert/Testing-Implementasi/vendor/laravel/framework/src/Illuminate/Foundation/Http/Middleware/TransformsRequest.php(21): Illuminate/Pipeline/Pipeline->{closure:Illuminate/Pipeline/Pipeline::prepareDestination():178}(Object(Illuminate/Http/Request))
#42 C:/Users/User/OneDrive/Documents/Albert/Testing-Implementasi/vendor/laravel/framework/src/Illuminate/Foundation/Http/Middleware/ConvertEmptyStringsToNull.php(31): Illuminate/Foundation/Http/Middleware/TransformsRequest->handle(Object(Illuminate/Http/Request), Object(Closure))
#43 C:/Users/User/OneDrive/Documents/Albert/Testing-Implementasi/vendor/laravel/framework/src/Illuminate/Pipeline/Pipeline.php(219): Illuminate/Foundation/Http/Middleware/ConvertEmptyStringsToNull->handle(Object(Illuminate/Http/Request), Object(Closure))
#44 C:/Users/User/OneDrive/Documents/Albert/Testing-Implementasi/vendor/laravel/framework/src/Illuminate/Foundation/Http/Middleware/TransformsRequest.php(21): Illuminate/Pipeline/Pipeline->{closure:{closure:Illuminate/Pipeline/Pipeline::carry():194}:195}(Object(Illuminate/Http/Request))
#45 C:/Users/User/OneDrive/Documents/Albert/Testing-Implementasi/vendor/laravel/framework/src/Illuminate/Foundation/Http/Middleware/TrimStrings.php(51): Illuminate/Foundation/Http/Middleware/TransformsRequest->handle(Object(Illuminate/Http/Request), Object(Closure))
#46 C:/Users/User/OneDrive/Documents/Albert/Testing-Implementasi/vendor/laravel/framework/src/Illuminate/Pipeline/Pipeline.php(219): Illuminate/Foundation/Http/Middleware/TrimStrings->handle(Object(Illuminate/Http/Request), Object(Closure))
#47 C:/Users/User/OneDrive/Documents/Albert/Testing-Implementasi/vendor/laravel/framework/src/Illuminate/Http/Middleware/ValidatePostSize.php(27): Illuminate/Pipeline/Pipeline->{closure:{closure:Illuminate/Pipeline/Pipeline::carry():194}:195}(Object(Illuminate/Http/Request))
#48 C:/Users/User/OneDrive/Documents/Albert/Testing-Implementasi/vendor/laravel/framework/src/Illuminate/Pipeline/Pipeline.php(219): Illuminate/Http/Middleware/ValidatePostSize->handle(Object(Illuminate/Http/Request), Object(Closure))
#49 C:/Users/User/OneDrive/Documents/Albert/Testing-Implementasi/vendor/laravel/framework/src/Illuminate/Foundation/Http/Middleware/PreventRequestsDuringMaintenance.php(109): Illuminate/Pipeline/Pipeline->{closure:{closure:Illuminate/Pipeline/Pipeline::carry():194}:195}(Object(Illuminate/Http/Request))
#50 C:/Users/User/OneDrive/Documents/Albert/Testing-Implementasi/vendor/laravel/framework/src/Illuminate/Pipeline/Pipeline.php(219): Illuminate/Foundation/Http/Middleware/PreventRequestsDuringMaintenance->handle(Object(Illuminate/Http/Request), Object(Closure))
#51 C:/Users/User/OneDrive/Documents/Albert/Testing-Implementasi/vendor/laravel/framework/src/Illuminate/Http/Middleware/HandleCors.php(61): Illuminate/Pipeline/Pipeline->{closure:{closure:Illuminate/Pipeline/Pipeline::carry():194}:195}(Object(Illuminate/Http/Request))
#52 C:/Users/User/OneDrive/Documents/Albert/Testing-Implementasi/vendor/laravel/framework/src/Illuminate/Pipeline/Pipeline.php(219): Illuminate/Http/Middleware/HandleCors->handle(Object(Illuminate/Http/Request), Object(Closure))
#53 C:/Users/User/OneDrive/Documents/Albert/Testing-Implementasi/vendor/laravel/framework/src/Illuminate/Http/Middleware/TrustProxies.php(58): Illuminate/Pipeline/Pipeline->{closure:{closure:Illuminate/Pipeline/Pipeline::carry():194}:195}(Object(Illuminate/Http/Request))
#54 C:/Users/User/OneDrive/Documents/Albert/Testing-Implementasi/vendor/laravel/framework/src/Illuminate/Pipeline/Pipeline.php(219): Illuminate/Http/Middleware/TrustProxies->handle(Object(Illuminate/Http/Request), Object(Closure))
#55 C:/Users/User/OneDrive/Documents/Albert/Testing-Implementasi/vendor/laravel/framework/src/Illuminate/Foundation/Http/Middleware/InvokeDeferredCallbacks.php(22): Illuminate/Pipeline/Pipeline->{closure:{closure:Illuminate/Pipeline/Pipeline::carry():194}:195}(Object(Illuminate/Http/Request))
#56 C:/Users/User/OneDrive/Documents/Albert/Testing-Implementasi/vendor/laravel/framework/src/Illuminate/Pipeline/Pipeline.php(219): Illuminate/Foundation/Http/Middleware/InvokeDeferredCallbacks->handle(Object(Illuminate/Http/Request), Object(Closure))
#57 C:/Users/User/OneDrive/Documents/Albert/Testing-Implementasi/vendor/laravel/framework/src/Illuminate/Http/Middleware/ValidatePathEncoding.php(26): Illuminate/Pipeline/Pipeline->{closure:{closure:Illuminate/Pipeline/Pipeline::carry():194}:195}(Object(Illuminate/Http/Request))
#58 C:/Users/User/OneDrive/Documents/Albert/Testing-Implementasi/vendor/laravel/framework/src/Illuminate/Pipeline/Pipeline.php(219): Illuminate/Http/Middleware/ValidatePathEncoding->handle(Object(Illuminate/Http/Request), Object(Closure))
#59 C:/Users/User/OneDrive/Documents/Albert/Testing-Implementasi/vendor/laravel/framework/src/Illuminate/Pipeline/Pipeline.php(137): Illuminate/Pipeline/Pipeline->{closure:{closure:Illuminate/Pipeline/Pipeline::carry():194}:195}(Object(Illuminate/Http/Request))
#60 C:/Users/User/OneDrive/Documents/Albert/Testing-Implementasi/vendor/laravel/framework/src/Illuminate/Foundation/Http/Kernel.php(175): Illuminate/Pipeline/Pipeline->then(Object(Closure))
#61 C:/Users/User/OneDrive/Documents/Albert/Testing-Implementasi/vendor/laravel/framework/src/Illuminate/Foundation/Http/Kernel.php(144): Illuminate/Foundation/Http/Kernel->sendRequestThroughRouter(Object(Illuminate/Http/Request))
#62 C:/Users/User/OneDrive/Documents/Albert/Testing-Implementasi/vendor/laravel/framework/src/Illuminate/Foundation/Application.php(1220): Illuminate/Foundation/Http/Kernel->handle(Object(Illuminate/Http/Request))
#63 C:/Users/User/OneDrive/Documents/Albert/Testing-Implementasi/public/index.php(20): Illuminate/Foundation/Application->handleRequest(Object(Illuminate/Http/Request))
#64 C:/Users/User/OneDrive/Documents/Albert/Testing-Implementasi/vendor/laravel/framework/src/Illuminate/Foundation/resources/server.php(23): require_once('C://Users//User//O...')
#65 {main}
"} 
[2026-05-29 04:35:51] local.ERROR: SQLSTATE[HY000] [2002] No connection could be made because the target machine actively refused it (Connection: mysql, Host: 127.0.0.1, Port: 3306, Database: hospital_db, SQL: select * from `sessions` where `id` = wEkbgZjxsPZ0WN75nWEgya3UrMBySKqY1zokVLca limit 1) {"exception":"[object] (Illuminate\\Database\\QueryException(code: 2002): SQLSTATE[HY000] [2002] No connection could be made because the target machine actively refused it (Connection: mysql, Host: 127.0.0.1, Port: 3306, Database: hospital_db, SQL: select * from `sessions` where `id` = wEkbgZjxsPZ0WN75nWEgya3UrMBySKqY1zokVLca limit 1) at C:/Users/User/OneDrive/Documents/Albert/Testing-Implementasi/vendor/laravel/framework/src/Illuminate/Database/Connection.php:838)
[stacktrace]
#0 C:/Users/User/OneDrive/Documents/Albert/Testing-Implementasi/vendor/laravel/framework/src/Illuminate/Database/Connection.php(999): Illuminate/Database/Connection->runQueryCallback('select * from `...', Array, Object(Closure))
#1 C:/Users/User/OneDrive/Documents/Albert/Testing-Implementasi/vendor/laravel/framework/src/Illuminate/Database/Connection.php(978): Illuminate/Database/Connection->tryAgainIfCausedByLostConnection(Object(Illuminate/Database/QueryException), 'select * from `...', Array, Object(Closure))
#2 C:/Users/User/OneDrive/Documents/Albert/Testing-Implementasi/vendor/laravel/framework/src/Illuminate/Database/Connection.php(796): Illuminate/Database/Connection->handleQueryException(Object(Illuminate/Database/QueryException), 'select * from `...', Array, Object(Closure))
#3 C:/Users/User/OneDrive/Documents/Albert/Testing-Implementasi/vendor/laravel/framework/src/Illuminate/Database/Connection.php(411): Illuminate/Database/Connection->run('select * from `...', Array, Object(Closure))
#4 C:/Users/User/OneDrive/Documents/Albert/Testing-Implementasi/vendor/laravel/framework/src/Illuminate/Database/Query/Builder.php(3505): Illuminate/Database/Connection->select('select * from `...', Array, false)
#5 C:/Users/User/OneDrive/Documents/Albert/Testing-Implementasi/vendor/laravel/framework/src/Illuminate/Database/Query/Builder.php(3490): Illuminate/Database/Query/Builder->runSelect()
#6 C:/Users/User/OneDrive/Documents/Albert/Testing-Implementasi/vendor/laravel/framework/src/Illuminate/Database/Query/Builder.php(4080): Illuminate/Database/Query/Builder->{closure:Illuminate/Database/Query/Builder::get():3489}()
#7 C:/Users/User/OneDrive/Documents/Albert/Testing-Implementasi/vendor/laravel/framework/src/Illuminate/Database/Query/Builder.php(3489): Illuminate/Database/Query/Builder->onceWithColumns(Array, Object(Closure))
#8 C:/Users/User/OneDrive/Documents/Albert/Testing-Implementasi/vendor/laravel/framework/src/Illuminate/Database/Concerns/BuildsQueries.php(366): Illuminate/Database/Query/Builder->get(Array)
#9 C:/Users/User/OneDrive/Documents/Albert/Testing-Implementasi/vendor/laravel/framework/src/Illuminate/Database/Query/Builder.php(3412): Illuminate/Database/Query/Builder->first(Array)
#10 C:/Users/User/OneDrive/Documents/Albert/Testing-Implementasi/vendor/laravel/framework/src/Illuminate/Session/DatabaseSessionHandler.php(96): Illuminate/Database/Query/Builder->find('wEkbgZjxsPZ0WN7...')
#11 C:/Users/User/OneDrive/Documents/Albert/Testing-Implementasi/vendor/laravel/framework/src/Illuminate/Session/Store.php(128): Illuminate/Session/DatabaseSessionHandler->read('wEkbgZjxsPZ0WN7...')
#12 C:/Users/User/OneDrive/Documents/Albert/Testing-Implementasi/vendor/laravel/framework/src/Illuminate/Session/Store.php(116): Illuminate/Session/Store->readFromHandler()
#13 C:/Users/User/OneDrive/Documents/Albert/Testing-Implementasi/vendor/laravel/framework/src/Illuminate/Session/Store.php(100): Illuminate/Session/Store->loadSession()
#14 C:/Users/User/OneDrive/Documents/Albert/Testing-Implementasi/vendor/laravel/framework/src/Illuminate/Session/Middleware/StartSession.php(146): Illuminate/Session/Store->start()
#15 C:/Users/User/OneDrive/Documents/Albert/Testing-Implementasi/vendor/laravel/framework/src/Illuminate/Support/helpers.php(393): Illuminate/Session/Middleware/StartSession->{closure:Illuminate/Session/Middleware/StartSession::startSession():143}(Object(Illuminate/Session/Store))
#16 C:/Users/User/OneDrive/Documents/Albert/Testing-Implementasi/vendor/laravel/framework/src/Illuminate/Session/Middleware/StartSession.php(143): tap(Object(Illuminate/Session/Store), Object(Closure))
#17 C:/Users/User/OneDrive/Documents/Albert/Testing-Implementasi/vendor/laravel/framework/src/Illuminate/Session/Middleware/StartSession.php(115): Illuminate/Session/Middleware/StartSession->startSession(Object(Illuminate/Http/Request), Object(Illuminate/Session/Store))
#18 C:/Users/User/OneDrive/Documents/Albert/Testing-Implementasi/vendor/laravel/framework/src/Illuminate/Session/Middleware/StartSession.php(63): Illuminate/Session/Middleware/StartSession->handleStatefulRequest(Object(Illuminate/Http/Request), Object(Illuminate/Session/Store), Object(Closure))
#19 C:/Users/User/OneDrive/Documents/Albert/Testing-Implementasi/vendor/laravel/framework/src/Illuminate/Pipeline/Pipeline.php(219): Illuminate/Session/Middleware/StartSession->handle(Object(Illuminate/Http/Request), Object(Closure))
#20 C:/Users/User/OneDrive/Documents/Albert/Testing-Implementasi/vendor/laravel/framework/src/Illuminate/Cookie/Middleware/AddQueuedCookiesToResponse.php(36): Illuminate/Pipeline/Pipeline->{closure:{closure:Illuminate/Pipeline/Pipeline::carry():194}:195}(Object(Illuminate/Http/Request))
#21 C:/Users/User/OneDrive/Documents/Albert/Testing-Implementasi/vendor/laravel/framework/src/Illuminate/Pipeline/Pipeline.php(219): Illuminate/Cookie/Middleware/AddQueuedCookiesToResponse->handle(Object(Illuminate/Http/Request), Object(Closure))
#22 C:/Users/User/OneDrive/Documents/Albert/Testing-Implementasi/vendor/laravel/framework/src/Illuminate/Cookie/Middleware/EncryptCookies.php(74): Illuminate/Pipeline/Pipeline->{closure:{closure:Illuminate/Pipeline/Pipeline::carry():194}:195}(Object(Illuminate/Http/Request))
#23 C:/Users/User/OneDrive/Documents/Albert/Testing-Implementasi/vendor/laravel/framework/src/Illuminate/Pipeline/Pipeline.php(219): Illuminate/Cookie/Middleware/EncryptCookies->handle(Object(Illuminate/Http/Request), Object(Closure))
#24 C:/Users/User/OneDrive/Documents/Albert/Testing-Implementasi/vendor/laravel/framework/src/Illuminate/Pipeline/Pipeline.php(137): Illuminate/Pipeline/Pipeline->{closure:{closure:Illuminate/Pipeline/Pipeline::carry():194}:195}(Object(Illuminate/Http/Request))
#25 C:/Users/User/OneDrive/Documents/Albert/Testing-Implementasi/vendor/laravel/framework/src/Illuminate/Routing/Router.php(821): Illuminate/Pipeline/Pipeline->then(Object(Closure))
#26 C:/Users/User/OneDrive/Documents/Albert/Testing-Implementasi/vendor/laravel/framework/src/Illuminate/Routing/Router.php(800): Illuminate/Routing/Router->runRouteWithinStack(Object(Illuminate/Routing/Route), Object(Illuminate/Http/Request))
#27 C:/Users/User/OneDrive/Documents/Albert/Testing-Implementasi/vendor/laravel/framework/src/Illuminate/Routing/Router.php(764): Illuminate/Routing/Router->runRoute(Object(Illuminate/Http/Request), Object(Illuminate/Routing/Route))
#28 C:/Users/User/OneDrive/Documents/Albert/Testing-Implementasi/vendor/laravel/framework/src/Illuminate/Routing/Router.php(753): Illuminate/Routing/Router->dispatchToRoute(Object(Illuminate/Http/Request))
#29 C:/Users/User/OneDrive/Documents/Albert/Testing-Implementasi/vendor/laravel/framework/src/Illuminate/Foundation/Http/Kernel.php(200): Illuminate/Routing/Router->dispatch(Object(Illuminate/Http/Request))
#30 C:/Users/User/OneDrive/Documents/Albert/Testing-Implementasi/vendor/laravel/framework/src/Illuminate/Pipeline/Pipeline.php(180): Illuminate/Foundation/Http/Kernel->{closure:Illuminate/Foundation/Http/Kernel::dispatchToRouter():197}(Object(Illuminate/Http/Request))
#31 C:/Users/User/OneDrive/Documents/Albert/Testing-Implementasi/vendor/laravel/framework/src/Illuminate/Foundation/Http/Middleware/TransformsRequest.php(21): Illuminate/Pipeline/Pipeline->{closure:Illuminate/Pipeline/Pipeline::prepareDestination():178}(Object(Illuminate/Http/Request))
#32 C:/Users/User/OneDrive/Documents/Albert/Testing-Implementasi/vendor/laravel/framework/src/Illuminate/Foundation/Http/Middleware/ConvertEmptyStringsToNull.php(31): Illuminate/Foundation/Http/Middleware/TransformsRequest->handle(Object(Illuminate/Http/Request), Object(Closure))
#33 C:/Users/User/OneDrive/Documents/Albert/Testing-Implementasi/vendor/laravel/framework/src/Illuminate/Pipeline/Pipeline.php(219): Illuminate/Foundation/Http/Middleware/ConvertEmptyStringsToNull->handle(Object(Illuminate/Http/Request), Object(Closure))
#34 C:/Users/User/OneDrive/Documents/Albert/Testing-Implementasi/vendor/laravel/framework/src/Illuminate/Foundation/Http/Middleware/TransformsRequest.php(21): Illuminate/Pipeline/Pipeline->{closure:{closure:Illuminate/Pipeline/Pipeline::carry():194}:195}(Object(Illuminate/Http/Request))
#35 C:/Users/User/OneDrive/Documents/Albert/Testing-Implementasi/vendor/laravel/framework/src/Illuminate/Foundation/Http/Middleware/TrimStrings.php(51): Illuminate/Foundation/Http/Middleware/TransformsRequest->handle(Object(Illuminate/Http/Request), Object(Closure))
#36 C:/Users/User/OneDrive/Documents/Albert/Testing-Implementasi/vendor/laravel/framework/src/Illuminate/Pipeline/Pipeline.php(219): Illuminate/Foundation/Http/Middleware/TrimStrings->handle(Object(Illuminate/Http/Request), Object(Closure))
#37 C:/Users/User/OneDrive/Documents/Albert/Testing-Implementasi/vendor/laravel/framework/src/Illuminate/Http/Middleware/ValidatePostSize.php(27): Illuminate/Pipeline/Pipeline->{closure:{closure:Illuminate/Pipeline/Pipeline::carry():194}:195}(Object(Illuminate/Http/Request))
#38 C:/Users/User/OneDrive/Documents/Albert/Testing-Implementasi/vendor/laravel/framework/src/Illuminate/Pipeline/Pipeline.php(219): Illuminate/Http/Middleware/ValidatePostSize->handle(Object(Illuminate/Http/Request), Object(Closure))
#39 C:/Users/User/OneDrive/Documents/Albert/Testing-Implementasi/vendor/laravel/framework/src/Illuminate/Foundation/Http/Middleware/PreventRequestsDuringMaintenance.php(109): Illuminate/Pipeline/Pipeline->{closure:{closure:Illuminate/Pipeline/Pipeline::carry():194}:195}(Object(Illuminate/Http/Request))
#40 C:/Users/User/OneDrive/Documents/Albert/Testing-Implementasi/vendor/laravel/framework/src/Illuminate/Pipeline/Pipeline.php(219): Illuminate/Foundation/Http/Middleware/PreventRequestsDuringMaintenance->handle(Object(Illuminate/Http/Request), Object(Closure))
#41 C:/Users/User/OneDrive/Documents/Albert/Testing-Implementasi/vendor/laravel/framework/src/Illuminate/Http/Middleware/HandleCors.php(61): Illuminate/Pipeline/Pipeline->{closure:{closure:Illuminate/Pipeline/Pipeline::carry():194}:195}(Object(Illuminate/Http/Request))
#42 C:/Users/User/OneDrive/Documents/Albert/Testing-Implementasi/vendor/laravel/framework/src/Illuminate/Pipeline/Pipeline.php(219): Illuminate/Http/Middleware/HandleCors->handle(Object(Illuminate/Http/Request), Object(Closure))
#43 C:/Users/User/OneDrive/Documents/Albert/Testing-Implementasi/vendor/laravel/framework/src/Illuminate/Http/Middleware/TrustProxies.php(58): Illuminate/Pipeline/Pipeline->{closure:{closure:Illuminate/Pipeline/Pipeline::carry():194}:195}(Object(Illuminate/Http/Request))
#44 C:/Users/User/OneDrive/Documents/Albert/Testing-Implementasi/vendor/laravel/framework/src/Illuminate/Pipeline/Pipeline.php(219): Illuminate/Http/Middleware/TrustProxies->handle(Object(Illuminate/Http/Request), Object(Closure))
#45 C:/Users/User/OneDrive/Documents/Albert/Testing-Implementasi/vendor/laravel/framework/src/Illuminate/Foundation/Http/Middleware/InvokeDeferredCallbacks.php(22): Illuminate/Pipeline/Pipeline->{closure:{closure:Illuminate/Pipeline/Pipeline::carry():194}:195}(Object(Illuminate/Http/Request))
#46 C:/Users/User/OneDrive/Documents/Albert/Testing-Implementasi/vendor/laravel/framework/src/Illuminate/Pipeline/Pipeline.php(219): Illuminate/Foundation/Http/Middleware/InvokeDeferredCallbacks->handle(Object(Illuminate/Http/Request), Object(Closure))
#47 C:/Users/User/OneDrive/Documents/Albert/Testing-Implementasi/vendor/laravel/framework/src/Illuminate/Http/Middleware/ValidatePathEncoding.php(26): Illuminate/Pipeline/Pipeline->{closure:{closure:Illuminate/Pipeline/Pipeline::carry():194}:195}(Object(Illuminate/Http/Request))
#48 C:/Users/User/OneDrive/Documents/Albert/Testing-Implementasi/vendor/laravel/framework/src/Illuminate/Pipeline/Pipeline.php(219): Illuminate/Http/Middleware/ValidatePathEncoding->handle(Object(Illuminate/Http/Request), Object(Closure))
#49 C:/Users/User/OneDrive/Documents/Albert/Testing-Implementasi/vendor/laravel/framework/src/Illuminate/Pipeline/Pipeline.php(137): Illuminate/Pipeline/Pipeline->{closure:{closure:Illuminate/Pipeline/Pipeline::carry():194}:195}(Object(Illuminate/Http/Request))
#50 C:/Users/User/OneDrive/Documents/Albert/Testing-Implementasi/vendor/laravel/framework/src/Illuminate/Foundation/Http/Kernel.php(175): Illuminate/Pipeline/Pipeline->then(Object(Closure))
#51 C:/Users/User/OneDrive/Documents/Albert/Testing-Implementasi/vendor/laravel/framework/src/Illuminate/Foundation/Http/Kernel.php(144): Illuminate/Foundation/Http/Kernel->sendRequestThroughRouter(Object(Illuminate/Http/Request))
#52 C:/Users/User/OneDrive/Documents/Albert/Testing-Implementasi/vendor/laravel/framework/src/Illuminate/Foundation/Application.php(1220): Illuminate/Foundation/Http/Kernel->handle(Object(Illuminate/Http/Request))
#53 C:/Users/User/OneDrive/Documents/Albert/Testing-Implementasi/public/index.php(20): Illuminate/Foundation/Application->handleRequest(Object(Illuminate/Http/Request))
#54 C:/Users/User/OneDrive/Documents/Albert/Testing-Implementasi/vendor/laravel/framework/src/Illuminate/Foundation/resources/server.php(23): require_once('C://Users//User//O...')
#55 {main}

[previous exception] [object] (PDOException(code: 2002): SQLSTATE[HY000] [2002] No connection could be made because the target machine actively refused it at C:/Users/User/OneDrive/Documents/Albert/Testing-Implementasi/vendor/laravel/framework/src/Illuminate/Database/Connectors/Connector.php:67)
[stacktrace]
#0 C:/Users/User/OneDrive/Documents/Albert/Testing-Implementasi/vendor/laravel/framework/src/Illuminate/Database/Connectors/Connector.php(67): PDO::connect('mysql:host=127....', 'root', Object(SensitiveParameterValue), Array)
#1 C:/Users/User/OneDrive/Documents/Albert/Testing-Implementasi/vendor/laravel/framework/src/Illuminate/Database/Connectors/Connector.php(85): Illuminate/Database/Connectors/Connector->createPdoConnection('mysql:host=127....', 'root', Object(SensitiveParameterValue), Array)
#2 C:/Users/User/OneDrive/Documents/Albert/Testing-Implementasi/vendor/laravel/framework/src/Illuminate/Database/Connectors/Connector.php(48): Illuminate/Database/Connectors/Connector->tryAgainIfCausedByLostConnection(Object(PDOException), 'mysql:host=127....', 'root', Object(SensitiveParameterValue), Array)
#3 C:/Users/User/OneDrive/Documents/Albert/Testing-Implementasi/vendor/laravel/framework/src/Illuminate/Database/Connectors/MySqlConnector.php(24): Illuminate/Database/Connectors/Connector->createConnection('mysql:host=127....', Array, Array)
#4 C:/Users/User/OneDrive/Documents/Albert/Testing-Implementasi/vendor/laravel/framework/src/Illuminate/Database/Connectors/ConnectionFactory.php(186): Illuminate/Database/Connectors/MySqlConnector->connect(Array)
#5 [internal function]: Illuminate/Database/Connectors/ConnectionFactory->{closure:Illuminate/Database/Connectors/ConnectionFactory::createPdoResolverWithHosts():181}()
#6 C:/Users/User/OneDrive/Documents/Albert/Testing-Implementasi/vendor/laravel/framework/src/Illuminate/Database/Connection.php(1257): call_user_func(Object(Closure))
#7 C:/Users/User/OneDrive/Documents/Albert/Testing-Implementasi/vendor/laravel/framework/src/Illuminate/Database/Connection.php(525): Illuminate/Database/Connection->getPdo()
#8 C:/Users/User/OneDrive/Documents/Albert/Testing-Implementasi/vendor/laravel/framework/src/Illuminate/Database/Connection.php(420): Illuminate/Database/Connection->getPdoForSelect(false)
#9 C:/Users/User/OneDrive/Documents/Albert/Testing-Implementasi/vendor/laravel/framework/src/Illuminate/Database/Connection.php(827): Illuminate/Database/Connection->{closure:Illuminate/Database/Connection::select():411}('select * from `...', Array)
#10 C:/Users/User/OneDrive/Documents/Albert/Testing-Implementasi/vendor/laravel/framework/src/Illuminate/Database/Connection.php(999): Illuminate/Database/Connection->runQueryCallback('select * from `...', Array, Object(Closure))
#11 C:/Users/User/OneDrive/Documents/Albert/Testing-Implementasi/vendor/laravel/framework/src/Illuminate/Database/Connection.php(978): Illuminate/Database/Connection->tryAgainIfCausedByLostConnection(Object(Illuminate/Database/QueryException), 'select * from `...', Array, Object(Closure))
#12 C:/Users/User/OneDrive/Documents/Albert/Testing-Implementasi/vendor/laravel/framework/src/Illuminate/Database/Connection.php(796): Illuminate/Database/Connection->handleQueryException(Object(Illuminate/Database/QueryException), 'select * from `...', Array, Object(Closure))
#13 C:/Users/User/OneDrive/Documents/Albert/Testing-Implementasi/vendor/laravel/framework/src/Illuminate/Database/Connection.php(411): Illuminate/Database/Connection->run('select * from `...', Array, Object(Closure))
#14 C:/Users/User/OneDrive/Documents/Albert/Testing-Implementasi/vendor/laravel/framework/src/Illuminate/Database/Query/Builder.php(3505): Illuminate/Database/Connection->select('select * from `...', Array, false)
#15 C:/Users/User/OneDrive/Documents/Albert/Testing-Implementasi/vendor/laravel/framework/src/Illuminate/Database/Query/Builder.php(3490): Illuminate/Database/Query/Builder->runSelect()
#16 C:/Users/User/OneDrive/Documents/Albert/Testing-Implementasi/vendor/laravel/framework/src/Illuminate/Database/Query/Builder.php(4080): Illuminate/Database/Query/Builder->{closure:Illuminate/Database/Query/Builder::get():3489}()
#17 C:/Users/User/OneDrive/Documents/Albert/Testing-Implementasi/vendor/laravel/framework/src/Illuminate/Database/Query/Builder.php(3489): Illuminate/Database/Query/Builder->onceWithColumns(Array, Object(Closure))
#18 C:/Users/User/OneDrive/Documents/Albert/Testing-Implementasi/vendor/laravel/framework/src/Illuminate/Database/Concerns/BuildsQueries.php(366): Illuminate/Database/Query/Builder->get(Array)
#19 C:/Users/User/OneDrive/Documents/Albert/Testing-Implementasi/vendor/laravel/framework/src/Illuminate/Database/Query/Builder.php(3412): Illuminate/Database/Query/Builder->first(Array)
#20 C:/Users/User/OneDrive/Documents/Albert/Testing-Implementasi/vendor/laravel/framework/src/Illuminate/Session/DatabaseSessionHandler.php(96): Illuminate/Database/Query/Builder->find('wEkbgZjxsPZ0WN7...')
#21 C:/Users/User/OneDrive/Documents/Albert/Testing-Implementasi/vendor/laravel/framework/src/Illuminate/Session/Store.php(128): Illuminate/Session/DatabaseSessionHandler->read('wEkbgZjxsPZ0WN7...')
#22 C:/Users/User/OneDrive/Documents/Albert/Testing-Implementasi/vendor/laravel/framework/src/Illuminate/Session/Store.php(116): Illuminate/Session/Store->readFromHandler()
#23 C:/Users/User/OneDrive/Documents/Albert/Testing-Implementasi/vendor/laravel/framework/src/Illuminate/Session/Store.php(100): Illuminate/Session/Store->loadSession()
#24 C:/Users/User/OneDrive/Documents/Albert/Testing-Implementasi/vendor/laravel/framework/src/Illuminate/Session/Middleware/StartSession.php(146): Illuminate/Session/Store->start()
#25 C:/Users/User/OneDrive/Documents/Albert/Testing-Implementasi/vendor/laravel/framework/src/Illuminate/Support/helpers.php(393): Illuminate/Session/Middleware/StartSession->{closure:Illuminate/Session/Middleware/StartSession::startSession():143}(Object(Illuminate/Session/Store))
#26 C:/Users/User/OneDrive/Documents/Albert/Testing-Implementasi/vendor/laravel/framework/src/Illuminate/Session/Middleware/StartSession.php(143): tap(Object(Illuminate/Session/Store), Object(Closure))
#27 C:/Users/User/OneDrive/Documents/Albert/Testing-Implementasi/vendor/laravel/framework/src/Illuminate/Session/Middleware/StartSession.php(115): Illuminate/Session/Middleware/StartSession->startSession(Object(Illuminate/Http/Request), Object(Illuminate/Session/Store))
#28 C:/Users/User/OneDrive/Documents/Albert/Testing-Implementasi/vendor/laravel/framework/src/Illuminate/Session/Middleware/StartSession.php(63): Illuminate/Session/Middleware/StartSession->handleStatefulRequest(Object(Illuminate/Http/Request), Object(Illuminate/Session/Store), Object(Closure))
#29 C:/Users/User/OneDrive/Documents/Albert/Testing-Implementasi/vendor/laravel/framework/src/Illuminate/Pipeline/Pipeline.php(219): Illuminate/Session/Middleware/StartSession->handle(Object(Illuminate/Http/Request), Object(Closure))
#30 C:/Users/User/OneDrive/Documents/Albert/Testing-Implementasi/vendor/laravel/framework/src/Illuminate/Cookie/Middleware/AddQueuedCookiesToResponse.php(36): Illuminate/Pipeline/Pipeline->{closure:{closure:Illuminate/Pipeline/Pipeline::carry():194}:195}(Object(Illuminate/Http/Request))
#31 C:/Users/User/OneDrive/Documents/Albert/Testing-Implementasi/vendor/laravel/framework/src/Illuminate/Pipeline/Pipeline.php(219): Illuminate/Cookie/Middleware/AddQueuedCookiesToResponse->handle(Object(Illuminate/Http/Request), Object(Closure))
#32 C:/Users/User/OneDrive/Documents/Albert/Testing-Implementasi/vendor/laravel/framework/src/Illuminate/Cookie/Middleware/EncryptCookies.php(74): Illuminate/Pipeline/Pipeline->{closure:{closure:Illuminate/Pipeline/Pipeline::carry():194}:195}(Object(Illuminate/Http/Request))
#33 C:/Users/User/OneDrive/Documents/Albert/Testing-Implementasi/vendor/laravel/framework/src/Illuminate/Pipeline/Pipeline.php(219): Illuminate/Cookie/Middleware/EncryptCookies->handle(Object(Illuminate/Http/Request), Object(Closure))
#34 C:/Users/User/OneDrive/Documents/Albert/Testing-Implementasi/vendor/laravel/framework/src/Illuminate/Pipeline/Pipeline.php(137): Illuminate/Pipeline/Pipeline->{closure:{closure:Illuminate/Pipeline/Pipeline::carry():194}:195}(Object(Illuminate/Http/Request))
#35 C:/Users/User/OneDrive/Documents/Albert/Testing-Implementasi/vendor/laravel/framework/src/Illuminate/Routing/Router.php(821): Illuminate/Pipeline/Pipeline->then(Object(Closure))
#36 C:/Users/User/OneDrive/Documents/Albert/Testing-Implementasi/vendor/laravel/framework/src/Illuminate/Routing/Router.php(800): Illuminate/Routing/Router->runRouteWithinStack(Object(Illuminate/Routing/Route), Object(Illuminate/Http/Request))
#37 C:/Users/User/OneDrive/Documents/Albert/Testing-Implementasi/vendor/laravel/framework/src/Illuminate/Routing/Router.php(764): Illuminate/Routing/Router->runRoute(Object(Illuminate/Http/Request), Object(Illuminate/Routing/Route))
#38 C:/Users/User/OneDrive/Documents/Albert/Testing-Implementasi/vendor/laravel/framework/src/Illuminate/Routing/Router.php(753): Illuminate/Routing/Router->dispatchToRoute(Object(Illuminate/Http/Request))
#39 C:/Users/User/OneDrive/Documents/Albert/Testing-Implementasi/vendor/laravel/framework/src/Illuminate/Foundation/Http/Kernel.php(200): Illuminate/Routing/Router->dispatch(Object(Illuminate/Http/Request))
#40 C:/Users/User/OneDrive/Documents/Albert/Testing-Implementasi/vendor/laravel/framework/src/Illuminate/Pipeline/Pipeline.php(180): Illuminate/Foundation/Http/Kernel->{closure:Illuminate/Foundation/Http/Kernel::dispatchToRouter():197}(Object(Illuminate/Http/Request))
#41 C:/Users/User/OneDrive/Documents/Albert/Testing-Implementasi/vendor/laravel/framework/src/Illuminate/Foundation/Http/Middleware/TransformsRequest.php(21): Illuminate/Pipeline/Pipeline->{closure:Illuminate/Pipeline/Pipeline::prepareDestination():178}(Object(Illuminate/Http/Request))
#42 C:/Users/User/OneDrive/Documents/Albert/Testing-Implementasi/vendor/laravel/framework/src/Illuminate/Foundation/Http/Middleware/ConvertEmptyStringsToNull.php(31): Illuminate/Foundation/Http/Middleware/TransformsRequest->handle(Object(Illuminate/Http/Request), Object(Closure))
#43 C:/Users/User/OneDrive/Documents/Albert/Testing-Implementasi/vendor/laravel/framework/src/Illuminate/Pipeline/Pipeline.php(219): Illuminate/Foundation/Http/Middleware/ConvertEmptyStringsToNull->handle(Object(Illuminate/Http/Request), Object(Closure))
#44 C:/Users/User/OneDrive/Documents/Albert/Testing-Implementasi/vendor/laravel/framework/src/Illuminate/Foundation/Http/Middleware/TransformsRequest.php(21): Illuminate/Pipeline/Pipeline->{closure:{closure:Illuminate/Pipeline/Pipeline::carry():194}:195}(Object(Illuminate/Http/Request))
#45 C:/Users/User/OneDrive/Documents/Albert/Testing-Implementasi/vendor/laravel/framework/src/Illuminate/Foundation/Http/Middleware/TrimStrings.php(51): Illuminate/Foundation/Http/Middleware/TransformsRequest->handle(Object(Illuminate/Http/Request), Object(Closure))
#46 C:/Users/User/OneDrive/Documents/Albert/Testing-Implementasi/vendor/laravel/framework/src/Illuminate/Pipeline/Pipeline.php(219): Illuminate/Foundation/Http/Middleware/TrimStrings->handle(Object(Illuminate/Http/Request), Object(Closure))
#47 C:/Users/User/OneDrive/Documents/Albert/Testing-Implementasi/vendor/laravel/framework/src/Illuminate/Http/Middleware/ValidatePostSize.php(27): Illuminate/Pipeline/Pipeline->{closure:{closure:Illuminate/Pipeline/Pipeline::carry():194}:195}(Object(Illuminate/Http/Request))
#48 C:/Users/User/OneDrive/Documents/Albert/Testing-Implementasi/vendor/laravel/framework/src/Illuminate/Pipeline/Pipeline.php(219): Illuminate/Http/Middleware/ValidatePostSize->handle(Object(Illuminate/Http/Request), Object(Closure))
#49 C:/Users/User/OneDrive/Documents/Albert/Testing-Implementasi/vendor/laravel/framework/src/Illuminate/Foundation/Http/Middleware/PreventRequestsDuringMaintenance.php(109): Illuminate/Pipeline/Pipeline->{closure:{closure:Illuminate/Pipeline/Pipeline::carry():194}:195}(Object(Illuminate/Http/Request))
#50 C:/Users/User/OneDrive/Documents/Albert/Testing-Implementasi/vendor/laravel/framework/src/Illuminate/Pipeline/Pipeline.php(219): Illuminate/Foundation/Http/Middleware/PreventRequestsDuringMaintenance->handle(Object(Illuminate/Http/Request), Object(Closure))
#51 C:/Users/User/OneDrive/Documents/Albert/Testing-Implementasi/vendor/laravel/framework/src/Illuminate/Http/Middleware/HandleCors.php(61): Illuminate/Pipeline/Pipeline->{closure:{closure:Illuminate/Pipeline/Pipeline::carry():194}:195}(Object(Illuminate/Http/Request))
#52 C:/Users/User/OneDrive/Documents/Albert/Testing-Implementasi/vendor/laravel/framework/src/Illuminate/Pipeline/Pipeline.php(219): Illuminate/Http/Middleware/HandleCors->handle(Object(Illuminate/Http/Request), Object(Closure))
#53 C:/Users/User/OneDrive/Documents/Albert/Testing-Implementasi/vendor/laravel/framework/src/Illuminate/Http/Middleware/TrustProxies.php(58): Illuminate/Pipeline/Pipeline->{closure:{closure:Illuminate/Pipeline/Pipeline::carry():194}:195}(Object(Illuminate/Http/Request))
#54 C:/Users/User/OneDrive/Documents/Albert/Testing-Implementasi/vendor/laravel/framework/src/Illuminate/Pipeline/Pipeline.php(219): Illuminate/Http/Middleware/TrustProxies->handle(Object(Illuminate/Http/Request), Object(Closure))
#55 C:/Users/User/OneDrive/Documents/Albert/Testing-Implementasi/vendor/laravel/framework/src/Illuminate/Foundation/Http/Middleware/InvokeDeferredCallbacks.php(22): Illuminate/Pipeline/Pipeline->{closure:{closure:Illuminate/Pipeline/Pipeline::carry():194}:195}(Object(Illuminate/Http/Request))
#56 C:/Users/User/OneDrive/Documents/Albert/Testing-Implementasi/vendor/laravel/framework/src/Illuminate/Pipeline/Pipeline.php(219): Illuminate/Foundation/Http/Middleware/InvokeDeferredCallbacks->handle(Object(Illuminate/Http/Request), Object(Closure))
#57 C:/Users/User/OneDrive/Documents/Albert/Testing-Implementasi/vendor/laravel/framework/src/Illuminate/Http/Middleware/ValidatePathEncoding.php(26): Illuminate/Pipeline/Pipeline->{closure:{closure:Illuminate/Pipeline/Pipeline::carry():194}:195}(Object(Illuminate/Http/Request))
#58 C:/Users/User/OneDrive/Documents/Albert/Testing-Implementasi/vendor/laravel/framework/src/Illuminate/Pipeline/Pipeline.php(219): Illuminate/Http/Middleware/ValidatePathEncoding->handle(Object(Illuminate/Http/Request), Object(Closure))
#59 C:/Users/User/OneDrive/Documents/Albert/Testing-Implementasi/vendor/laravel/framework/src/Illuminate/Pipeline/Pipeline.php(137): Illuminate/Pipeline/Pipeline->{closure:{closure:Illuminate/Pipeline/Pipeline::carry():194}:195}(Object(Illuminate/Http/Request))
#60 C:/Users/User/OneDrive/Documents/Albert/Testing-Implementasi/vendor/laravel/framework/src/Illuminate/Foundation/Http/Kernel.php(175): Illuminate/Pipeline/Pipeline->then(Object(Closure))
#61 C:/Users/User/OneDrive/Documents/Albert/Testing-Implementasi/vendor/laravel/framework/src/Illuminate/Foundation/Http/Kernel.php(144): Illuminate/Foundation/Http/Kernel->sendRequestThroughRouter(Object(Illuminate/Http/Request))
#62 C:/Users/User/OneDrive/Documents/Albert/Testing-Implementasi/vendor/laravel/framework/src/Illuminate/Foundation/Application.php(1220): Illuminate/Foundation/Http/Kernel->handle(Object(Illuminate/Http/Request))
#63 C:/Users/User/OneDrive/Documents/Albert/Testing-Implementasi/public/index.php(20): Illuminate/Foundation/Application->handleRequest(Object(Illuminate/Http/Request))
#64 C:/Users/User/OneDrive/Documents/Albert/Testing-Implementasi/vendor/laravel/framework/src/Illuminate/Foundation/resources/server.php(23): require_once('C://Users//User//O...')
#65 {main}
"} 
[2026-05-29 07:22:40] local.ERROR: Method Illuminate\Auth\SessionGuard::users does not exist. {"userId":12,"exception":"[object] (BadMethodCallException(code: 0): Method Illuminate\\Auth\\SessionGuard::users does not exist. at C:/Users/User/OneDrive/Documents/Albert/Testing-Implementasi/vendor/laravel/framework/src/Illuminate/Macroable/Traits/Macroable.php:117)
[stacktrace]
#0 C:/Users/User/OneDrive/Documents/Albert/Testing-Implementasi/vendor/laravel/framework/src/Illuminate/Auth/AuthManager.php(334): Illuminate/Auth/SessionGuard->__call('users', Array)
#1 C:/Users/User/OneDrive/Documents/Albert/Testing-Implementasi/routes/web.php(35): Illuminate/Auth/AuthManager->__call('users', Array)
#2 C:/Users/User/OneDrive/Documents/Albert/Testing-Implementasi/vendor/laravel/framework/src/Illuminate/Routing/CallableDispatcher.php(39): Illuminate/Routing/RouteFileRegistrar->{closure:C:/Users/User/OneDrive/Documents/Albert/Testing-Implementasi/routes/web.php:33}()
#3 C:/Users/User/OneDrive/Documents/Albert/Testing-Implementasi/vendor/laravel/framework/src/Illuminate/Routing/Route.php(243): Illuminate/Routing/CallableDispatcher->dispatch(Object(Illuminate/Routing/Route), Object(Closure))
#4 C:/Users/User/OneDrive/Documents/Albert/Testing-Implementasi/vendor/laravel/framework/src/Illuminate/Routing/Route.php(214): Illuminate/Routing/Route->runCallable()
#5 C:/Users/User/OneDrive/Documents/Albert/Testing-Implementasi/vendor/laravel/framework/src/Illuminate/Routing/Router.php(822): Illuminate/Routing/Route->run()
#6 C:/Users/User/OneDrive/Documents/Albert/Testing-Implementasi/vendor/laravel/framework/src/Illuminate/Pipeline/Pipeline.php(180): Illuminate/Routing/Router->{closure:Illuminate/Routing/Router::runRouteWithinStack():821}(Object(Illuminate/Http/Request))
#7 C:/Users/User/OneDrive/Documents/Albert/Testing-Implementasi/vendor/laravel/framework/src/Illuminate/Routing/Middleware/SubstituteBindings.php(50): Illuminate/Pipeline/Pipeline->{closure:Illuminate/Pipeline/Pipeline::prepareDestination():178}(Object(Illuminate/Http/Request))
#8 C:/Users/User/OneDrive/Documents/Albert/Testing-Implementasi/vendor/laravel/framework/src/Illuminate/Pipeline/Pipeline.php(219): Illuminate/Routing/Middleware/SubstituteBindings->handle(Object(Illuminate/Http/Request), Object(Closure))
#9 C:/Users/User/OneDrive/Documents/Albert/Testing-Implementasi/vendor/laravel/framework/src/Illuminate/Foundation/Http/Middleware/VerifyCsrfToken.php(87): Illuminate/Pipeline/Pipeline->{closure:{closure:Illuminate/Pipeline/Pipeline::carry():194}:195}(Object(Illuminate/Http/Request))
#10 C:/Users/User/OneDrive/Documents/Albert/Testing-Implementasi/vendor/laravel/framework/src/Illuminate/Pipeline/Pipeline.php(219): Illuminate/Foundation/Http/Middleware/VerifyCsrfToken->handle(Object(Illuminate/Http/Request), Object(Closure))
#11 C:/Users/User/OneDrive/Documents/Albert/Testing-Implementasi/vendor/laravel/framework/src/Illuminate/View/Middleware/ShareErrorsFromSession.php(48): Illuminate/Pipeline/Pipeline->{closure:{closure:Illuminate/Pipeline/Pipeline::carry():194}:195}(Object(Illuminate/Http/Request))
#12 C:/Users/User/OneDrive/Documents/Albert/Testing-Implementasi/vendor/laravel/framework/src/Illuminate/Pipeline/Pipeline.php(219): Illuminate/View/Middleware/ShareErrorsFromSession->handle(Object(Illuminate/Http/Request), Object(Closure))
#13 C:/Users/User/OneDrive/Documents/Albert/Testing-Implementasi/vendor/laravel/framework/src/Illuminate/Session/Middleware/StartSession.php(120): Illuminate/Pipeline/Pipeline->{closure:{closure:Illuminate/Pipeline/Pipeline::carry():194}:195}(Object(Illuminate/Http/Request))
#14 C:/Users/User/OneDrive/Documents/Albert/Testing-Implementasi/vendor/laravel/framework/src/Illuminate/Session/Middleware/StartSession.php(63): Illuminate/Session/Middleware/StartSession->handleStatefulRequest(Object(Illuminate/Http/Request), Object(Illuminate/Session/Store), Object(Closure))
#15 C:/Users/User/OneDrive/Documents/Albert/Testing-Implementasi/vendor/laravel/framework/src/Illuminate/Pipeline/Pipeline.php(219): Illuminate/Session/Middleware/StartSession->handle(Object(Illuminate/Http/Request), Object(Closure))
#16 C:/Users/User/OneDrive/Documents/Albert/Testing-Implementasi/vendor/laravel/framework/src/Illuminate/Cookie/Middleware/AddQueuedCookiesToResponse.php(36): Illuminate/Pipeline/Pipeline->{closure:{closure:Illuminate/Pipeline/Pipeline::carry():194}:195}(Object(Illuminate/Http/Request))
#17 C:/Users/User/OneDrive/Documents/Albert/Testing-Implementasi/vendor/laravel/framework/src/Illuminate/Pipeline/Pipeline.php(219): Illuminate/Cookie/Middleware/AddQueuedCookiesToResponse->handle(Object(Illuminate/Http/Request), Object(Closure))
#18 C:/Users/User/OneDrive/Documents/Albert/Testing-Implementasi/vendor/laravel/framework/src/Illuminate/Cookie/Middleware/EncryptCookies.php(74): Illuminate/Pipeline/Pipeline->{closure:{closure:Illuminate/Pipeline/Pipeline::carry():194}:195}(Object(Illuminate/Http/Request))
#19 C:/Users/User/OneDrive/Documents/Albert/Testing-Implementasi/vendor/laravel/framework/src/Illuminate/Pipeline/Pipeline.php(219): Illuminate/Cookie/Middleware/EncryptCookies->handle(Object(Illuminate/Http/Request), Object(Closure))
#20 C:/Users/User/OneDrive/Documents/Albert/Testing-Implementasi/vendor/laravel/framework/src/Illuminate/Pipeline/Pipeline.php(137): Illuminate/Pipeline/Pipeline->{closure:{closure:Illuminate/Pipeline/Pipeline::carry():194}:195}(Object(Illuminate/Http/Request))
#21 C:/Users/User/OneDrive/Documents/Albert/Testing-Implementasi/vendor/laravel/framework/src/Illuminate/Routing/Router.php(821): Illuminate/Pipeline/Pipeline->then(Object(Closure))
#22 C:/Users/User/OneDrive/Documents/Albert/Testing-Implementasi/vendor/laravel/framework/src/Illuminate/Routing/Router.php(800): Illuminate/Routing/Router->runRouteWithinStack(Object(Illuminate/Routing/Route), Object(Illuminate/Http/Request))
#23 C:/Users/User/OneDrive/Documents/Albert/Testing-Implementasi/vendor/laravel/framework/src/Illuminate/Routing/Router.php(764): Illuminate/Routing/Router->runRoute(Object(Illuminate/Http/Request), Object(Illuminate/Routing/Route))
#24 C:/Users/User/OneDrive/Documents/Albert/Testing-Implementasi/vendor/laravel/framework/src/Illuminate/Routing/Router.php(753): Illuminate/Routing/Router->dispatchToRoute(Object(Illuminate/Http/Request))
#25 C:/Users/User/OneDrive/Documents/Albert/Testing-Implementasi/vendor/laravel/framework/src/Illuminate/Foundation/Http/Kernel.php(200): Illuminate/Routing/Router->dispatch(Object(Illuminate/Http/Request))
#26 C:/Users/User/OneDrive/Documents/Albert/Testing-Implementasi/vendor/laravel/framework/src/Illuminate/Pipeline/Pipeline.php(180): Illuminate/Foundation/Http/Kernel->{closure:Illuminate/Foundation/Http/Kernel::dispatchToRouter():197}(Object(Illuminate/Http/Request))
#27 C:/Users/User/OneDrive/Documents/Albert/Testing-Implementasi/vendor/laravel/framework/src/Illuminate/Foundation/Http/Middleware/TransformsRequest.php(21): Illuminate/Pipeline/Pipeline->{closure:Illuminate/Pipeline/Pipeline::prepareDestination():178}(Object(Illuminate/Http/Request))
#28 C:/Users/User/OneDrive/Documents/Albert/Testing-Implementasi/vendor/laravel/framework/src/Illuminate/Foundation/Http/Middleware/ConvertEmptyStringsToNull.php(31): Illuminate/Foundation/Http/Middleware/TransformsRequest->handle(Object(Illuminate/Http/Request), Object(Closure))
#29 C:/Users/User/OneDrive/Documents/Albert/Testing-Implementasi/vendor/laravel/framework/src/Illuminate/Pipeline/Pipeline.php(219): Illuminate/Foundation/Http/Middleware/ConvertEmptyStringsToNull->handle(Object(Illuminate/Http/Request), Object(Closure))
#30 C:/Users/User/OneDrive/Documents/Albert/Testing-Implementasi/vendor/laravel/framework/src/Illuminate/Foundation/Http/Middleware/TransformsRequest.php(21): Illuminate/Pipeline/Pipeline->{closure:{closure:Illuminate/Pipeline/Pipeline::carry():194}:195}(Object(Illuminate/Http/Request))
#31 C:/Users/User/OneDrive/Documents/Albert/Testing-Implementasi/vendor/laravel/framework/src/Illuminate/Foundation/Http/Middleware/TrimStrings.php(51): Illuminate/Foundation/Http/Middleware/TransformsRequest->handle(Object(Illuminate/Http/Request), Object(Closure))
#32 C:/Users/User/OneDrive/Documents/Albert/Testing-Implementasi/vendor/laravel/framework/src/Illuminate/Pipeline/Pipeline.php(219): Illuminate/Foundation/Http/Middleware/TrimStrings->handle(Object(Illuminate/Http/Request), Object(Closure))
#33 C:/Users/User/OneDrive/Documents/Albert/Testing-Implementasi/vendor/laravel/framework/src/Illuminate/Http/Middleware/ValidatePostSize.php(27): Illuminate/Pipeline/Pipeline->{closure:{closure:Illuminate/Pipeline/Pipeline::carry():194}:195}(Object(Illuminate/Http/Request))
#34 C:/Users/User/OneDrive/Documents/Albert/Testing-Implementasi/vendor/laravel/framework/src/Illuminate/Pipeline/Pipeline.php(219): Illuminate/Http/Middleware/ValidatePostSize->handle(Object(Illuminate/Http/Request), Object(Closure))
#35 C:/Users/User/OneDrive/Documents/Albert/Testing-Implementasi/vendor/laravel/framework/src/Illuminate/Foundation/Http/Middleware/PreventRequestsDuringMaintenance.php(109): Illuminate/Pipeline/Pipeline->{closure:{closure:Illuminate/Pipeline/Pipeline::carry():194}:195}(Object(Illuminate/Http/Request))
#36 C:/Users/User/OneDrive/Documents/Albert/Testing-Implementasi/vendor/laravel/framework/src/Illuminate/Pipeline/Pipeline.php(219): Illuminate/Foundation/Http/Middleware/PreventRequestsDuringMaintenance->handle(Object(Illuminate/Http/Request), Object(Closure))
#37 C:/Users/User/OneDrive/Documents/Albert/Testing-Implementasi/vendor/laravel/framework/src/Illuminate/Http/Middleware/HandleCors.php(61): Illuminate/Pipeline/Pipeline->{closure:{closure:Illuminate/Pipeline/Pipeline::carry():194}:195}(Object(Illuminate/Http/Request))
#38 C:/Users/User/OneDrive/Documents/Albert/Testing-Implementasi/vendor/laravel/framework/src/Illuminate/Pipeline/Pipeline.php(219): Illuminate/Http/Middleware/HandleCors->handle(Object(Illuminate/Http/Request), Object(Closure))
#39 C:/Users/User/OneDrive/Documents/Albert/Testing-Implementasi/vendor/laravel/framework/src/Illuminate/Http/Middleware/TrustProxies.php(58): Illuminate/Pipeline/Pipeline->{closure:{closure:Illuminate/Pipeline/Pipeline::carry():194}:195}(Object(Illuminate/Http/Request))
#40 C:/Users/User/OneDrive/Documents/Albert/Testing-Implementasi/vendor/laravel/framework/src/Illuminate/Pipeline/Pipeline.php(219): Illuminate/Http/Middleware/TrustProxies->handle(Object(Illuminate/Http/Request), Object(Closure))
#41 C:/Users/User/OneDrive/Documents/Albert/Testing-Implementasi/vendor/laravel/framework/src/Illuminate/Foundation/Http/Middleware/InvokeDeferredCallbacks.php(22): Illuminate/Pipeline/Pipeline->{closure:{closure:Illuminate/Pipeline/Pipeline::carry():194}:195}(Object(Illuminate/Http/Request))
#42 C:/Users/User/OneDrive/Documents/Albert/Testing-Implementasi/vendor/laravel/framework/src/Illuminate/Pipeline/Pipeline.php(219): Illuminate/Foundation/Http/Middleware/InvokeDeferredCallbacks->handle(Object(Illuminate/Http/Request), Object(Closure))
#43 C:/Users/User/OneDrive/Documents/Albert/Testing-Implementasi/vendor/laravel/framework/src/Illuminate/Http/Middleware/ValidatePathEncoding.php(26): Illuminate/Pipeline/Pipeline->{closure:{closure:Illuminate/Pipeline/Pipeline::carry():194}:195}(Object(Illuminate/Http/Request))
#44 C:/Users/User/OneDrive/Documents/Albert/Testing-Implementasi/vendor/laravel/framework/src/Illuminate/Pipeline/Pipeline.php(219): Illuminate/Http/Middleware/ValidatePathEncoding->handle(Object(Illuminate/Http/Request), Object(Closure))
#45 C:/Users/User/OneDrive/Documents/Albert/Testing-Implementasi/vendor/laravel/framework/src/Illuminate/Pipeline/Pipeline.php(137): Illuminate/Pipeline/Pipeline->{closure:{closure:Illuminate/Pipeline/Pipeline::carry():194}:195}(Object(Illuminate/Http/Request))
#46 C:/Users/User/OneDrive/Documents/Albert/Testing-Implementasi/vendor/laravel/framework/src/Illuminate/Foundation/Http/Kernel.php(175): Illuminate/Pipeline/Pipeline->then(Object(Closure))
#47 C:/Users/User/OneDrive/Documents/Albert/Testing-Implementasi/vendor/laravel/framework/src/Illuminate/Foundation/Http/Kernel.php(144): Illuminate/Foundation/Http/Kernel->sendRequestThroughRouter(Object(Illuminate/Http/Request))
#48 C:/Users/User/OneDrive/Documents/Albert/Testing-Implementasi/vendor/laravel/framework/src/Illuminate/Foundation/Application.php(1220): Illuminate/Foundation/Http/Kernel->handle(Object(Illuminate/Http/Request))
#49 C:/Users/User/OneDrive/Documents/Albert/Testing-Implementasi/public/index.php(20): Illuminate/Foundation/Application->handleRequest(Object(Illuminate/Http/Request))
#50 C:/Users/User/OneDrive/Documents/Albert/Testing-Implementasi/vendor/laravel/framework/src/Illuminate/Foundation/resources/server.php(23): require_once('C://Users//User//O...')
#51 {main}
"} 
[2026-05-29 07:23:42] local.ERROR: Method Illuminate\Auth\SessionGuard::users does not exist. {"userId":13,"exception":"[object] (BadMethodCallException(code: 0): Method Illuminate\\Auth\\SessionGuard::users does not exist. at C:/Users/User/OneDrive/Documents/Albert/Testing-Implementasi/vendor/laravel/framework/src/Illuminate/Macroable/Traits/Macroable.php:117)
[stacktrace]
#0 C:/Users/User/OneDrive/Documents/Albert/Testing-Implementasi/vendor/laravel/framework/src/Illuminate/Auth/AuthManager.php(334): Illuminate/Auth/SessionGuard->__call('users', Array)
#1 C:/Users/User/OneDrive/Documents/Albert/Testing-Implementasi/routes/web.php(35): Illuminate/Auth/AuthManager->__call('users', Array)
#2 C:/Users/User/OneDrive/Documents/Albert/Testing-Implementasi/vendor/laravel/framework/src/Illuminate/Routing/CallableDispatcher.php(39): Illuminate/Routing/RouteFileRegistrar->{closure:C:/Users/User/OneDrive/Documents/Albert/Testing-Implementasi/routes/web.php:33}()
#3 C:/Users/User/OneDrive/Documents/Albert/Testing-Implementasi/vendor/laravel/framework/src/Illuminate/Routing/Route.php(243): Illuminate/Routing/CallableDispatcher->dispatch(Object(Illuminate/Routing/Route), Object(Closure))
#4 C:/Users/User/OneDrive/Documents/Albert/Testing-Implementasi/vendor/laravel/framework/src/Illuminate/Routing/Route.php(214): Illuminate/Routing/Route->runCallable()
#5 C:/Users/User/OneDrive/Documents/Albert/Testing-Implementasi/vendor/laravel/framework/src/Illuminate/Routing/Router.php(822): Illuminate/Routing/Route->run()
#6 C:/Users/User/OneDrive/Documents/Albert/Testing-Implementasi/vendor/laravel/framework/src/Illuminate/Pipeline/Pipeline.php(180): Illuminate/Routing/Router->{closure:Illuminate/Routing/Router::runRouteWithinStack():821}(Object(Illuminate/Http/Request))
#7 C:/Users/User/OneDrive/Documents/Albert/Testing-Implementasi/vendor/laravel/framework/src/Illuminate/Routing/Middleware/SubstituteBindings.php(50): Illuminate/Pipeline/Pipeline->{closure:Illuminate/Pipeline/Pipeline::prepareDestination():178}(Object(Illuminate/Http/Request))
#8 C:/Users/User/OneDrive/Documents/Albert/Testing-Implementasi/vendor/laravel/framework/src/Illuminate/Pipeline/Pipeline.php(219): Illuminate/Routing/Middleware/SubstituteBindings->handle(Object(Illuminate/Http/Request), Object(Closure))
#9 C:/Users/User/OneDrive/Documents/Albert/Testing-Implementasi/vendor/laravel/framework/src/Illuminate/Foundation/Http/Middleware/VerifyCsrfToken.php(87): Illuminate/Pipeline/Pipeline->{closure:{closure:Illuminate/Pipeline/Pipeline::carry():194}:195}(Object(Illuminate/Http/Request))
#10 C:/Users/User/OneDrive/Documents/Albert/Testing-Implementasi/vendor/laravel/framework/src/Illuminate/Pipeline/Pipeline.php(219): Illuminate/Foundation/Http/Middleware/VerifyCsrfToken->handle(Object(Illuminate/Http/Request), Object(Closure))
#11 C:/Users/User/OneDrive/Documents/Albert/Testing-Implementasi/vendor/laravel/framework/src/Illuminate/View/Middleware/ShareErrorsFromSession.php(48): Illuminate/Pipeline/Pipeline->{closure:{closure:Illuminate/Pipeline/Pipeline::carry():194}:195}(Object(Illuminate/Http/Request))
#12 C:/Users/User/OneDrive/Documents/Albert/Testing-Implementasi/vendor/laravel/framework/src/Illuminate/Pipeline/Pipeline.php(219): Illuminate/View/Middleware/ShareErrorsFromSession->handle(Object(Illuminate/Http/Request), Object(Closure))
#13 C:/Users/User/OneDrive/Documents/Albert/Testing-Implementasi/vendor/laravel/framework/src/Illuminate/Session/Middleware/StartSession.php(120): Illuminate/Pipeline/Pipeline->{closure:{closure:Illuminate/Pipeline/Pipeline::carry():194}:195}(Object(Illuminate/Http/Request))
#14 C:/Users/User/OneDrive/Documents/Albert/Testing-Implementasi/vendor/laravel/framework/src/Illuminate/Session/Middleware/StartSession.php(63): Illuminate/Session/Middleware/StartSession->handleStatefulRequest(Object(Illuminate/Http/Request), Object(Illuminate/Session/Store), Object(Closure))
#15 C:/Users/User/OneDrive/Documents/Albert/Testing-Implementasi/vendor/laravel/framework/src/Illuminate/Pipeline/Pipeline.php(219): Illuminate/Session/Middleware/StartSession->handle(Object(Illuminate/Http/Request), Object(Closure))
#16 C:/Users/User/OneDrive/Documents/Albert/Testing-Implementasi/vendor/laravel/framework/src/Illuminate/Cookie/Middleware/AddQueuedCookiesToResponse.php(36): Illuminate/Pipeline/Pipeline->{closure:{closure:Illuminate/Pipeline/Pipeline::carry():194}:195}(Object(Illuminate/Http/Request))
#17 C:/Users/User/OneDrive/Documents/Albert/Testing-Implementasi/vendor/laravel/framework/src/Illuminate/Pipeline/Pipeline.php(219): Illuminate/Cookie/Middleware/AddQueuedCookiesToResponse->handle(Object(Illuminate/Http/Request), Object(Closure))
#18 C:/Users/User/OneDrive/Documents/Albert/Testing-Implementasi/vendor/laravel/framework/src/Illuminate/Cookie/Middleware/EncryptCookies.php(74): Illuminate/Pipeline/Pipeline->{closure:{closure:Illuminate/Pipeline/Pipeline::carry():194}:195}(Object(Illuminate/Http/Request))
#19 C:/Users/User/OneDrive/Documents/Albert/Testing-Implementasi/vendor/laravel/framework/src/Illuminate/Pipeline/Pipeline.php(219): Illuminate/Cookie/Middleware/EncryptCookies->handle(Object(Illuminate/Http/Request), Object(Closure))
#20 C:/Users/User/OneDrive/Documents/Albert/Testing-Implementasi/vendor/laravel/framework/src/Illuminate/Pipeline/Pipeline.php(137): Illuminate/Pipeline/Pipeline->{closure:{closure:Illuminate/Pipeline/Pipeline::carry():194}:195}(Object(Illuminate/Http/Request))
#21 C:/Users/User/OneDrive/Documents/Albert/Testing-Implementasi/vendor/laravel/framework/src/Illuminate/Routing/Router.php(821): Illuminate/Pipeline/Pipeline->then(Object(Closure))
#22 C:/Users/User/OneDrive/Documents/Albert/Testing-Implementasi/vendor/laravel/framework/src/Illuminate/Routing/Router.php(800): Illuminate/Routing/Router->runRouteWithinStack(Object(Illuminate/Routing/Route), Object(Illuminate/Http/Request))
#23 C:/Users/User/OneDrive/Documents/Albert/Testing-Implementasi/vendor/laravel/framework/src/Illuminate/Routing/Router.php(764): Illuminate/Routing/Router->runRoute(Object(Illuminate/Http/Request), Object(Illuminate/Routing/Route))
#24 C:/Users/User/OneDrive/Documents/Albert/Testing-Implementasi/vendor/laravel/framework/src/Illuminate/Routing/Router.php(753): Illuminate/Routing/Router->dispatchToRoute(Object(Illuminate/Http/Request))
#25 C:/Users/User/OneDrive/Documents/Albert/Testing-Implementasi/vendor/laravel/framework/src/Illuminate/Foundation/Http/Kernel.php(200): Illuminate/Routing/Router->dispatch(Object(Illuminate/Http/Request))
#26 C:/Users/User/OneDrive/Documents/Albert/Testing-Implementasi/vendor/laravel/framework/src/Illuminate/Pipeline/Pipeline.php(180): Illuminate/Foundation/Http/Kernel->{closure:Illuminate/Foundation/Http/Kernel::dispatchToRouter():197}(Object(Illuminate/Http/Request))
#27 C:/Users/User/OneDrive/Documents/Albert/Testing-Implementasi/vendor/laravel/framework/src/Illuminate/Foundation/Http/Middleware/TransformsRequest.php(21): Illuminate/Pipeline/Pipeline->{closure:Illuminate/Pipeline/Pipeline::prepareDestination():178}(Object(Illuminate/Http/Request))
#28 C:/Users/User/OneDrive/Documents/Albert/Testing-Implementasi/vendor/laravel/framework/src/Illuminate/Foundation/Http/Middleware/ConvertEmptyStringsToNull.php(31): Illuminate/Foundation/Http/Middleware/TransformsRequest->handle(Object(Illuminate/Http/Request), Object(Closure))
#29 C:/Users/User/OneDrive/Documents/Albert/Testing-Implementasi/vendor/laravel/framework/src/Illuminate/Pipeline/Pipeline.php(219): Illuminate/Foundation/Http/Middleware/ConvertEmptyStringsToNull->handle(Object(Illuminate/Http/Request), Object(Closure))
#30 C:/Users/User/OneDrive/Documents/Albert/Testing-Implementasi/vendor/laravel/framework/src/Illuminate/Foundation/Http/Middleware/TransformsRequest.php(21): Illuminate/Pipeline/Pipeline->{closure:{closure:Illuminate/Pipeline/Pipeline::carry():194}:195}(Object(Illuminate/Http/Request))
#31 C:/Users/User/OneDrive/Documents/Albert/Testing-Implementasi/vendor/laravel/framework/src/Illuminate/Foundation/Http/Middleware/TrimStrings.php(51): Illuminate/Foundation/Http/Middleware/TransformsRequest->handle(Object(Illuminate/Http/Request), Object(Closure))
#32 C:/Users/User/OneDrive/Documents/Albert/Testing-Implementasi/vendor/laravel/framework/src/Illuminate/Pipeline/Pipeline.php(219): Illuminate/Foundation/Http/Middleware/TrimStrings->handle(Object(Illuminate/Http/Request), Object(Closure))
#33 C:/Users/User/OneDrive/Documents/Albert/Testing-Implementasi/vendor/laravel/framework/src/Illuminate/Http/Middleware/ValidatePostSize.php(27): Illuminate/Pipeline/Pipeline->{closure:{closure:Illuminate/Pipeline/Pipeline::carry():194}:195}(Object(Illuminate/Http/Request))
#34 C:/Users/User/OneDrive/Documents/Albert/Testing-Implementasi/vendor/laravel/framework/src/Illuminate/Pipeline/Pipeline.php(219): Illuminate/Http/Middleware/ValidatePostSize->handle(Object(Illuminate/Http/Request), Object(Closure))
#35 C:/Users/User/OneDrive/Documents/Albert/Testing-Implementasi/vendor/laravel/framework/src/Illuminate/Foundation/Http/Middleware/PreventRequestsDuringMaintenance.php(109): Illuminate/Pipeline/Pipeline->{closure:{closure:Illuminate/Pipeline/Pipeline::carry():194}:195}(Object(Illuminate/Http/Request))
#36 C:/Users/User/OneDrive/Documents/Albert/Testing-Implementasi/vendor/laravel/framework/src/Illuminate/Pipeline/Pipeline.php(219): Illuminate/Foundation/Http/Middleware/PreventRequestsDuringMaintenance->handle(Object(Illuminate/Http/Request), Object(Closure))
#37 C:/Users/User/OneDrive/Documents/Albert/Testing-Implementasi/vendor/laravel/framework/src/Illuminate/Http/Middleware/HandleCors.php(61): Illuminate/Pipeline/Pipeline->{closure:{closure:Illuminate/Pipeline/Pipeline::carry():194}:195}(Object(Illuminate/Http/Request))
#38 C:/Users/User/OneDrive/Documents/Albert/Testing-Implementasi/vendor/laravel/framework/src/Illuminate/Pipeline/Pipeline.php(219): Illuminate/Http/Middleware/HandleCors->handle(Object(Illuminate/Http/Request), Object(Closure))
#39 C:/Users/User/OneDrive/Documents/Albert/Testing-Implementasi/vendor/laravel/framework/src/Illuminate/Http/Middleware/TrustProxies.php(58): Illuminate/Pipeline/Pipeline->{closure:{closure:Illuminate/Pipeline/Pipeline::carry():194}:195}(Object(Illuminate/Http/Request))
#40 C:/Users/User/OneDrive/Documents/Albert/Testing-Implementasi/vendor/laravel/framework/src/Illuminate/Pipeline/Pipeline.php(219): Illuminate/Http/Middleware/TrustProxies->handle(Object(Illuminate/Http/Request), Object(Closure))
#41 C:/Users/User/OneDrive/Documents/Albert/Testing-Implementasi/vendor/laravel/framework/src/Illuminate/Foundation/Http/Middleware/InvokeDeferredCallbacks.php(22): Illuminate/Pipeline/Pipeline->{closure:{closure:Illuminate/Pipeline/Pipeline::carry():194}:195}(Object(Illuminate/Http/Request))
#42 C:/Users/User/OneDrive/Documents/Albert/Testing-Implementasi/vendor/laravel/framework/src/Illuminate/Pipeline/Pipeline.php(219): Illuminate/Foundation/Http/Middleware/InvokeDeferredCallbacks->handle(Object(Illuminate/Http/Request), Object(Closure))
#43 C:/Users/User/OneDrive/Documents/Albert/Testing-Implementasi/vendor/laravel/framework/src/Illuminate/Http/Middleware/ValidatePathEncoding.php(26): Illuminate/Pipeline/Pipeline->{closure:{closure:Illuminate/Pipeline/Pipeline::carry():194}:195}(Object(Illuminate/Http/Request))
#44 C:/Users/User/OneDrive/Documents/Albert/Testing-Implementasi/vendor/laravel/framework/src/Illuminate/Pipeline/Pipeline.php(219): Illuminate/Http/Middleware/ValidatePathEncoding->handle(Object(Illuminate/Http/Request), Object(Closure))
#45 C:/Users/User/OneDrive/Documents/Albert/Testing-Implementasi/vendor/laravel/framework/src/Illuminate/Pipeline/Pipeline.php(137): Illuminate/Pipeline/Pipeline->{closure:{closure:Illuminate/Pipeline/Pipeline::carry():194}:195}(Object(Illuminate/Http/Request))
#46 C:/Users/User/OneDrive/Documents/Albert/Testing-Implementasi/vendor/laravel/framework/src/Illuminate/Foundation/Http/Kernel.php(175): Illuminate/Pipeline/Pipeline->then(Object(Closure))
#47 C:/Users/User/OneDrive/Documents/Albert/Testing-Implementasi/vendor/laravel/framework/src/Illuminate/Foundation/Http/Kernel.php(144): Illuminate/Foundation/Http/Kernel->sendRequestThroughRouter(Object(Illuminate/Http/Request))
#48 C:/Users/User/OneDrive/Documents/Albert/Testing-Implementasi/vendor/laravel/framework/src/Illuminate/Foundation/Application.php(1220): Illuminate/Foundation/Http/Kernel->handle(Object(Illuminate/Http/Request))
#49 C:/Users/User/OneDrive/Documents/Albert/Testing-Implementasi/public/index.php(20): Illuminate/Foundation/Application->handleRequest(Object(Illuminate/Http/Request))
#50 C:/Users/User/OneDrive/Documents/Albert/Testing-Implementasi/vendor/laravel/framework/src/Illuminate/Foundation/resources/server.php(23): require_once('C://Users//User//O...')
#51 {main}
"} 
